ID,TimeStep,Feature1,Feature2,Target
1,0,-0.26790130625544417,0.35525527334890716,-0.1834218316794518
2,1,0.9598839873094814,-0.18757441927079024,-3.2802137967891998
3,2,0.354067429908908,-0.1540304336230583,3.6371697995138903
4,3,-1.2503841824957747,0.44938659068662723,-5.965261617199464
5,4,1.3742996215680157,-1.118660226049003,0.816653494763877
6,5,1.9707178169581616,-0.5752300632594276,3.8050687074549527
7,6,-1.166332115703712,0.9588848384747816,2.2961900611475192
8,7,1.3420527610827295,1.0475267862451583,5.827782962419022
9,8,-2.9068738312986553,2.1301359182878734,-3.1170102264590067
10,9,-0.757067014131979,0.9213309204159043,-2.9007026753552934
11,10,1.2792838054296378,-0.8022110966197572,-3.8434268804467653
12,11,-0.8341098757835052,-0.7023463847940539,-2.8294594622134817
13,12,-1.5395784807098418,-2.254545683205797,-7.518279245875458
14,13,0.6995525819920925,-0.706048950492215,2.185199075594442
15,14,-0.6584265688798061,-0.8548441278663905,0.10793445888358089
16,15,-0.6363227303561445,-0.10111313370351974,4.4306441956441995
17,16,1.5890074000556795,-0.6020909546255526,-0.8934836472807979
18,17,0.4566738666402798,-0.5636405477089512,-1.432757426997583
19,18,1.3489187391738369,-0.8120128938419945,5.769822375249769
20,19,-0.39387780579773723,-0.2608717221544444,2.908808328131677
21,20,1.1549257513805549,-0.9892056163686611,6.489429555786788
22,21,0.5896509854634466,0.8075483327327893,1.8719815458880573
23,22,0.072757256541422,-0.10804062249158716,3.2434607121907346
24,23,0.8138014989134065,0.06753527587729197,0.23310477558301596
25,24,1.2432238806545133,0.5806437813141927,6.317361555102242
26,25,-0.718082993154977,-1.25515000897685,-4.3445235238252655
27,26,-0.035561591452907715,1.7847749217206288,-2.677567039477311
28,27,-2.1281039760178686,-1.556682535838721,-9.065178205135277
29,28,0.17044785067435606,-0.2883020613137854,-4.074452023478497
30,29,2.9584214840385408,1.1731377673035026,0.5009656160256919
31,30,-1.0818647228167264,0.27120612088934964,1.6589680384993493
32,31,0.10229614115653363,-1.07769735286456,-2.563351879333375
33,32,-0.6390336995761828,-0.3608904515189816,-4.902831223311615
34,33,-2.0599737706896857,-0.640184686430618,-3.437938606853597
35,34,-0.6282757839486713,0.6012337121394976,-5.778757283785732
36,35,-0.7565519125121355,0.5849367007611813,-0.26029876574158495
37,36,-0.4495885473223763,0.6606582494157652,5.1053355803781315
38,37,-1.5592178405016413,1.4316460570577783,0.610856035942521
39,38,-0.31022898232040386,1.0205988395940235,2.3121265637757813
40,39,-0.8225354113135742,-0.7673139878032803,-1.6628452325582115
41,40,0.44801806769545566,0.2514699598732604,-0.11545751971770574
42,41,0.371375311588532,0.0047686576503877766,0.09928283396956106
43,42,-0.9558929778590475,-0.04402378748996567,-5.046530749086301
44,43,0.5559825802059684,-0.20933820042343798,-4.1820520985353715
45,44,0.12010762632121535,0.5697003323895122,-2.6939087547406784
46,45,0.3411965349583023,0.4337349590020359,0.42018775179208556
47,46,1.369189321895754,-0.8059044877857594,-2.2375237692093832
48,47,-1.447501702276965,1.4484470857009217,3.9850058024014223
49,48,-1.5709448521743834,1.6394871582829826,-1.3605315933797533
50,49,1.3964812248892464,1.3746989293769116,4.575116055220211
51,50,0.5439704379162009,-1.4403501102307852,-5.450804123380481
52,51,0.20441960325488917,-0.8016325177447913,-2.2924839681764895
53,52,-1.2597360963659052,-1.5945787273938121,-0.11118830161303964
54,53,-0.7129880191614854,0.8052789928291602,0.0970772104127331
55,54,-1.3936842847886106,-0.22260393573467568,-3.6642514861478857
56,55,-0.8738506953665905,-1.3207665706714926,-0.8879941026662408
57,56,-0.529768811897487,-0.6391160954403854,1.1827961129657854
58,57,0.7588823734074422,1.936104835308998,2.242550824500169
59,58,-1.8623012968251893,0.3393764403114307,3.5986544120872477
60,59,-0.29495087306477574,0.49045194235309153,4.62256608856438
61,60,-0.8467394621408482,-1.425665258054581,-2.3937128912688967
62,61,-1.3202347363148634,0.7869493495290831,2.013266347879387
63,62,2.294382068863943,-2.1874010411152724,-2.7850505119949123
64,63,0.7398060757671805,0.2132920551302528,-4.87843186541116
65,64,-1.6710197896587657,-0.9641662327934116,-1.1077865540346297
66,65,0.9591886389823288,-0.3022910995669349,4.498156485509776
67,66,0.6304988969018751,-1.311221561221062,1.72029626022164
68,67,-0.5706556901571824,-0.21051765302399011,-0.31782561013067956
69,68,0.49958150956315533,-0.20889222356343357,0.5271878485322091
70,69,-0.7304262867737538,-0.48763474631856085,5.666294567073855
71,70,0.5141704793985215,2.8404409492849787,3.5428034426006256
72,71,1.1335240026863491,-1.0411331341361825,2.110951500360366
73,72,0.6134212285063897,0.7896498317547352,1.276930569431922
74,73,-0.32583172764849067,-0.26297252479999755,0.524352613549743
75,74,0.07325664354407947,1.0912603487145032,3.2059996396406247
76,75,1.179039980721324,-0.8739944576409588,-3.4746058933289294
77,76,-1.2594583259977437,-0.9840577608755559,-4.539663944230637
78,77,0.18839556843731933,-0.42713429195997576,-5.573363983840611
79,78,0.4474361296567727,-1.1908757716907785,-0.02940860699789105
80,79,-0.31116546280749835,-1.2339949239964483,-11.441979430231049
81,80,-0.10239309004862618,1.2614826580558434,3.626310553991406
82,81,-0.5959143525327072,1.4987799758985032,-4.2037751411118265
83,82,-0.17179785090512187,-0.2718747499406243,-3.3661577755873706
84,83,-0.20230293277213598,-0.8943213065551086,-0.21057082363197543
85,84,0.8619451030287293,-0.560622282275792,8.503106292755058
86,85,1.1672870063031362,-0.6687597828645788,7.344888645183406
87,86,1.5942350068115778,-1.4050556386535178,4.890269650143848
88,87,-0.13937135201598583,-1.2435504760001983,5.519972979777379
89,88,-0.3263696491823429,0.4575522161661034,5.166137506353172
90,89,0.9742386073917518,0.3264815058082545,4.815543615582412
91,90,-0.3418297351625272,0.38509858356487126,-3.889254416964125
92,91,-0.6151743379434564,-0.8199488623872125,2.166925358317034
93,92,-0.9764612518403389,0.49004702283039747,-3.3189288090006985
94,93,1.8212959651305904,1.0055345708732792,8.302835935994027
95,94,0.961397266753764,-0.30173669253861884,3.360563929612557
96,95,-1.2190154415086503,-1.1593484022524638,-2.9430544619596004
97,96,-0.5575670570632527,-0.3408663161390471,-1.4012342695272273
98,97,-0.11246256534363228,-0.908248376086964,-5.897184776519343
99,98,-0.7519133910578447,0.46398824054370863,0.34715488091692914
100,99,-0.13424279290878893,-0.49974303129710124,2.6619598483529767
101,100,1.9488796488481521,0.9380224852695805,3.679319466621113
102,101,-0.6219664547887591,-0.48792084856659396,-4.948522739518532
103,102,-1.1269600385926648,2.2346230505539473,0.6122216709642876
104,103,0.0007762162541543421,0.4850430895083138,-0.3368998513801521
105,104,-0.2663719114168597,-1.3927754170659112,-0.7517441887360659
106,105,0.32084949318107114,-0.22872148324263464,1.5086510962152944
107,106,-0.417949817170164,-0.4455463532165308,2.8626193072307564
108,107,0.32735610410055377,-1.3406689203685327,-0.6529089826049557
109,108,-0.29550541595786295,-1.2485543622687616,-4.158618437487555
110,109,-0.615408941910679,1.8384447839181848,4.3585277749700815
111,110,-1.3901716816233318,2.2272761821228824,2.253382990626286
112,111,-0.18416756048651556,-1.171919125496946,1.1056390995487357
113,112,2.309109759939355,1.4190438207173617,5.993148948740368
114,113,-0.6531844851017091,2.0786161095644786,1.5671681548336358
115,114,0.5608105539252431,-3.2230271080449358,-3.044124942673853
116,115,0.06367987546583227,-0.39229020337353127,-3.664618448939588
117,116,0.5672333605519351,-1.393352222654344,0.47230171237362106
118,117,-1.1057648868375183,0.23482959762132743,4.544251097401194
119,118,0.7198589688933561,0.47052693154290004,2.751909869151586
120,119,-0.05044525917193683,-1.195825768020775,-0.34862060088705327
121,120,-0.12575413553161052,0.08938927379045002,-2.190860000355369
122,121,-0.23458951702204453,0.6472872088841575,4.310969380892038
123,122,0.8784074331552245,-0.43555850651574407,2.841500269237839
124,123,-1.0867391380733116,1.2766843030380812,2.922370607138154
125,124,0.8960855392795826,-1.3864860482751984,0.24476980416907695
126,125,0.7945690088422555,-1.5284035921775594,-1.2432174549700257
127,126,-0.6274908164809166,-0.17076765089182716,-4.316949269373975
128,127,0.29723153303267824,-0.8848146407086299,-2.123386035764949
129,128,-0.1332067291642112,-1.7412088914496944,-0.5270886420849441
130,129,0.7013899245352476,-1.124839167165425,3.774752287472482
131,130,-0.2512343264526134,-0.3491431166307057,-1.1283832897039305
132,131,0.06890105371787018,-1.0899662256528138,-0.9106748216965507
133,132,0.20999031530711817,0.10768557188963161,3.709087406533854
134,133,-0.6238886825934876,-0.09476670490525553,-2.2062119171791377
135,134,-0.328775695062032,-0.6876730513767747,2.2706035668447573
136,135,-0.660359818779154,0.12467215884024821,-0.02060336431578394
137,136,-1.5781163708448047,2.796812422178699,4.020908625675242
138,137,-0.7961038422694365,-0.2588214855989708,-3.9860013837509998
139,138,0.0774531860960084,-0.9215865238193975,0.1257554820017429
140,139,-1.2880404705018993,1.6110381716792053,-4.188542986686709
141,140,-1.3603459033425367,0.03360476864174195,-4.441058911815004
142,141,-0.41520556401093944,-0.8171997916058397,-4.272973244061873
143,142,-0.16238991369433212,0.7019390483274554,-1.7279241684791962
144,143,-1.4003979231243144,-1.7641197019151997,-5.130937394906991
145,144,-0.6851999445430028,-0.9980051667703495,-2.8564797177158794
146,145,-2.645530076195405,-0.4509419139998569,-1.5929263307676966
147,146,-0.025267111183103035,-0.6058570488509654,1.0234559910180527
148,147,1.7092182052905704,0.7352824863811092,8.279393888304186
149,148,-0.07755279440849297,-2.4349532904379907,-2.794631363175556
150,149,0.5931733371102249,-0.283385707414392,-3.7559140118468024
151,150,1.4663874612977197,0.08597680334695228,3.5254665580407565
152,151,-0.2537349153653239,0.9293566931044016,-0.11675351927380229
153,152,-0.8747648317344011,-0.4058033062731134,-0.9323074710493213
154,153,0.40290943643918,0.7410855926223934,1.4925947262393164
155,154,-1.2408388510853634,-0.21207426116933728,-1.964367902346909
156,155,0.40448080578422285,0.32668531345542756,4.552357910594245
157,156,-0.9991957812412441,1.2909206004851472,-3.6825263317654677
158,157,1.0794329375936753,-0.4495025708191568,2.662058531616184
159,158,0.5749767045271379,-0.5143175274822921,-2.740820014027642
160,159,-0.44263702689687817,0.5587990305574688,0.09685689289219271
161,160,-1.104637301763025,-0.12102824036002613,0.4286983368331141
162,161,0.09047636771334844,-0.32526231564513886,-3.307249404385421
163,162,-0.13769609449145134,0.8107856460695511,-2.1261858786881005
164,163,0.2589284566995656,0.3892016795524406,-0.3657402983572918
165,164,0.7680469224466692,-0.12328663152643092,-6.1373665537922335
166,165,-0.5752663002611722,-0.2068126118357459,-0.16454522233435576
167,166,-0.27889903871432825,-2.152454943588527,-2.656968834921196
168,167,0.1430899189678641,0.8575795275722508,2.0324808443417846
169,168,-0.24670804956849468,0.20075780086777623,-0.09535492105795862
170,169,-0.8223356902693003,-2.744293487057041,-4.015545267594419
171,170,-2.5191978296154978,1.1216838146065022,-3.038052558708549
172,171,-0.4192586256035797,0.9040571054268294,-0.8514531825790612
173,172,-1.1357080514966353,0.49129605106384416,-0.883043569022365
174,173,0.5790809195062034,1.6840457024675866,-0.4872470186912843
175,174,0.6567521833659311,1.574431175728518,2.4020562176086537
176,175,-1.1251873057771833,0.6433230376336083,-1.613983737244704
177,176,-0.531687340280372,-1.516734343602566,0.24170202203759317
178,177,0.42452587417024673,-0.29076614507451415,-3.6093079268561703
179,178,-1.9779550402293644,-0.7007317951621285,-4.241078274717173
180,179,-0.4727231836595192,-0.9726486923365353,1.6457326259318692
181,180,0.8537342071985741,-0.13562069622200454,-2.0398558254591634
182,181,-0.44290622786220274,-0.9132770278975216,1.0900160889818078
183,182,0.5874909112747909,-1.5281243044289583,-5.845450689039592
184,183,1.0704129843369075,-0.3263889676875048,7.97204222787122
185,184,0.3034621842429425,0.7192255873091385,-0.4541418652037638
186,185,-0.6975836216614012,0.19790988786831445,-2.9330383882165663
187,186,-0.06782679402432819,0.9701741753444942,1.4608943007072854
188,187,1.2841784384188792,-0.8492025659254805,0.07428428788176822
189,188,-0.6517541485620456,-0.8289835773019655,-1.3685284974919403
190,189,-0.7677982670751857,0.6297934467658055,-1.9270387192621754
191,190,0.4263643298666514,-0.2195148760697541,0.5116284151183927
192,191,1.015436257508549,0.1827444086041087,-4.983935067384539
193,192,-1.3524525932426716,1.3600835837010286,4.843912655698555
194,193,1.1699016548567187,-0.8731214325859428,-3.0590583530399544
195,194,0.4814599080152967,-0.9803345841963812,-1.0429927901470628
196,195,1.3936598864370258,0.9814494476640547,0.7975611221175282
197,196,0.46089061605015363,-0.722316636685677,4.779980546946231
198,197,-1.0476873290410542,-0.8767513808473514,-2.884170291033983
199,198,1.1291226120855247,-0.9782864718766804,-2.363194612242392
200,199,-0.39898564422466914,-0.40819531197484227,-2.391472261188875
201,200,1.770684639406554,2.0435194225868605,3.707576443258485
202,201,-0.45471020070876395,0.28692001829955427,1.1991133661909466
203,202,-1.252755696405004,0.3002535146293779,-0.5803352620723896
204,203,-0.40721470387283976,0.6532053415585637,1.5144228731791793
205,204,0.3047164193229705,0.028781746617667286,-1.9079574043914838
206,205,0.7704972451974967,-0.06227511020698273,8.278842279890146
207,206,-1.2306282153450983,-0.4429307916094926,-5.67745441647114
208,207,-0.580896343203447,1.6920274308509757,1.9657413229474352
209,208,0.4695462424971038,-1.1853361229278496,-3.5049534662873425
210,209,-0.49095886652318216,-0.8064990663066754,5.486073291042414
211,210,2.112538630520462,1.759440333474644,3.510914636664862
212,211,0.3238337040975985,1.0723616066856365,-1.5264945072899476
213,212,-0.37172268218354676,-0.7591583747680031,3.858445366724714
214,213,-0.6157192312911505,-1.470434008883635,-0.756921034461599
215,214,0.08336962461163587,-1.2084669579382952,1.979286457651489
216,215,-1.8208548439525785,0.21920634277001452,-6.296322727573736
217,216,1.3355134519533387,1.7665781541193146,1.114700255382965
218,217,0.8798156894580503,1.0176776988366876,3.258813289988598
219,218,-0.7217147290424969,-1.4638543249161928,-3.818274404748228
220,219,0.9713348908947247,-0.49899695878210754,-6.458882146829475
221,220,-0.3473034315222518,-0.43879855681189567,1.6769367555503432
222,221,-2.4245823009221383,-0.09932273239129039,-7.721906811548819
223,222,1.122780014528868,0.1843284391624036,2.9726209303462525
224,223,0.034218695237450865,-1.0435596598180723,5.5075860007357
225,224,0.47688619286418427,1.3666803327189017,-0.6297378619505443
226,225,-0.40992066772346536,1.4396262449260984,-2.3000409955165324
227,226,0.1701487190939283,-2.8248768043688584,0.3214109270844504
228,227,0.7445512477484892,-0.6883166625970963,1.2118093537494243
229,228,1.2289604570708865,-0.6866263361650443,-4.893836641391559
230,229,0.7605830564211238,0.9096183016577967,-1.384924738204007
231,230,0.02333081799226994,0.3930693417835412,-4.694000292833771
232,231,-1.4889336977719396,0.8661444605572723,5.419064094664884
233,232,0.3666024207515081,0.39867776598299504,-0.011913112942371962
234,233,-1.8658304673432071,0.2560559662435841,4.584686780097704
235,234,-1.092960620718008,1.4697603066941658,-3.291990557607325
236,235,0.13061388825624504,0.6767477317215796,2.947186786849177
237,236,0.30389199141422324,0.2919011499563472,-0.8457859060763431
238,237,-0.580360068518671,0.6794927312341186,0.6663348562722774
239,238,0.2764996106573574,0.379829006457229,1.3421217205606855
240,239,2.838335160882244,0.173182877726899,6.18224907078134
241,240,1.4028701682404356,0.125291276793941,-1.7717087364731254
242,241,-0.41556728373201646,-0.26323181681939894,-0.6893261910351578
243,242,-0.4865107954937405,0.30342535341513743,2.152278640494628
244,243,0.9305019476725751,3.249929440781966,4.544017209745592
245,244,-1.673871253063598,-0.7413432244362829,-4.9930516302423795
246,245,-1.142436829105366,-0.6601754609602805,0.1055248910821589
247,246,-0.5971022090721045,-0.008518276883721828,1.0611473849907218
248,247,-0.7398478629107063,0.48616441984980874,-2.284304038440882
249,248,-0.3845110350272009,0.05880848841253809,-2.933526959969372
250,249,-1.3180661144860284,0.0010938121432829792,-2.507024304241485
251,250,-0.1135975505745698,-0.4906998285728688,0.41480088678835525
252,251,-0.7870427962090766,-1.1125269543974388,-4.21286119994153
253,252,-2.005705154031701,-1.2989643009246898,-2.4533980964640483
254,253,1.2878294606279819,-1.1247496302849431,0.1402902031149975
255,254,-0.21421466841702175,-1.1356167587171366,-5.3301728586544295
256,255,-0.7210020414503028,-0.8026861967886815,-1.0688969188137392
257,256,-0.29782997756204976,-0.7519169373809393,-6.929518744112819
258,257,0.44474464610784337,-0.6636982825007286,-1.8056550316546272
259,258,1.172386503862908,-1.1610021260351646,-0.7709922761655349
260,259,-0.5912086279670951,-0.3591313628054415,2.1051591927185447
261,260,1.7527582711740255,0.2203149333599923,0.8151188238966369
262,261,0.024926619885374465,1.0561728789145886,0.21467611176219714
263,262,0.1047974091494394,0.3586440008663954,-1.3905994969192097
264,263,-1.3762175806288495,-0.3081840351077937,-2.2928903327634753
265,264,0.861237027271808,0.14795462931197267,2.494201578549707
266,265,-0.08389898128751778,0.7207238150889178,2.8462482987960662
267,266,-1.057952075130039,-1.3686826544429798,2.6521503968739752
268,267,0.24316179043949193,0.2983335791755405,-2.8372501038963014
269,268,-0.0717851475192114,0.17223565173670924,-0.14618836604787372
270,269,-0.9460093542611964,-1.0424877561805326,0.4014860063274829
271,270,-0.6131650787326831,-1.2995369153218062,5.797644546785543
272,271,1.575514423618284,1.6909282682390492,6.223095581448605
273,272,-1.1620280742930518,0.2841746048071062,-2.144167756215339
274,273,0.15969105305876907,-1.5274568997082782,1.6328638036390568
275,274,-0.7289147843164915,-0.85264929824345,-4.7830475751820245
276,275,0.5532838326367098,-0.13311915151032513,1.950721558104405
277,276,0.9602167001859478,1.0279578683878319,-0.7227833347287499
278,277,0.7405730027177666,0.13996334939064264,0.2742601603257632
279,278,0.05372170157905104,-0.45073929624165887,-0.08340797894814084
280,279,-0.46086345719520966,-0.3882152381291955,-0.22017208892564422
281,280,0.02011663725922789,-0.7233463078603704,-1.1209058028767922
282,281,-2.1815631249500447,0.6354295232129206,-3.729563046141894
283,282,-2.781530380510436,-0.5112960519054068,-9.636135315230764
284,283,-0.5112765152007259,0.17581168923497384,0.24072553052411877
285,284,0.48109742002061207,1.7063036341266224,1.4739688513422375
286,285,-1.7656787696896947,0.6266019859779266,-2.1093778136986723
287,286,-0.7628383315321511,-1.0012965749230933,1.4752099665406313
288,287,-0.6349676099201604,0.46832599507648126,-4.776010346908412
289,288,0.2725339245821242,-0.35714123436503914,-4.01060468979178
290,289,-0.5539413861421321,0.7762850174881863,-1.5433381572561702
291,290,-0.5919019151301436,-1.229963969132592,-2.0892317170723667
292,291,-1.5413939407718202,-0.27069755056433653,0.8499558281274309
293,292,0.10688648089803575,0.6932327043488832,1.8862387995864707
294,293,-0.6221640765725936,-0.821669202237038,1.2877495402172754
295,294,0.03194259433082164,-0.19431890698734428,3.2116017647961113
296,295,0.8253509009243807,0.4717004677928036,0.4694853609857097
297,296,-1.4816851014121504,-0.008573234684700498,-1.6414680128563097
298,297,-0.7519694377873055,-0.8457048255107926,-1.4888451833935092
299,298,-0.05530993695820631,0.37985019142976106,-2.961788934946371
300,299,-1.4965951361237706,-0.09812417632844861,0.004628128088326286
301,300,-1.1094557717127616,-0.9132331687660851,-1.4226925643651986
302,301,-0.24753123234327218,-0.42291748320282874,2.1180837529812986
303,302,-0.08538853740515898,-0.34129036996736106,0.810875878287741
304,303,0.43679259690976957,-0.3996084718701923,-1.4726302097322286
305,304,1.1655210952917718,-0.22691178462473194,2.8774434302921907
306,305,2.1533884303938016,-0.6740652182156937,3.3780637436473375
307,306,-0.06770631863338301,-1.4187627681431292,-3.6084144697103455
308,307,-0.2107973699885995,1.7390704430400445,1.8815217133939492
309,308,1.481227869235068,0.5628850747314537,-1.094962211383089
310,309,-0.723360906957221,1.4522097338894873,-0.3030963452214519
311,310,1.1010794485165045,0.26688520696354423,2.2090602563351753
312,311,2.8636652705131667,1.8028875213890279,6.216803872872289
313,312,1.0994359014609267,2.099414096668822,-1.1471906289372849
314,313,0.8483980157685013,-0.4741509105006248,-4.7838529005087205
315,314,-0.038377023911343844,0.024978167757541858,5.163943057554647
316,315,0.06309841275734336,-0.6272826704969493,2.2602172825424023
317,316,1.213712875507166,0.7298770154422237,0.32510708910666963
318,317,0.7801560264397622,1.2499403635048805,-1.0931385682240986
319,318,0.8195122551848297,0.6756439202706259,5.559454201676809
320,319,-0.5789461592472638,-1.1005505564811062,-3.2228409857404756
321,320,-0.4283849749916675,-0.5451325437441034,3.8786239318418985
322,321,0.3725116163558033,-0.2639875423260767,-1.4566271452593462
323,322,-2.722093369988358,0.011625416403808235,-0.630514561941386
324,323,0.34992501096304235,0.706353209734434,-0.6074716074714701
325,324,0.07620058097723881,-1.7076673608527653,-2.4564696019438412
326,325,-0.7558450449317293,-1.6402987440971424,-3.2492004888627175
327,326,0.5814380160721777,0.6150858187683169,-1.3767750349062546
328,327,-2.085583746066171,-0.40194900536467615,1.0999324924058111
329,328,-0.37187591399288117,-1.7046032454017177,-3.251244330768562
330,329,1.5539224688300244,1.4591525762267448,-1.319703916660996
331,330,-1.3407598161097358,2.0839430825581315,-3.54585399347402
332,331,-1.074325150185071,-2.0220244138148917,-4.079806493967686
333,332,0.05389306140715809,0.11355295009514693,4.155610398918414
334,333,0.43244260474027213,0.4870615607168077,5.518925480995724
335,334,-0.22406133940048753,-1.8297262137024974,-1.3655484265637592
336,335,-1.7493274538440573,0.5205953942977365,1.016926825463162
337,336,1.1360686199290935,0.22721740328694973,1.6990397147508847
338,337,0.5818897225523734,-0.2522579145722114,4.611746313859723
339,338,1.0808893128513797,-1.6211542643457935,-3.5663325892648357
340,339,-1.8907420993221387,2.3754844673567455,0.7415429388936329
341,340,-0.40641103590650235,0.947574984399839,0.8134717581724795
342,341,-0.2083626254348397,-0.07337501208770147,2.3237349017198095
343,342,1.9811398699915437,0.9191823430330169,-1.0151375042991715
344,343,-0.0919427995664382,-0.2641590943564996,-0.6309811934663903
345,344,0.32103894795002824,-0.03967313976813231,0.5970254377920934
346,345,0.40628345626639595,0.9525725485159139,-0.025790055794450234
347,346,0.8982695183101628,-0.9707803849927111,-0.6584394817552426
348,347,-0.33166635696936636,0.3359424801634889,-5.094689610636046
349,348,-0.2440149975877831,-0.9969082566718717,0.6547323211515015
350,349,0.9340891667951724,-0.0695470307922921,0.8307961994180412
351,350,0.33058992070330045,0.2635761301137205,-1.6232263146811783
352,351,0.48873263228345337,-1.2190272616538558,2.5416554596706185
353,352,-0.5071570396396343,-0.15147583874623263,-4.315140800013089
354,353,-1.6356702339651934,1.0536178953991004,-2.324958031855702
355,354,0.5541746740811541,1.1175756242447124,4.7952811684758165
356,355,-0.4474981602672984,1.154307761052518,-0.03523321300524107
357,356,1.080282703219483,-0.7459837393938997,-1.694426897653754
358,357,-1.330702136730462,-0.016713592965329777,-4.156023393178248
359,358,-0.0850331161891646,-1.5404265033484121,-2.0816303654315016
360,359,0.8513223385855373,-1.0855850860405873,-3.3543532780464855
361,360,-1.1432935678250007,0.18471149228917852,-0.9064873758519334
362,361,-1.9324008025139645,0.5297512995298101,-5.046465558740663
363,362,0.9088369062518399,0.6400229572557878,0.27538902268420173
364,363,-0.6085995234506896,-0.3519543657676921,1.129947571663853
365,364,-0.7890180748828922,0.13116257772761666,-1.8485313972945536
366,365,-0.4756071880048413,-0.00023966318279726792,2.283101852652628
367,366,0.998826714209606,-2.226329593918904,-2.709660032395856
368,367,0.029507919129231445,0.928561618742436,0.5429058198485717
369,368,1.9620793015487084,-1.419919095962419,2.9953492274490574
370,369,0.30802092722914004,-2.0336437193823103,5.599010398133288
371,370,-0.001855354523801091,0.6703123413381836,4.056993481130214
372,371,-0.2843529028963115,0.4215566788887976,-0.1882760651525366
373,372,0.12390483173730961,-0.4898869039844037,-5.229456468229735
374,373,-0.2183626981171856,0.1265193401571092,1.0957148305322726
375,374,0.2794107659275534,0.6961698184276246,-3.191499088960907
376,375,-0.20523851944362917,0.3462311030787632,3.819706324219796
377,376,-0.01891921711046333,0.8860087155555866,1.4777152163372387
378,377,0.4371723032867975,-0.9554930803805427,5.74358644272634
379,378,0.11926414414744713,0.011100124855315195,-4.077424285977755
380,379,-0.0038971969621232998,-0.40628465574328443,-2.4688487855376793
381,380,-0.6682825406918724,-0.37802308737255097,-2.92089950551847
382,381,0.9524577348507316,-2.2961638217312106,-4.7137153043649285
383,382,-1.3534181264384213,0.6476125641188077,-4.400713693426406
384,383,-0.8433197255833974,1.042512990995469,-1.0702808425820232
385,384,0.6217296648124655,0.9439340489435141,2.0735297400914394
386,385,0.19377657840227155,1.2305243177164382,-2.1944121082128802
387,386,0.6153135312489693,0.2732568411038363,-1.638405371428014
388,387,-1.159328202071528,1.8761606261812236,1.8886138943284618
389,388,0.15608779278559162,-0.6744379507694573,-4.532988882110452
390,389,0.590592688283046,1.5336713091872647,-1.7591110865247617
391,390,0.13401898209529386,0.36296708613263506,0.23531572498747802
392,391,-0.9833700963236948,-0.705511263470631,-2.002854779288823
393,392,1.2653898664023646,0.6084527341773099,4.010756639590708
394,393,-0.40340809511769093,-0.8687913922674844,-1.2416738672926038
395,394,0.3214764109067715,-0.06226661432034485,-3.292368073239335
396,395,-0.31580848746965445,-0.10954880519614214,-3.048035753146002
397,396,-0.7898770333822765,-0.6731343710798298,2.219618487035331
398,397,1.9144172923773495,0.05847982424817435,3.357300131995298
399,398,0.38509478982205103,-1.0941543014594637,-3.5904899934669623
400,399,0.1011351780404663,-0.11763996537038292,-4.87694044763019
401,400,1.5065559991656972,0.3169064040256366,5.165221611011159
402,401,-1.7265747856321487,-0.49753374962096375,-2.886042380667047
403,402,1.7465755120838815,0.6162865600192622,-0.3414659574508907
404,403,-0.840738889431202,-0.4395997391971235,-2.350934565960236
405,404,2.361637120528342,-0.7154033611365208,-6.112616871828386
406,405,0.08901596800018301,-0.8603298782761433,-5.287590535006922
407,406,2.276947698901594,0.10765845314252222,3.7106287152941833
408,407,-0.616266075053743,1.6559585317180323,3.0896598539528726
409,408,-0.40887385371058915,-0.20283066186837065,3.6724947806213346
410,409,-0.774002580864923,0.15507818244705524,3.086598164657182
411,410,-0.24216290699167678,0.6482818116086314,-1.8711797984178342
412,411,-0.16844881569814227,-3.213800648844265,-5.073795818385339
413,412,0.3853149616140461,0.2094199619780178,0.5230074083975744
414,413,0.5140132143784016,0.5225919214651267,-0.5769752322567188
415,414,1.1350400852319997,-0.7663147518746533,-1.9174453765958153
416,415,-3.568946491242602,1.6217387394850258,-1.223264553586165
417,416,0.3379707459307846,0.017965690897612536,3.011816391934804
418,417,1.0779684314928606,0.9945098398447854,4.8289681921982845
419,418,-0.17840593940718816,-1.4019763532675404,-8.417891411799618
420,419,-2.639250844011672,-0.5283113516537402,0.935068290132152
421,420,-0.9605594442639968,-1.7388152302078137,-4.505695606100049
422,421,0.9523061745564977,-1.3628861158308863,-3.5184574876755654
423,422,-0.9485635166151622,0.6321175508564829,1.3849087783365692
424,423,-2.455197930722654,-0.7513405744517334,-9.46748594174318
425,424,-0.5175606249262605,-0.7712181863641866,-2.9060975787925294
426,425,1.608276838765019,-0.2443798981806157,3.6530874988876225
427,426,-1.0642891697955905,-0.5932188398874023,-1.0212685743894945
428,427,0.4283721497353332,-2.698696770685993,0.27466347438182104
429,428,-0.748726187937417,-0.6937658505035853,-0.849080950163478
430,429,1.0817019167607835,2.1455985825433146,3.49097454677381
431,430,1.502913563515585,2.374736209751385,1.0689589765528988
432,431,0.1104709156239143,-0.50174016003812,-0.09958966267368707
433,432,0.023968989076952926,0.4843844784918949,6.641938193931387
434,433,-0.039053364323417224,0.4816734252326105,0.9201098188013762
435,434,-0.2235706615128326,-0.4708818356444296,-6.28725856770432
436,435,0.9200617551108938,0.3521912817591517,-0.8303941527702335
437,436,1.2704537400114915,-2.5164151822909933,-3.572925396506121
438,437,-0.24172938149304551,-0.946625937317077,5.034984324465789
439,438,1.1115086995421917,-1.122963179425235,2.492772266463066
440,439,-0.714855116723223,0.049197680860712925,-0.9255336646840143
441,440,-0.33660328392759586,0.003298573376586565,-1.8173130582228265
442,441,0.3019950523079669,-1.108357723921499,-0.7436233166911201
443,442,0.10571442827194853,-1.4354336219940815,-3.940679377253331
444,443,1.3820475097392042,-0.7971239481857137,-2.2089824662852253
445,444,0.035459701009382526,-0.3445332368862447,0.36214012619315594
446,445,0.2860195349297196,0.3190881661173984,-0.0408938060438887
447,446,0.4552346778592288,-0.4543118355296785,0.3778773763305271
448,447,-0.04637704906860754,-1.2933782253559811,0.8524877090589413
449,448,0.4961603044976334,-1.2126300674172383,2.011373586373556
450,449,-0.7319823655772165,-0.299039644371442,-3.4935097205153873
451,450,0.459855532208171,-0.7958800925647852,-3.8639516891175503
452,451,1.3134727445822663,-1.2954741411680344,-2.029503192510787
453,452,-0.08382507884099431,0.9517979540733141,2.016393101307303
454,453,-0.3374287367183157,0.6637714031193227,-1.6814586512275886
455,454,-0.1727898305517765,-2.3192246944000563,-5.486008917174764
456,455,-0.3228172742635965,-0.14012342950477086,-4.682597275755056
457,456,0.49296917931817535,-0.4753633040087537,-1.3834330731515572
458,457,0.5365823519809254,-0.22043633905818663,2.4450455798677035
459,458,-0.6507273781355811,0.3424372702482014,1.2800684134430433
460,459,1.1449768666902653,-0.07126502784550783,1.4853452678572059
461,460,-0.0799039008605464,-0.8198942674346036,0.03049276577737592
462,461,0.48753701181908954,-0.8993668861696831,-2.0799023901374127
463,462,0.7426711196465455,-0.15128223063432686,-3.484349937623679
464,463,-0.9254862889777448,-1.0615630057109973,2.551440664299853
465,464,0.11735532792415135,0.13908868215837497,1.6571689892353083
466,465,0.49257442193797235,0.21218881790236288,1.2057677735759196
467,466,-0.1195144871017871,-0.8402725124705825,1.72405809890836
468,467,-0.1426015900113844,-1.2698224110021954,-5.345680976313243
469,468,-0.6741235546724768,1.7463408659119588,-2.197266236865959
470,469,1.3290984543685629,0.26361591924620065,-2.9899719789900936
471,470,0.27183243547767316,-0.12122953826094746,-5.58114209770255
472,471,-0.024704987663470165,-1.1091518768129582,3.1618824315440968
473,472,0.7733314266627226,-0.3194378961598201,2.4360069235237636
474,473,0.8163224274818374,-1.9846494515984607,-2.131325758092945
475,474,2.2062963074579556,1.3798630686199618,3.9611809844227244
476,475,-0.39481529673815074,-0.6764355217995716,1.2382830232063586
477,476,-0.3002859562568103,0.502425410050199,-1.8470963082688119
478,477,-0.4896952988377795,0.5135892401809586,1.8220757839581123
479,478,-0.6590874103505984,1.8229788478385236,-1.8332304152910064
480,479,-0.06860611076684255,-0.5460524109667392,-0.010717512721790112
481,480,1.0970423712367383,-1.2649248010409166,2.0754672003861963
482,481,0.6185287887185218,-0.5795105436587501,-1.6418545918517276
483,482,1.0409839506846088,-0.2891306219666615,5.420961634446951
484,483,0.27570186133444596,-0.16820029365984202,0.7973931505204398
485,484,1.074602945664563,0.607431832043874,-0.5343369199109486
486,485,-1.0368814916228082,-1.1964254006069515,-1.294195014085674
487,486,0.11759170674814157,-1.2379232942968816,0.7733351078211939
488,487,1.0509597466051588,0.29413929223184615,-1.4469499622197466
489,488,1.1587789387831249,-1.3078005822397152,-3.375506394535351
490,489,0.29440657842577234,1.0426569490389224,1.8865119005026592
491,490,1.1981488707879362,0.430988692645547,5.56906119039537
492,491,1.3643141873629916,0.03899461152167036,2.030940330465062
493,492,0.08509302232667863,-0.3154093941834849,-3.5396989859741756
494,493,-0.12189554364630609,0.2716716529964741,-3.5294710170607844
495,494,-2.5984971558810583,-1.398566657075627,-7.987227608440779
496,495,1.3353612011159126,1.1366834642788408,-0.3366899092953981
497,496,-1.6006526779606494,-0.10672942560469666,-2.6206847039138026
498,497,0.4778414876631907,-0.2086184358145325,5.77713721254551
499,498,-0.287524795475671,-0.7090817614275244,-5.964338309117853
500,499,1.0724744797334322,2.8242160053429806,2.0620095873879047
501,500,0.34456905986836506,-1.0537139363798778,3.1677276254274704
502,501,0.6585088611791076,-0.8002716815605774,-0.2874563916192261
503,502,0.15768878250050994,-0.11163149525750983,-2.344448468833755
504,503,1.5465407149806525,-0.3613816541515775,4.889726083621169
505,504,0.1310244258743003,0.10477043260640936,1.1795664661421645
506,505,1.4858963063683013,-1.398856273310268,-6.262418620013947
507,506,-0.9934366310585567,-1.5576936725857997,0.6162229206346069
508,507,-0.1790926195405339,-0.9352558621205844,-5.340086180728031
509,508,-0.21402582226149855,-1.5304855100614343,-4.609323408358646
510,509,-1.9301334275484854,0.06421429542010025,-0.09894609145284897
511,510,1.2357604436958427,1.4122513745803482,-2.7377333773946972
512,511,-0.32494963327175475,-2.40742811650813,-3.891794441937499
513,512,1.6752173642207855,-0.1976463260353304,4.944562212202001
514,513,-0.4299237883335814,0.6774102769830728,5.745655487958954
515,514,0.289313104600587,0.8857433340160219,0.8173132265473435
516,515,0.053983693989259667,-1.4924785278678234,-0.11335790851760752
517,516,-0.7834752984871675,-1.9365431596155782,-2.739556272289909
518,517,1.2631998820696666,-0.18156425806591822,4.186299855839685
519,518,-1.038550394279411,0.7276998057613943,-7.611910249237457
520,519,-0.6773503201093778,-0.4122367026434843,1.801604625540099
521,520,0.27623697502992917,0.23892228286524067,2.6682533822343135
522,521,0.5821096200980784,-0.39803482502044213,4.290983169389104
523,522,1.3700666139973305,1.5297534369332384,8.742923172937754
524,523,-1.8338942619030603,0.08902268633310649,3.896341154410429
525,524,0.3485590580732541,-0.29470918378989386,0.9431524490852374
526,525,0.6581552655975492,-1.041527578054522,-3.732230318183429
527,526,1.4755905388179171,-0.7682198629183377,4.827371086683696
528,527,-0.6355047457821954,0.6840044204692287,0.7527804242569199
529,528,-0.16922497651890145,-1.1601599089318022,-3.207125567229665
530,529,0.8939798823684167,0.9129790502303482,-0.17902911394918578
531,530,-1.042824276731826,0.3427606293355373,-1.6973828315495791
532,531,0.010557751038240288,0.07095851257496695,-4.426142546861253
533,532,0.7017669627033314,-2.0221572738828053,-4.361321609904121
534,533,0.963759270398208,0.5158097591377445,-2.3887371237362895
535,534,1.8918596994384702,-0.879493767440211,-0.5510694709984697
536,535,0.4992017211283288,-0.3339131480172841,0.2317896121846723
537,536,0.7912601454838203,1.0200748300174685,-0.08863388499916347
538,537,1.0062101933569814,-0.43445791675476236,-1.656507477105978
539,538,-0.6533281509176216,-2.2300158294564074,-1.7605848104075594
540,539,-1.6243585720240872,-0.8993530297004335,-3.9981907642633447
541,540,-0.36602681493163897,0.031588932781946695,-3.0963315369109328
542,541,-0.05370720556179732,0.8484296459085092,4.151623178925782
543,542,0.040358903632604866,1.072206736736689,1.3603135782753946
544,543,1.026052379150914,-1.0911076111020057,0.2892787354960133
545,544,-0.8475881304336536,-0.7176516134068657,-2.708239685460427
546,545,0.05235160012590468,0.1031412754382458,-0.4100637104431291
547,546,-0.8254030485765064,0.38194495733783945,1.2010907778570197
548,547,-1.1500984427916945,-0.7727326216306075,-3.429203061313636
549,548,1.0064684429020934,-0.8072096843627805,-6.20926992702539
550,549,0.47303484847157184,0.11913521092476771,-0.781310411581259
551,550,-0.9390539007953327,0.26378230003879166,-6.609314239199884
552,551,0.42554839593217064,0.7530408335922201,-2.3959448641513856
553,552,-0.14931508341698985,0.28329975092537635,2.5265349140720526
554,553,0.8004431948774963,0.2112932894298394,-4.3325453424110485
555,554,1.1584454132132458,0.4432095996704874,4.253502566256963
556,555,1.870374077444868,-0.8105323264618092,-4.072074428543413
557,556,0.9171283672929724,1.9591459011395862,2.8959948255500434
558,557,-0.9302635496247065,-0.27666207345277827,-1.3660164214327837
559,558,-0.3021335605207281,-0.4705431562207815,0.10415721394368593
560,559,-0.5433856213506244,-0.26330231025991563,-1.4615770477515513
561,560,0.5097171454339379,1.6595623867278508,2.1384746899387004
562,561,-1.2431617358972737,-0.19039929020485005,-0.2934072551721921
563,562,-0.6143565426056502,0.8317811897110426,-4.04155092161864
564,563,-1.6419384355953752,0.24332510574962113,0.658552131118892
565,564,2.253635536716769,1.2415710484714446,5.222110771133206
566,565,-0.5385690056757952,0.8348727721881473,-0.1212700351894036
567,566,0.680917526906012,-0.5765066555213363,2.3421215976210186
568,567,-0.22981506093361667,-1.8456703381188841,4.369532514773112
569,568,0.1934995026978874,1.465061298272289,-2.276433264958262
570,569,-0.1820803018565138,0.47340202089687017,-1.8831598774218727
571,570,-0.0501732224201878,-0.008701187051442174,-2.193316049220397
572,571,0.6861465594757871,0.32502408934934157,0.5526523552872078
573,572,0.9691308269172247,0.9306351782082073,2.2440617514935624
574,573,-0.35626835369708104,-0.5031013499545621,0.18790285367246468
575,574,0.463569109291786,1.0065374409088481,7.503843550551116
576,575,1.0093745149142055,0.7147541902699042,1.664041795451789
577,576,-0.9401477893034712,-0.0561885057366174,3.563561941195943
578,577,-0.9262403454643042,-2.0093255081640753,0.3315636430736043
579,578,-1.384968748172756,-1.0168172176991968,1.381744060800441
580,579,-0.8368221254345874,0.37215928709903656,1.0499778446326116
581,580,-0.2504981467375771,1.069926119650301,1.1113192482136944
582,581,0.16631935794368155,-2.262989285817158,-1.3690192959365959
583,582,0.5101911080453376,-0.27429594299004906,2.018926449884556
584,583,1.376810336775284,1.4796605184661382,-0.11020231025261895
585,584,-1.2844399754752363,-2.1691094712809904,-0.44358320050679245
586,585,0.3345512785866418,-0.0852385831393167,0.008100894334267361
587,586,-0.3731532716127318,-1.4158279746111202,-2.761038096707226
588,587,0.1600092179716991,0.06700208293667113,5.19376873462253
589,588,-0.9330885622915673,0.19000907702614195,0.9355356360241636
590,589,-0.7055112946072581,1.7187337958896725,2.9751169812030795
591,590,0.2330667537600942,3.30151222563436,5.830246436109944
592,591,1.5657187086839812,-0.8923757318469122,8.881118622406243
593,592,-1.006582569794374,0.5971100444555247,-0.2914702077307098
594,593,0.1827605194616899,-0.19658171878309616,-5.5754234253246695
595,594,-0.3355314101731238,-0.8932038619318156,2.2852138000960953
596,595,1.7783578626099408,0.2699999438055058,3.933683672027016
597,596,-0.5264656296539636,-2.1021964544603433,-4.6755869294823755
598,597,-0.9973329864343528,0.1702259713539339,-4.8866264827706
599,598,1.1144013645438715,1.3037837970233197,0.5090765590770097
600,599,0.771431550854383,-1.147809632224088,2.331705568168141
601,600,-0.9766453155462252,0.44625052848607716,-2.894163600386406
602,601,-0.36241598720779744,-1.0731159842673494,-2.7118898501373705
603,602,-0.32033599881446834,-2.1105041065471126,-1.092866977699288
604,603,-0.9777673284963705,0.19726248797023624,1.3905910794147907
605,604,0.39557402615196285,-1.1687038276961084,-2.335302525130102
606,605,-0.42847226479247646,0.10065461294745144,-1.9106195499129635
607,606,0.4546645510177715,-1.9177460569911084,-1.2541582058792966
608,607,0.8034665390766889,-2.140826121959332,2.5874007640414782
609,608,0.7962978869845434,1.3309107205806538,3.8183579773262544
610,609,0.9873440136085236,0.1108840865281358,4.045622913993855
611,610,1.7151154819213585,0.6725587753108337,3.701898096974568
612,611,-0.029461261261159666,-1.2256539830269304,-1.3685708788192574
613,612,0.48943783075038066,-0.8810776778069407,4.897463484086335
614,613,-0.06463499441461053,-0.24475073714001483,-1.6199689274738596
615,614,2.196352312751899,0.004260187126959226,3.3658125678378603
616,615,-2.131348245182962,1.8927147742573613,-1.9423521417479268
617,616,-0.05856861904215835,-0.4616145733194006,-4.524624186905621
618,617,0.9286851133121462,-0.5804559950303942,0.7355660932460549
619,618,0.1087073697130025,-1.9354408399499423,-1.9395223755379485
620,619,0.024507550728986603,-0.9377499400429694,4.814384965049808
621,620,-0.023585296976395054,-0.9570951793173496,-4.6682790916890875
622,621,-0.6447201601889945,-0.3997151180809073,-1.0092404558045196
623,622,0.7231644740739503,1.4938635092693668,0.8087606776786739
624,623,-0.09718991127481279,-1.0941036768081527,-3.121652612325506
625,624,0.6093269701588097,0.00045018803314063587,3.1929039370209433
626,625,1.3250511915503826,0.1258614076467338,2.593889454116702
627,626,-2.200705749939116,0.5409904079331129,-7.53870113228413
628,627,1.001696042520659,1.338743593953825,-0.3433030818431635
629,628,-2.697380629243388,-1.4647825683381348,-0.3975707475379501
630,629,0.6815729921805621,2.5906569619927597,2.310234948481484
631,630,0.6838616081691916,0.5025366906323622,-2.909249297701624
632,631,0.8825996473239016,-1.0246124926153788,0.920448257574632
633,632,-0.4769495189898707,1.7315673838297734,4.898503106786184
634,633,0.5554115166337749,0.9358124514064019,-0.6197584179017269
635,634,-1.2427114894498716,-1.153760968056019,-0.7905970724991922
636,635,0.32339152492596634,0.10712577199175632,-0.8583323302537849
637,636,0.9147887111715317,2.0028591460364966,5.498980224737306
638,637,-0.025465428366690978,-1.0249444806987142,-1.7859872419213765
639,638,1.4959508731036666,-0.5733870459394764,5.036957322575647
640,639,0.7854429592082681,0.6301176437939727,1.404106962077196
641,640,-1.8227964101613299,-0.19180543990841803,-2.026157516482008
642,641,-1.149368638461937,-2.7582092183164297,-4.60615313763515
643,642,-0.6673799431437681,-0.7662767618634886,-4.03477077641213
644,643,-0.6739586825079737,-0.894930408462017,-3.046295221980131
645,644,-0.02099694304708303,0.15919982653857476,3.1298133884993593
646,645,-0.1672200539382834,-0.9376903377831035,4.56470487246313
647,646,1.1250655759558328,0.35520516381471257,4.541101250473567
648,647,-0.32279513167064455,-1.246740229161341,0.9286287391547018
649,648,-0.4606656068617202,0.5368944774719726,0.21551966141661105
650,649,-1.8747223307689838,-1.8332692077872366,2.3766379297587736
651,650,-0.04985107610230636,-2.5961992374801794,-4.1303163271964065
652,651,-0.9343090192315191,1.1589028596895872,-1.0569869682487718
653,652,-0.20411266509165663,-1.5753775996004762,0.658730157611261
654,653,-1.1594213525802894,0.8552876211375385,0.009721006244063135
655,654,-0.2625361144784122,0.655351967847787,-3.223908310899719
656,655,-0.6611425116608554,0.3646033389040253,0.8238719415258386
657,656,0.8392837312666972,0.5584353547800104,1.987149445663241
658,657,2.7182945336797686,-1.2315088406847055,-0.9069840464864718
659,658,0.7107499043705936,0.22396398643627305,-7.702275915975676
660,659,-1.6843097019197502,0.8150159782667963,2.092385376932387
661,660,1.080121615492091,-0.7264212321944066,-0.9962094227098843
662,661,0.03582614802848488,-1.0946307633144576,-1.0888282976204597
663,662,-0.7783762097916526,0.6717565524533086,-1.9754723905107956
664,663,-0.5017962737271493,1.4824849693683892,0.6281017443188445
665,664,0.7676688884028157,-0.7990089797159695,3.569454995983128
666,665,0.20710121605508364,-0.10672759395249422,2.3510729214151045
667,666,-0.9819464925447353,-1.3367889046116974,-2.0016761684513558
668,667,-0.22139189780843982,-1.1258928383247306,-5.01117049489883
669,668,0.05227784916055353,-0.7140941068322691,-1.7635228049690652
670,669,0.3334243107170366,-0.05425165941559525,-1.9410160949654511
671,670,-1.2185190331420641,0.22143705042101391,1.632991714899881
672,671,1.2554778981628116,0.574661095116909,5.368251337065058
673,672,-0.026672034276463828,-1.1836103301667806,-0.8771861359034332
674,673,-1.1176532856341908,-0.04852173782492409,-0.13334984598647925
675,674,-1.3768316054346168,-1.4043105786715717,-0.4002168894061093
676,675,-0.2697479921792486,-0.6712133076663174,-1.5408446406814733
677,676,-0.7298897808620045,-0.19085003001403344,-1.1313363418680178
678,677,0.6214094210582922,-1.2235948156107472,2.3116619236689275
679,678,1.1375671880427551,-0.6424932027716995,-1.2004117562712344
680,679,-0.3594364023378166,0.18502090291392104,5.025954290699179
681,680,-0.0008310076469467833,0.3785115267822566,2.0100705671189574
682,681,0.12767547624432804,-0.5730257002780319,-0.23235693328750673
683,682,0.07614849385706589,0.41113604029521755,5.357497159553218
684,683,0.05173677741318258,-0.20349979016566552,-3.4695090262180344
685,684,1.4333914046849214,-0.4819635904674984,-2.7601586807318044
686,685,-0.14421816539689586,-0.025836215586643545,3.2785144402895723
687,686,0.35984880516101386,0.5528038116274638,3.6434688441028955
688,687,0.5784256157180995,0.5080978997136766,-5.219982100413203
689,688,-0.21095217487355053,-1.6969115348948192,3.816703811173199
690,689,0.47505904915600655,-1.2461551881264652,3.01189014288554
691,690,-0.27734427635797027,-0.8728413466205078,-3.29194593237935
692,691,0.4019160394878774,1.0970952894208208,6.06440616062378
693,692,0.19532214946770343,0.9933359240763562,-2.0463801064939755
694,693,0.42754515168603396,0.9269755262105672,0.9779873055461304
695,694,0.3565632257325911,0.05681016884433593,-1.000439767204638
696,695,1.5677865093891679,-0.16722835399360475,5.647257791025132
697,696,2.5217333752866433,1.0641025593168953,3.978099409435642
698,697,-0.14724472331973687,-0.508066269796681,3.417195113346811
699,698,0.05265517882994287,-0.5691186672954155,7.149783120866568
700,699,0.038635553928836,-1.0439670248179294,-5.803401998511176
701,700,0.3622136195100331,-2.3137030001375316,1.1442544117050821
702,701,-0.43337190730549324,-1.4096783004134494,-5.4724411975433735
703,702,-0.1437635315519655,0.286997292856194,-1.726940912131118
704,703,-0.6847638391524786,-0.8299593386522004,-2.9307306975383955
705,704,0.6770822609829515,0.4070158331398938,-4.752874790024945
706,705,-1.2719344228515352,-0.16307155026379605,1.2147494686044897
707,706,0.7240020375057865,-0.4098931040911578,-2.9629278468777835
708,707,-1.391606762198904,-1.1694150120926974,-6.723480270789854
709,708,2.2545633233838043,1.7547241921447063,5.794347031051025
710,709,0.43019873165685213,-0.70879653807353,-3.460956821083218
711,710,-1.4969838492906533,-1.1905754820184082,3.8426495198152506
712,711,-0.46044031556460957,0.498691745910863,-1.5662422047030091
713,712,-0.7857304023520002,0.5684969658820663,2.7306973236493723
714,713,-0.249560086699317,1.211221452527633,1.2988984703926685
715,714,1.7743137083927925,0.07960900503397363,4.352420283231901
716,715,-1.573703315982765,-0.7361682686710468,-3.813929514942787
717,716,0.19583305411845203,-0.06819938184620045,2.7696135668687485
718,717,2.6922784744812573,-1.117113299999118,3.6976086899582357
719,718,0.5410107003767137,0.9843680662507959,0.9946670253801224
720,719,0.1775559538350381,-2.8711223356063877,-3.764864220293566
721,720,2.1118910071350854,0.6983732314293387,-1.670084596484183
722,721,-0.8729074572806285,0.3676727347747247,-4.326018375728005
723,722,0.45183629551990123,-0.51102196619082,4.664661507185663
724,723,-0.8136863141037057,1.2034321601242026,-1.440820431332093
725,724,1.2019495943532916,0.7457424856733756,-0.7828015458705488
726,725,0.06326136403400728,-0.0554468682272464,-1.2959077044098088
727,726,-0.066209258688684,-0.5069757305393442,-0.037843280828048886
728,727,0.24841802633091395,0.3589054444235163,5.498716071675514
729,728,-0.3497920801768411,-0.7780743696867147,2.81318659466918
730,729,-0.8772257938154913,-0.04653913008989548,2.084731683584702
731,730,-0.6144821657646498,0.400463481053925,-3.895456325468725
732,731,0.5428289312395265,-0.25316021987688225,1.29756229034246
733,732,-0.11133798164787109,-2.0466800241245466,-2.7824389309390063
734,733,-2.621223417209539,-0.520755449920372,-6.005754708157345
735,734,-0.47154884560326393,1.4741590882588982,6.749149951098752
736,735,0.8204835734683443,-0.8043026554357113,-1.783052352257767
737,736,-1.0872860761355003,-0.4735685031840452,-4.580463134637223
738,737,1.8839622302019527,-0.23786118773249806,2.8478996070045506
739,738,-0.03353116568131348,0.3982304417897802,6.879244426145036
740,739,0.10663195704092725,1.0045924478543722,0.9043905849000679
741,740,1.983243772509074,0.8180728335932661,7.164135962030233
742,741,-0.108352093000248,1.3407493928259426,5.870645789582398
743,742,1.2529323442057005,0.747290832013364,2.3967252149181744
744,743,-1.0698169949551566,-1.2114972538299806,-1.3746435115180577
745,744,-0.616456161765913,0.08334318946082207,0.6217526414433453
746,745,-1.4425485524129225,-1.9433316812825645,-3.0432738204752896
747,746,-1.2805765786542216,0.40626184348415456,-1.8501351769282957
748,747,-1.7859864472408096,0.19194643677303827,-2.6919953362342923
749,748,1.5485620669728488,1.0665656195129651,6.239664910110196
750,749,-0.3110239947996676,0.5356490271543454,-2.511557804428578
751,750,-0.019105156876866376,-3.1879535521011997,2.5942654330191735
752,751,1.9743246857920111,-0.2539309709588797,-2.6579851045304856
753,752,-0.9290023711172652,0.05537704698488603,-1.732020542597875
754,753,2.1120940406194957,-0.13964860499618284,2.869151217746644
755,754,1.129057673750876,-1.5277372503281512,-1.4796379362034533
756,755,2.395915198609485,0.7593108991977776,-1.0180584242335948
757,756,-0.09467059503107558,2.4660834659088398,6.69100014424459
758,757,0.04550002874634921,1.3885762009982874,1.291177624949082
759,758,-0.6328930941823732,-0.3635673045585883,-1.8489005411348352
760,759,2.104247735301408,0.1476550590301452,-1.8128106340059795
761,760,-0.20653421225525884,-0.20388688901454705,2.9202554262219906
762,761,-1.1863403199956375,0.2622257503283612,-1.203337097436685
763,762,-1.803718743269159,-0.9990391027638927,1.5745576097723055
764,763,-3.128879883701412,0.1524391281717585,-9.421308481902614
765,764,1.7224541953948458,0.4721965188938791,5.671022040738931
766,765,-0.16411103191804133,-0.5773776682471204,0.19590907462061474
767,766,1.4802724240525218,0.67330764629928,3.4067993582315954
768,767,-2.2017228710141623,1.5491281261005032,-2.8147090144041598
769,768,1.2284430806254507,0.3948212911914623,2.491865846583355
770,769,-0.7732204374156673,0.7297826235737035,-0.43509386843423614
771,770,2.3489839655438276,0.03348558905785359,-0.10774134242715494
772,771,0.277248350789804,-1.378227853768637,-2.006612620286308
773,772,-2.0167239348526325,1.1782991477046667,-0.5499832442833771
774,773,-0.14636498089985975,-0.9320984233929959,-1.3178589087057353
775,774,-0.07127591727078297,-0.15429820210924888,1.7714926236825632
776,775,-0.33792641942282275,-0.03986906794523923,8.479756819730751
777,776,-0.8304706905805543,-0.17212306383153667,-3.8340386968808104
778,777,-0.7524825576143126,-0.27621037394611425,0.5765997811245758
779,778,0.3420325643588951,0.049813451218267746,0.1919011437820347
780,779,1.3063191193668264,0.25739384384985614,-1.7856671755420586
781,780,0.14410844912821097,-0.8130092480368,0.9685663278864642
782,781,0.12296638396358932,-0.4238039560613018,-5.09053719744369
783,782,-0.9979304621002879,-1.2346067982854692,-0.4713613096575361
784,783,0.19377490507299086,0.9504352526854103,6.223292732552797
785,784,0.46729564939758705,-1.3027088162603218,-2.7510842280324415
786,785,0.5710732415558306,-2.1637262001884294,-0.2419039303946518
787,786,-1.3911236371084357,1.0706384879717632,2.5091967067314616
788,787,-0.06485886375558912,-1.0353480907629586,-1.8589679968012778
789,788,1.291505890233677,-0.7051373427958795,0.18134799039169863
790,789,-1.075213110794363,-0.49096337762703945,-3.218491630348075
791,790,-0.2906021289202484,0.7930111979638466,-3.677107978589258
792,791,-1.5949823963906946,-0.2675818317707258,-3.6075621445844894
793,792,1.414493524923655,0.9413625641348956,0.7485168005635239
794,793,0.309699560776382,1.6159793587386426,-2.7181299056099872
795,794,-0.2912620844710259,0.5428241565659487,-1.9201461150236168
796,795,-0.03867442472171637,-0.43309706746272947,3.8141015949042716
797,796,0.47200818687843676,0.7794179039826516,7.897445859235848
798,797,0.8893790051747925,0.7862613764487532,3.6165152100913582
799,798,1.6594383535560266,-0.7512026252264768,-3.4680885952706557
800,799,-2.1027871509264218,-0.07109405431086803,-4.59678240928584
801,800,-2.5912060713816722,-0.011972963829646771,-4.867373118175552
802,801,1.0257248210005592,-0.353854146837879,2.312404700372331
803,802,0.2772900366413844,1.15423390309577,2.7848526793125714
804,803,0.9904413528117059,0.5120095321455094,4.629000788841116
805,804,-0.9498203401456986,-0.26392581831199874,-5.585261865281733
806,805,0.26167855294703835,-0.4948209309277706,4.737078248947781
807,806,-0.5495647154872015,-0.31411279305243184,1.827139116726283
808,807,-1.3791802983006456,0.7051443104191516,4.066430088878792
809,808,2.3798442094174797,-0.36215415433318815,3.5689083682088145
810,809,0.45178736595562247,-0.12301333382718059,-0.37595603679513007
811,810,0.5810492572362859,0.10877896755697877,-0.905882997713368
812,811,-0.3643002384478951,-1.0491489172361752,-5.005071702423148
813,812,0.3839245848373907,-0.2093361419849419,-3.714175867941656
814,813,0.25798430537409217,0.26162653657316715,-2.1061714507204012
815,814,0.47145610186228054,1.380753612430147,1.1889305325475514
816,815,0.9125338884628699,0.36881096026957844,-1.614369751575179
817,816,0.1458618497863047,-0.0814168015444465,1.2598925114012725
818,817,0.751593860567539,1.494045018984228,5.108847679646798
819,818,0.21485650820396746,-1.158208899823314,-7.0155261317726465
820,819,2.643298230490616,0.3506768502831498,3.959951670891863
821,820,1.8005845575766504,-0.26940201844628014,0.07412999484119631
822,821,1.406234457888641,-0.15202886576567917,0.7585950874753649
823,822,-0.16210593636270815,0.6457500161753629,0.795763369190176
824,823,1.1482298020856243,0.2706922516556357,2.379613982711834
825,824,0.6994183696293809,-0.3931941118376812,0.2705754269665186
826,825,-0.36175080658465547,2.1510274533013187,3.520853675733263
827,826,0.07813472091102906,1.96141219431343,2.251045796675406
828,827,-0.8663423599892698,-0.9069707867424867,-1.8731901753842832
829,828,-0.5415877333570546,1.6692398433863942,1.189499009114439
830,829,-0.2698822890458195,-0.5733957791265643,-5.874542016437653
831,830,-0.21269746477097565,-0.4737355906112275,-1.870504352573203
832,831,-1.0703840788584458,0.12230328339348216,-1.2038128845505993
833,832,-1.0035462401070199,-0.9194481983516481,-11.076190352755187
834,833,-1.0828322177285983,-0.1435587039507148,-3.7972297250548133
835,834,0.6999601647991909,-1.392117498741745,0.99980873567635
836,835,-0.5478425952329108,-0.5491563766932686,-2.0883308468660027
837,836,2.252143511637818,0.1529586920950933,-2.9833620138851202
838,837,-1.3904487146963525,-1.4302859761023479,0.3673553730957645
839,838,0.9809348596328143,-0.12548876298124095,2.7478375693481736
840,839,-0.8930018836663168,-2.7435526101721823,-5.67296296221032
841,840,-0.01240022099089014,0.6364124673752989,0.18933337996387745
842,841,-0.38229746887263844,-0.056904998047323865,-2.9921407834423577
843,842,1.2352409804030489,2.8779117686341227,0.18366163655619006
844,843,-0.8264710184136383,-0.703679480730446,-3.9635392050222924
845,844,0.062167843700137546,-0.4224896537287545,-3.1342700516099082
846,845,1.326424589199821,3.139727703849989,6.0925498234946875
847,846,-1.174236922248745,0.28786600329617074,-2.525220178681346
848,847,0.40947330803258514,-0.13700926809363495,-5.199180425234514
849,848,0.013476378639021291,-1.7438036391087182,-5.502014370167169
850,849,0.09804099093388484,0.4672594271852818,5.216841493932749
851,850,-0.6577739747276504,0.04889804349999726,-0.649970889492139
852,851,0.3524455422440819,-0.36235020055837674,-3.2840712741281477
853,852,-0.28133498716240685,-0.2315609782831387,-1.506970672380911
854,853,-0.6160780304082988,-1.1280917243647022,-3.0671290249924033
855,854,-0.6682224237238152,-1.100348298524204,-3.84742233636784
856,855,0.4424794622025977,0.6677426148495182,2.3740767082847314
857,856,-0.2885796984424152,1.218549932671992,1.1639679289252107
858,857,-1.1024020801359389,-1.8329730503832358,-3.2353577216462615
859,858,-0.08521320073267252,0.8845833877324404,5.760301023435415
860,859,0.9282447795280373,-2.023584032296704,2.4383440034115247
861,860,1.3515935343335213,-1.7019775092953209,-3.276774642333425
862,861,-0.6297440165678413,-2.6398566756467843,-6.773122991006076
863,862,-0.044798353835361286,-1.6192870016819259,0.2376241186604473
864,863,-0.23458413541248685,0.340339830029814,1.7549815781671456
865,864,1.1713190023899558,1.031373581576375,0.8780988269938912
866,865,-0.7647805115345011,-0.9645717394143497,1.763311359552775
867,866,-0.34532282755926846,1.08752080875972,-2.0342735913126964
868,867,0.20839052700300373,0.5068160777043019,1.3771725821191323
869,868,-1.129080229868044,-0.8070706584667113,-1.3088740717961644
870,869,1.4275537823014333,-1.5235758220882942,-3.1470061407887235
871,870,0.31775217955971546,0.18224144003549625,-0.5608440500864873
872,871,-0.44777505578312876,0.636059439703718,0.3182314882991467
873,872,-0.8609780660198632,-0.5161155694383813,-4.351725813511906
874,873,-1.602294982671337,0.22757241027091885,0.7399233617610103
875,874,-0.36713922396981163,1.5850365160251512,2.436159120936792
876,875,-0.7912057762364136,2.8544687783228793,7.0252481712863935
877,876,1.4438713617807792,-0.8389248108798785,4.045978912390434
878,877,0.11369198761417203,-0.3605475024496671,0.6634546516119157
879,878,1.5961148587271112,-2.133767948899556,-0.5028614174241073
880,879,1.0565436968856616,0.2510915274223816,2.5519094217404716
881,880,0.4640127849278379,0.26995319031106385,0.22327977229602408
882,881,-0.27752837152999027,0.6322849123512154,0.6375925069600759
883,882,-0.884684245720546,-0.7287725013539176,-1.6003133330173045
884,883,0.4059128942960678,-1.2699366983521765,-5.2033319749775035
885,884,-0.010173504912865021,2.480865739123835,-0.12927048307342326
886,885,0.5842517640903878,0.7639777222313537,2.6113509854247514
887,886,-0.2565496193347385,1.454664343514249,-2.021050085262554
888,887,2.5969955610574673,0.17116706991484965,4.26027919656716
889,888,-2.019498504725063,0.15157562478139147,-2.7577378165382007
890,889,-0.07521043728535605,2.245718561386371,2.1607542344283717
891,890,1.3993151168848204,0.55931075473699,0.8408173915070262
892,891,0.04810496675886057,0.654649895936273,-0.8620617318241957
893,892,-1.4741668529297636,-1.196876298130839,-8.01723242229055
894,893,0.08531749461914673,-0.7381076508478421,-4.800117043120511
895,894,-1.6053292016266327,1.047784050742348,4.899755615755984
896,895,-0.39305275962672964,-1.5195002611110375,-1.9076374999005843
897,896,-1.1245793992207227,-0.29432192415197733,-5.019401778476004
898,897,-0.45558372983172846,0.07792760922708754,0.9586363830253228
899,898,0.2811751334846354,1.6845588219715826,3.0255255800875425
900,899,-0.8596042241079387,-0.5187104529085754,-0.4571227308254425
901,900,-0.8520595872036727,0.49399909330690467,0.2895058139798601
902,901,0.5841565586760356,-0.1805194732814677,-0.31551296150358166
903,902,0.3776362933109299,0.8067133260048552,5.529077156990584
904,903,2.2619780210618745,-0.2420335700027789,9.875391867842863
905,904,-0.01456142209113121,1.3378735889730011,-3.710164190234941
906,905,0.37797483412884425,1.2486260868481633,5.24679354927841
907,906,0.27746655927894043,-0.10488467163866663,-2.4482134117805647
908,907,-0.8060623918204138,0.38936214747289677,-4.142532895644292
909,908,0.9662062319886752,0.016487822271889017,-3.005235950347556
910,909,0.33556984078750957,0.18710444430563,-3.0546232801301376
911,910,-1.588013065450466,-0.5103028166843696,-6.2878503681977085
912,911,-1.3901318937583815,-0.23344900541457037,0.9594688423506536
913,912,0.6166546912265691,-0.16049548955208648,-5.130317548725856
914,913,-1.102331219478909,0.48998898104678823,0.2883536541922517
915,914,-1.3230464843590086,-1.8567650994700886,-7.743062002808662
916,915,0.10699371788527014,0.7781791437009244,2.9184181376643967
917,916,1.745163647346641,0.2815713949566072,2.337271862758669
918,917,-0.042989526311279745,-0.8159849700144717,-4.636250335934063
919,918,0.5928519369320285,-0.2682943139583264,2.9112100352422217
920,919,1.2794234303295045,-0.5385388129994203,1.9578088414122916
921,920,1.256861158345881,-1.5859095593629962,1.3209158418754041
922,921,0.1028238436862845,-1.1441201863008639,-2.0504723785493097
923,922,-1.1497376859881188,1.9066439174612355,-0.4893652965652908
924,923,-0.4213070811149634,0.1970424169461227,2.158853102462966
925,924,-0.43029573809253674,0.41620303665600916,-3.4485532654965168
926,925,-1.257948864974448,1.9261653729192407,-1.9758077035598074
927,926,-1.2349702793755644,0.47396289090662935,-1.7251290316339591
928,927,0.3296544000293116,0.7681729830197979,-0.3185271305222198
929,928,-0.9399440090247493,0.1633719562752108,3.0715745071062113
930,929,0.8901989003551009,0.3427562659253278,5.146631797928986
931,930,-1.6724336245735638,0.8409247861313259,2.566189632337316
932,931,2.079667030573969,-0.893594606523278,3.0776316293980486
933,932,0.8908672771999804,-0.04423896171089916,0.9298394554622569
934,933,0.05125977906599329,0.18951023257419117,-3.845633694624033
935,934,0.3281570512185213,0.8436976562123858,-0.2024583363297774
936,935,0.7446785399653306,-0.8356560165304321,-0.5108741996571491
937,936,0.30890652862873547,-2.453966681479813,-2.3800723046662844
938,937,0.7943540431886202,0.4696685662810258,-3.015460085284725
939,938,0.16545389651738737,-0.7446051195699498,7.941794590117683
940,939,0.6162974673823546,1.2887564679598527,1.2154012684603042
941,940,-0.5009951812707366,0.2774469401159051,0.4323127654757972
942,941,0.9472141862095951,-0.37142945602020616,-3.6881878848922396
943,942,-1.0548814813668288,0.10343583108121458,0.6061859786145303
944,943,-0.5765340860821033,0.4448191355007109,-1.7032003471384929
945,944,-1.4844841086797964,0.35268966728417006,0.9703987231281797
946,945,1.9753129455140264,-0.3567476906366913,6.239905833519218
947,946,-0.30567354600874896,-1.7058818332060826,0.295061831355001
948,947,-0.7496079707986673,1.1894073976720654,-1.7413466345036703
949,948,1.3755188244289034,-2.5941077339370358,-0.5376187085791498
950,949,-0.7743749231931365,-0.5887910003107428,-5.2545303059287605
951,950,0.44190414813376633,-0.6316772740542842,7.144509983038961
952,951,-0.29712917407919337,1.1034666917813836,1.2013846111672055
953,952,0.05029739892765232,-0.5671535606326311,-1.6904819404588647
954,953,-0.5367452341783854,0.6135146923853086,-4.922761107175463
955,954,1.0344995418000351,-0.4257252624974542,2.482793413386702
956,955,0.678462195112556,-0.6166460728274787,4.201220700662587
957,956,0.020848513410449986,0.21459623018932977,1.7753165246061895
958,957,1.6150953405934723,-0.03667595290189861,-0.6713666637731621
959,958,0.5667986696160395,-0.5439576051012128,2.6336969091667637
960,959,0.6856133177540407,0.6814346263726326,-0.5124414093189806
961,960,-0.5827693162964718,-0.2888600762511264,-1.4368114507704177
962,961,0.9245033055532985,-0.7298146844092782,-3.230719270852172
963,962,-1.7196792687688525,-0.6233183143548836,-2.8644753011490427
964,963,-0.27955886897779203,-0.09876956702579366,0.7706389094446976
965,964,-0.1652026704894919,-0.8419655371941074,-0.27099622658327216
966,965,-0.7668029333187801,-0.24810001191047684,-1.4551129216993688
967,966,0.17221588008878286,0.5676322289597663,0.9883988528103123
968,967,0.8018492221415184,-0.458043671642117,-1.7812380696183
969,968,-0.1730662197383888,0.3377590759000701,0.33350203349767565
970,969,0.6192088513036306,0.40886978851728584,3.783384197376086
971,970,0.5725997848146449,0.848134272709023,1.6061686853883947
972,971,-0.9227139662202248,0.39764592434897394,-1.208181974053323
973,972,-0.4583926645636135,0.8333990140243513,5.0390153343023
974,973,-1.7486379063274045,-0.24493818485720553,-3.692676302168916
975,974,1.7127197625594184,1.7994793038235966,3.5652584317171536
976,975,1.8862052496144424,1.254512123282419,2.440575005823998
977,976,1.5955476205191006,1.265536132196043,9.551675651900846
978,977,0.9561302129692235,-1.165531798247656,-5.917347223201073
979,978,-2.217303464537732,-0.12821756772369594,-1.5790411308481986
980,979,-0.3619152313414132,0.6876852947672665,2.85546583856408
981,980,-1.3136543664095846,0.01876681029559397,-1.6991779281472912
982,981,-0.4231373308143115,-0.9043221842094082,-0.3818118412109333
983,982,0.2244559467992054,-0.4968697941510324,-2.4145548275521675
984,983,0.6490845675384307,0.6716628043312147,-1.0267527897571296
985,984,-0.6515153630032767,-0.7008403403443572,2.5964501672483067
986,985,1.3062451536225117,-0.2803104395135593,4.237582456477465
987,986,1.817882529313442,-1.3174283851358974,1.2631864010181344
988,987,-0.27767048099287484,0.9348695003355659,-0.16635762269841753
989,988,0.41194771607335345,1.2322970914964473,8.693951727270946
990,989,-0.13743474770488323,1.2108410005708743,1.5667574278198753
991,990,-0.3884580839343037,0.004496610186517776,-2.598964021264381
992,991,-1.17912535148727,-0.15396667091153834,1.1893221535550271
993,992,-0.00043045359853920493,-0.5884007370439815,0.42974224262728566
994,993,0.3425768157088935,-0.48963947363446275,-1.7928145656659602
995,994,-1.3431883422029416,-1.8380933261590504,-5.979910415192266
996,995,1.786131525334658,-1.2932441181695007,0.9145832227229536
997,996,0.8426121846835343,-0.19157805515322687,0.3638126876984966
998,997,0.44404509611481296,0.7840046568057175,0.5314726290654077
999,998,0.781779969885492,-1.4597793621348922,-5.724174385351746
1000,999,1.3611216694722468,0.6298433241985962,0.4715437951569069
1001,1000,2.55858933241413,-0.369700206378603,2.3577606011354275
1002,1001,0.756175254758482,-0.15716645877051794,-1.2505950325187976
1003,1002,0.6958704283207476,-0.03637619188393999,0.6437070882944795
1004,1003,-0.08682557147495405,-0.5495292629930356,-0.7861798582651516
1005,1004,-1.1660851788223157,0.8773824464888097,7.174794060846078
1006,1005,-0.8105490784217404,0.36153216291780255,5.033362377072916
1007,1006,0.8535096247077246,1.2615771952574193,2.903694364621283
1008,1007,1.5492400117057195,0.14912995836473772,0.9840620776379916
1009,1008,-1.5399180441849771,-0.003243334166356857,-0.9911216774584151
1010,1009,-1.3189311663372707,-1.96462957330917,-5.020095978210171
1011,1010,0.24880708634348958,2.0420139231506917,5.976175375355868
1012,1011,-1.805066213926364,0.4829551152256807,-0.42802401081353825
1013,1012,-0.004607985655573619,0.3674628917378719,-1.6118098274480033
1014,1013,1.3459871285281584,-1.1971912717184003,1.2273914563263097
1015,1014,1.156094525090391,-0.1323402256671579,-1.3469239657452245
1016,1015,1.208931622678303,-0.7437636085419986,-3.052493380092256
1017,1016,-1.574575128416083,1.0770694460301533,2.8017034657498887
1018,1017,-0.2557903757046224,-0.44938414515116415,-5.525724295630878
1019,1018,0.748558661824252,-0.34378384365820536,0.40356121457120975
1020,1019,0.22944145118515163,0.4828564606774235,-3.7028663267154727
1021,1020,-1.6446221845396807,0.05312525290263502,2.2601340400698176
1022,1021,0.6842809138187756,0.5162219164639932,-2.729969052950555
1023,1022,0.9100436648318082,0.7931227496582687,-0.5468119102508737
1024,1023,-0.24446372613675896,0.9603198552893636,8.390730668600382
1025,1024,-0.3389705015307535,2.233847467284061,3.417795977517023
1026,1025,1.461840061483521,-0.31556973575622527,-3.6807731014385223
1027,1026,-0.35496868457353714,0.48949413486858,0.4470045047535419
1028,1027,0.909067258464494,-1.8134250943297767,-5.016289075887293
1029,1028,1.2072610803349826,0.8127334161688413,5.638268397396404
1030,1029,1.269866825342553,0.7548442899193024,7.999024044568631
1031,1030,-0.9880020500087674,0.17505449061144396,-6.1031820565112636
1032,1031,0.41999684488342753,0.9147015996843681,0.0011246470160274358
1033,1032,-0.44979265809203184,0.9968873724816292,2.936727775979554
1034,1033,0.003177438663652837,0.5805995599924458,-0.7429999792046261
1035,1034,0.6239435841091461,-0.44002011718315137,-4.948847870324584
1036,1035,0.2903869865066546,-1.2522502072353798,-6.998915998502635
1037,1036,1.1033109148024791,0.06340660437424417,-1.5824936509378886
1038,1037,0.8013112692904506,0.3604592168356127,1.6495781468136304
1039,1038,-0.3900713162087315,0.3361860537169081,-1.855036689735803
1040,1039,1.2639108662770786,0.4075289922530731,0.6427131092221938
1041,1040,-0.2239358182154591,0.23514086858244343,-2.108715865563906
1042,1041,0.1535231856599439,-1.3293346792829095,2.8329562304474507
1043,1042,0.49852265048712296,0.12220840264006083,0.6518147609253834
1044,1043,3.178657997418924,-0.2540428921726361,7.58575650949269
1045,1044,-0.23212280996087764,-0.3423239996769894,0.7967374910962225
1046,1045,-0.1753635038460644,-1.3352595726753602,-8.365400499868203
1047,1046,-1.5894790867873674,-2.1749669616410237,-4.602268960700211
1048,1047,-0.5489703738027794,-0.9518597595344458,-1.9850308146914273
1049,1048,0.09753076486460568,-0.33874847975794575,0.31230582740523505
1050,1049,-1.4148004518426902,0.3994558068279362,-1.1993789059910243
1051,1050,0.9384721968927635,0.6497385665969069,9.525005464676854
1052,1051,0.05215516861487219,-1.233618951386401,-6.9059984108294215
1053,1052,-1.0050176141147042,1.2794075421329463,-1.2436380956815192
1054,1053,1.4943373711922556,-0.4736046476114715,3.2925420335963267
1055,1054,1.279203836181929,1.2165276925214061,-0.5924974891254531
1056,1055,0.2407860496052858,-0.3330120392615908,-0.7721037973899934
1057,1056,-0.4450458830275679,0.7544328405718761,-6.729839146358092
1058,1057,0.3661381099777094,0.2588214710022323,0.9648242988077628
1059,1058,0.49279283082628617,-0.7323993593926741,-0.890123931421884
1060,1059,-0.21690466987554452,-0.9309294625186006,0.14624712753183644
1061,1060,-2.6950620938442422,-0.5237820634246948,-6.822992895734799
1062,1061,0.09814082813241105,0.9275572438853232,2.663441049312973
1063,1062,2.1387808939298467,-1.6213136180050813,7.3101422155957145
1064,1063,-0.8267245579228112,0.30173151504280465,0.2156851352964863
1065,1064,1.9973537666114343,-0.35231716099466825,6.659704379246017
1066,1065,-0.5197894188636496,-0.7477778796130773,-2.7369314289070967
1067,1066,0.6157616106384628,1.1356176058001763,3.3507692511128915
1068,1067,-1.8941203927973187,-2.2389955611733106,-4.421840664466021
1069,1068,-0.3782669677104152,0.6236753862857652,-6.993409350441585
1070,1069,-0.24946840920321767,0.6254493585867579,1.7007646513515966
1071,1070,1.2595088342333842,-0.9824869677445078,5.334841883083904
1072,1071,1.3149112190382306,0.9040164255619734,0.456608782679377
1073,1072,-1.1339405837776646,-0.7192245336223306,0.13027365970156046
1074,1073,0.3922672652690765,0.3913210477991693,-1.7843272855167063
1075,1074,-2.0601175960189417,0.5305077357303707,-4.822300587733858
1076,1075,-1.2247245009718553,-1.976635689774692,-4.300706906418654
1077,1076,-0.3542596206794976,-1.2642710423293069,-0.4474387668282339
1078,1077,-0.5759391311531002,-0.858021057820228,-0.5974559250449181
1079,1078,1.3878852992332111,-0.9322421256757838,6.135250972931844
1080,1079,-1.17960099042454,0.7633485190959088,-1.0517916098815148
1081,1080,-1.5681221541668404,0.41475276845602466,-3.1397148879115093
1082,1081,-1.3233665818204903,-0.156123542802655,-5.671104709702747
1083,1082,0.7044417430248031,0.7283784045598156,3.620468305919838
1084,1083,-0.0160450633482545,1.0624699572677,5.1963153851029285
1085,1084,-0.9973587005761837,-0.9149999152230073,-2.153751998598577
1086,1085,0.2831991871026219,0.8050988358203023,2.119109303917657
1087,1086,0.6090998056605166,1.654167523807565,-1.0901451838529013
1088,1087,-0.9117029041264821,0.8659119304498815,2.1797941437975425
1089,1088,0.4421792575248664,1.412578104972386,2.9487258126396347
1090,1089,0.16728250553259832,-0.71798971224946,-3.708921264052562
1091,1090,0.3159938025309929,0.6951682208051196,-1.353917206060628
1092,1091,1.1363721750198572,-0.93794367303894,1.6758995649271953
1093,1092,0.2656260098008233,2.7854403223121906,3.1120772570044775
1094,1093,-1.4760536642931015,-0.018658030900362468,3.181359378836234
1095,1094,0.4059074001550143,-0.6740650337992876,1.7028273918028665
1096,1095,1.434181070756541,0.6750540024828822,7.292499120916866
1097,1096,-0.36150011093330126,-0.12045143419194908,4.095239251913623
1098,1097,0.5980043607645338,-0.013441654474668802,-0.18058853164362756
1099,1098,1.0885808332327,-0.8033560284451072,1.0359998826665242
1100,1099,1.053681938359024,-1.71795562766863,2.201349176326114
1101,1100,-0.7699887531750442,0.2647297854975196,-3.2108610129651165
1102,1101,0.27755661961332195,1.008109476974685,-1.7716368772188769
1103,1102,1.7301372808286712,0.9533444871218072,2.606407259796818
1104,1103,0.6506768110579405,1.4100341192584103,-1.0725087603092358
1105,1104,0.19212721349659692,0.35245703562861364,-2.5182220891614575
1106,1105,-0.49392558403796594,-0.25876140286132143,2.759531317855113
1107,1106,-0.5044228976648265,-0.6087453419863715,0.8861603110089307
1108,1107,1.0746769459530479,-0.6125395302695518,-1.5382495686411966
1109,1108,-0.6525061440034965,-0.5262518481354533,-0.8525400756816581
1110,1109,0.1410035303073877,-0.0082470397962248,0.10105123110511949
1111,1110,0.5540980856406251,0.5290568067508112,-3.4888703242777255
1112,1111,0.7446218800104099,1.1521896673608139,7.410392660095769
1113,1112,0.22756229492193408,1.8276485266713596,-0.7416027417689728
1114,1113,-0.1781632392078326,-1.2272866387228873,-0.21952521060791405
1115,1114,0.4606531827497032,0.7309751998459574,-0.02547749370209207
1116,1115,-1.0956685249006517,-0.016482049762347902,2.799810068288876
1117,1116,-0.6849403398987222,-0.23113179519948493,-0.9563551571858224
1118,1117,-0.12302197169923905,-0.8178854245158864,1.230192953285015
1119,1118,0.27130571934729664,-1.2204002368116593,2.166222205646134
1120,1119,-1.0755299828136375,0.8105808610189846,2.714499711490131
1121,1120,1.3838736905239857,-1.0453464953549638,-1.3541050746618724
1122,1121,0.30904027924081356,0.13230114859553394,-1.5826392391939097
1123,1122,-1.259632783597308,-1.8314641448498652,-3.0352360188326477
1124,1123,-1.1525934118040766,0.43507143561727335,-2.574350594783103
1125,1124,1.3090406537420427,-0.2311457596897365,-1.908751277539336
1126,1125,-1.4466875741628233,-0.4688862579832309,3.465140656573687
1127,1126,-0.49759596060390565,-1.4384098629309292,-0.21095969946492055
1128,1127,3.0234716247518314,-0.05105108261500928,4.31046401257986
1129,1128,-0.749734151984643,0.16014301532136174,-2.4630851677902648
1130,1129,1.13528252882755,-0.5523126652248007,-2.2240509687971275
1131,1130,2.5105430691413515,0.40772790944130805,3.198748578552707
1132,1131,0.3991349457584744,-0.45770902633200927,5.127052537408479
1133,1132,-0.20702797843884374,0.06593378470943544,-4.007591500408658
1134,1133,0.2434756936838799,0.5165762043429747,-6.201113945064261
1135,1134,1.368129434860279,0.6218289573382725,3.6830591270043564
1136,1135,-0.6642058098906869,-0.8522783740871891,-2.3361469075893333
1137,1136,0.6139753958629153,0.8926824537019998,3.243361076323848
1138,1137,-1.5944268930963108,1.3033628418834318,-4.910615111743227
1139,1138,0.9056919928765638,-0.9214250745352407,-2.3100262813732346
1140,1139,-0.21851526635913407,2.128186955860106,3.805898061951072
1141,1140,-0.1813887938914638,1.3078209699967895,3.2877091364164914
1142,1141,-0.3800365326778704,-0.909540692871266,-1.4101497096140139
1143,1142,-0.04356199853741673,-0.9947955139143807,-0.3368001599591459
1144,1143,0.282230550030221,1.254885252860707,-0.07357238849896341
1145,1144,0.687784444722982,0.18796759085445397,3.3920546032495595
1146,1145,-0.609130008532435,1.3899067088481312,0.652588098826488
1147,1146,-0.3290812837561161,0.521798917600597,-4.257050525706915
1148,1147,-0.27192628963986093,0.08290373012676075,-2.0919704527109335
1149,1148,0.4891249598731131,2.745215577486571,-1.399586787259005
1150,1149,-0.33653338632855134,-0.6399653771644217,-0.953719710499576
1151,1150,2.45277790787579,0.5898999829871856,-1.254536068783135
1152,1151,1.379407677175008,-0.843739938818396,2.978246338364417
1153,1152,0.38405721639809703,-0.4921045296358475,4.738587582262799
1154,1153,0.5557511875603156,-0.6612442435964659,2.7084394002569776
1155,1154,-2.26392482265473,1.0579047141360791,-2.52941766772925
1156,1155,1.232482520162342,0.03565750602143328,1.0517376789204391
1157,1156,-0.5770405493203485,0.49239525679331514,0.06890794970618222
1158,1157,-0.12766929260273707,0.14920030908417253,-7.342079777219357
1159,1158,-1.4388039824209795,0.3911498599647225,2.289154649155242
1160,1159,-2.2497891901403344,0.875336152574921,0.1631413297051334
1161,1160,0.9847927890505529,-1.502610286438717,0.46635656314551266
1162,1161,1.6958365665443582,-1.1218983824569386,-1.7284297617942772
1163,1162,-0.8046210706147572,0.6275319482062479,-1.5052266775316612
1164,1163,1.1038555179565335,0.6258079240198956,2.11793943166093
1165,1164,0.10321573697225844,-0.598558927004982,-0.19287775603591628
1166,1165,-1.45826173624672,-0.9951236244106736,-2.4835899982179934
1167,1166,1.1016610049130617,1.0933975249515868,4.9711226568247335
1168,1167,0.8944857705105146,-0.7616367246529737,2.3868245181722747
1169,1168,1.0773411305837661,-0.6918088538383265,1.9433785082771677
1170,1169,-0.3265404849372252,0.7366143265237219,-0.8357610010448682
1171,1170,0.6791371507844112,0.15531357612698718,0.23831927484563603
1172,1171,0.11892765661311616,0.3234955615906066,5.5702276932878005
1173,1172,0.03451419954742953,-0.32090307437956167,4.610576721054533
1174,1173,0.7060486621548353,0.5189671339467532,3.7011547487254073
1175,1174,0.3515871466897103,-0.2861961731675994,1.11980269718461
1176,1175,-0.24325086282844172,0.17023076946560417,-2.4822821453990573
1177,1176,-0.4017057742740951,-0.09208784517942152,6.594304601355662
1178,1177,1.6146769918811545,-0.7162507887602286,4.699539278606432
1179,1178,1.2113641491102938,2.092328317045675,0.4929755170639761
1180,1179,1.2401954552169234,1.005137280924989,-3.070642328042225
1181,1180,0.6883304010486835,0.7000188130303129,-0.5528614372509775
1182,1181,0.20497620655990614,0.29822046511971073,0.2867980595429822
1183,1182,0.9705307691249887,-0.5329685407585159,2.7349089641146436
1184,1183,-1.850535645622384,-0.9349108252842616,1.5668966232489794
1185,1184,-1.1378683288797478,0.6941220051102815,-1.0235662798684468
1186,1185,-1.1622009331998417,0.4764590348764474,6.099052352233787
1187,1186,0.6450356947987704,0.24676563348911562,-3.5610754316387085
1188,1187,0.5417737628654609,0.9240183545427982,7.13697475898235
1189,1188,0.9046680264090609,1.3956910037222292,7.472132804583138
1190,1189,-0.5044797170788559,0.03666134018523741,4.372745467851368
1191,1190,-2.7906374450377696,-0.3389138355318013,-3.4920128314784042
1192,1191,-0.2664505293188553,1.1636831431566665,2.481345057219329
1193,1192,0.2528726623382878,0.2929424307537095,-1.5045853467046437
1194,1193,-2.3863408805930892,0.7271765619869944,-3.98810273789047
1195,1194,0.5199042468453164,0.6082572958476876,4.738667006647676
1196,1195,-0.639551486542484,0.5465430171875024,-3.011721031861387
1197,1196,0.532481483608822,-1.590489381098975,-2.333784327861429
1198,1197,-0.5494225423987245,-0.8510637441939819,-1.1598071486138226
1199,1198,0.8610656258787464,-0.6579161155849051,-1.2709192220675034
1200,1199,-0.5784452062152803,0.6478155110492709,0.3176981655075437
1201,1200,-2.4017125070763754,-0.29945681473003677,1.3321154296097162
1202,1201,-2.775969876622891,0.8828732092929205,-5.390998665369925
1203,1202,0.3456686686421581,-1.6155226780664786,-9.024278007378722
1204,1203,3.445707165302918,-0.2456487119717634,3.834591694915544
1205,1204,0.20592712421887296,1.845759292215343,5.709456787241489
1206,1205,-0.9514610586569479,-0.4016968392882432,-1.486347838962815
1207,1206,0.8032483891924244,0.27014449537501706,-0.3784988724839684
1208,1207,-1.6113054258571664,-1.1964015975988243,-1.5380060437919592
1209,1208,-1.193947809021604,-0.05703988145980578,-1.8125628714429942
1210,1209,-0.574793030714387,1.4331537029594168,-0.2063670252798352
1211,1210,-0.5568834680995526,0.7436253889664843,0.5303889298231642
1212,1211,0.17773615240832125,-0.5623124516521342,-3.6767106530577234
1213,1212,1.2774308993917494,0.6954908148902501,2.8958300350976023
1214,1213,0.3906179308006272,-0.7567149476418141,-2.4915714995172005
1215,1214,-1.3563714441336003,-0.028642718574343598,-2.9564603020585665
1216,1215,0.7545632824406191,-2.02632032536614,-0.4428132682139394
1217,1216,-0.8638457179983071,-0.0823705049779406,-2.790799850760836
1218,1217,-0.6740676515924602,-0.30490427018606087,-6.3414245220146
1219,1218,-0.470163823292462,0.7348040994354216,3.1369533626241997
1220,1219,1.6356272415259985,1.3580645708390533,5.102355043810518
1221,1220,0.5396768959477216,1.9755802086218308,2.850224695828326
1222,1221,1.0792339323476088,-0.7101944194824409,3.8080091594113865
1223,1222,1.5362127837646695,-0.8834224070398454,1.403877949027204
1224,1223,1.303129893210663,-0.22783100845973608,0.46565266721186915
1225,1224,1.5460406823623116,-2.039689116256345,-4.464819438806984
1226,1225,-0.20582702797182684,-0.2925136096004923,-0.45896558636083346
1227,1226,-0.07091865753871375,-0.4561178616036561,5.925131994565253
1228,1227,-0.07231305391655043,1.1185816121013883,1.3211750268280011
1229,1228,-2.0939330926308424,0.6211470300411689,-2.6145915304954217
1230,1229,-0.8099421831610503,-0.759309570591332,-5.307045841325657
1231,1230,-1.2874372739268012,0.8102146267979591,-3.773851788656644
1232,1231,0.8908268038133947,-0.11470660644967111,1.3303554816168295
1233,1232,-1.7511889867788732,-0.1150049466042798,-3.898640895660079
1234,1233,1.7456401304282503,-0.9606914234005824,0.8838457473458681
1235,1234,0.8955613983335037,-1.1662353967042949,4.576160792041485
1236,1235,1.3114277909835905,-0.9898959478283452,-3.2802446417377698
1237,1236,-0.607837147822324,0.4590696590629042,-7.247171283180219
1238,1237,1.1873239945644727,0.42812592798638655,1.556014745338452
1239,1238,-0.23434402801985407,0.8771360208258738,1.0116942929510269
1240,1239,-1.8708070799003815,1.8877702310732718,-3.796409660119064
1241,1240,1.595659724614805,-0.04447260518384166,7.48213354094425
1242,1241,-1.1468163425541336,-0.6541344446883118,-0.0679298855586977
1243,1242,0.501544366213511,0.9334166861688034,4.646394983394197
1244,1243,-1.6036463737103268,-1.2996058174682026,-2.6626313994983644
1245,1244,0.5535268812328116,-2.1699225603555874,0.3977870727086288
1246,1245,1.0143443060759127,-1.1794078625231295,-1.1241069089335365
1247,1246,-1.6743415326986801,-1.1494929093561037,-0.09532185268170046
1248,1247,-0.9686286882198122,-0.010698247585249412,-1.87605406872619
1249,1248,0.5012932225091075,1.1180618422169237,-0.36074705390276424
1250,1249,-0.3513965090878469,-0.6222548969836887,-2.3917164873608834
1251,1250,-0.7337621134705595,-0.9579038423444688,1.2311934349031637
1252,1251,1.2720264697815822,0.34563952497631517,-1.4579101647332084
1253,1252,-0.1113295725207491,1.089933876136878,0.6993045812715148
1254,1253,0.43168280953353316,-1.0063709695949965,-2.168579111084987
1255,1254,0.4290017272861722,-1.0369633675124692,2.118627885980714
1256,1255,-0.04708308030289857,1.1088375512557835,-1.5096578457067857
1257,1256,1.254758431183575,-0.5063243164176772,-1.5616007713837339
1258,1257,-0.6399286302483265,-1.4145533703550528,-4.423438772327657
1259,1258,0.21363362307615671,-0.9253252798048798,-0.37759271789746496
1260,1259,2.430815526170499,1.420237442789714,3.8468574009818357
1261,1260,-0.1984983347540273,-0.09797777159881983,-9.287977877771374
1262,1261,0.5162372543734125,-0.18663078798146346,-0.12809178259960796
1263,1262,0.11623782229478183,1.4842470862935022,4.707994933401901
1264,1263,0.27318217010413953,0.5038383140258224,-2.723059756249918
1265,1264,-0.058613026975656346,-0.8967939853111208,-5.867373484317739
1266,1265,-1.422225925910829,0.31374197457429337,-6.203487194585853
1267,1266,1.3631237911179839,-0.9571001107539429,-0.6412904936133295
1268,1267,-0.5804459509323695,0.03750195104501713,1.6626410135829466
1269,1268,1.27016091567129,-1.5355426947519677,-1.0088547311503588
1270,1269,1.7477090189107203,-0.7842860506230195,3.8382713555343586
1271,1270,-0.6076347818972524,1.1224250989676503,0.631965272524263
1272,1271,-0.4287162287211887,0.09397824823890584,1.4453970259707996
1273,1272,0.18704504461382795,-0.058569305986354216,0.5834220554550793
1274,1273,-2.517887540816619,-0.9555211936529003,-4.41954719370422
1275,1274,-1.7523867537078424,-2.0337816581031394,-7.604920786899405
1276,1275,0.06606526678409064,-1.9766808473707147,-2.960360083525234
1277,1276,-0.9882239742137188,-0.6106692557601074,-1.8813465243152978
1278,1277,-1.3820925096520371,-0.7671143617430386,-4.702421300576866
1279,1278,1.1586944939577473,0.30175399418352744,0.6871128091117806
1280,1279,0.9241849225363178,-0.8880034780529584,3.344786766593635
1281,1280,-0.9279537404307321,0.5787014613624297,0.7191585261683968
1282,1281,0.07911903047512583,0.5796589691042398,-1.1584888662834532
1283,1282,-2.0575416350640467,-0.5453125915307829,-3.244396651992722
1284,1283,1.400814087648872,1.2350416780534756,-0.37673706535901463
1285,1284,-1.3945992263600446,-0.6610067639422019,2.2014113352389155
1286,1285,-1.8468978733750556,-0.5908121595717524,-4.404443234947622
1287,1286,0.4083564036061794,0.25707269882171685,-2.4105475829947185
1288,1287,-1.3954944596025434,0.3836839813528855,-3.515856586351373
1289,1288,1.9717491579133823,-1.0238723855307992,-4.044501230679563
1290,1289,-1.5008236301811837,1.3113426185576873,3.356036550638551
1291,1290,1.0400262382569763,-1.0168019264618755,0.2601017213927421
1292,1291,0.3948355797572156,-0.955525218908622,-0.4404356948158702
1293,1292,0.8854161156424343,0.182151986587699,0.33613894261427807
1294,1293,-1.1893359861257156,-1.2969975884282576,-6.939691588166606
1295,1294,1.7100436880827798,1.0550059261707132,3.3434242769573266
1296,1295,0.6737525663097373,1.5764428323149704,-6.305149050737896
1297,1296,-0.6468660169476551,1.2153370014445004,2.578592033373195
1298,1297,-0.8896979258943193,0.33728094420476057,4.786279568536823
1299,1298,0.013598855582934397,-0.6392584432561158,-2.320396415560065
1300,1299,0.20711481275169796,0.9227650974259938,2.2454513390554016
1301,1300,1.0351069913633681,-1.7430792439123144,-1.7602195615714182
1302,1301,0.09629847357791158,1.1769958931468814,4.6539919848511815
1303,1302,-0.4954649466326824,0.0019578061010374656,-2.4002840801279417
1304,1303,-1.8336066602257837,-0.6926998336592018,-1.435967715846376
1305,1304,1.7816536893723176,-1.2107020277347385,-3.378474921327085
1306,1305,0.04419893695514735,-0.5203798754719301,-4.455953311460398
1307,1306,0.15272337645036396,-0.1495783114259826,0.2408814790095794
1308,1307,1.1410555831895566,-0.09688289042254766,3.376901241085445
1309,1308,0.04966988281490674,-0.6658309893913837,-1.5918723333442295
1310,1309,0.6743827283547656,-1.2370365056531052,0.8821695527203198
1311,1310,-0.029765830456069623,-1.679598597672978,-1.7155001782057684
1312,1311,0.2205789086875229,0.9987607790409966,5.031899136909367
1313,1312,0.5390111100681344,0.6840594718913346,-0.6242188411630855
1314,1313,1.5685525700783118,-0.06101668597959394,1.745145693805586
1315,1314,0.6508481249552223,-0.252715976064369,-5.435671002016078
1316,1315,-0.9128243974202261,-0.7394694692353776,-0.16974232391489008
1317,1316,-0.050422256977683225,-0.894363891683847,-0.6925000677248312
1318,1317,-0.49146661237010003,0.0003154818176023697,-2.7027443252296184
1319,1318,1.771440803908383,1.8811476390699164,0.14907556368764294
1320,1319,0.98275361851843,1.7026672672251713,-2.3991797707785207
1321,1320,-0.47931793691748076,-0.4247331457570392,-6.050358924708842
1322,1321,-1.1397573796087828,-0.8389696142488168,-5.463878237639127
1323,1322,0.6572546834001263,1.060135660565058,-4.524250195799058
1324,1323,-0.1626258072547823,-0.2891481576194174,-1.759092681827919
1325,1324,-0.16683469654411223,-0.09155574402825982,4.111384535155404
1326,1325,0.39014011606877314,-0.6945282633465434,5.058757508787906
1327,1326,-1.0990451317494918,-1.2426188685103676,-3.7813588849885904
1328,1327,-0.01609116929907863,0.28478733166987924,0.5559797632694051
1329,1328,-0.8585749178534905,-0.8215936750464213,-1.045710540929252
1330,1329,-0.5254451847410248,-0.060155049252005856,2.499211979061664
1331,1330,1.1301981420315002,0.07789133822045419,1.844205927472877
1332,1331,-0.5338706017837092,1.3436317350261573,1.1045139799819605
1333,1332,-0.6858277911728817,0.4418700707525201,3.880641158745334
1334,1333,1.0134670914123747,0.025470307224036526,-0.559240044758821
1335,1334,0.21787543753655972,-0.07463724077924276,0.746674109449337
1336,1335,-2.6787897857670235,0.7551606179866258,-1.8201979613255896
1337,1336,0.7124920631694224,0.8825368181848808,3.022755321184371
1338,1337,1.1336956738485353,-0.2611433283591856,-4.489885830337794
1339,1338,-0.3673059490641488,-1.658792471514567,0.36776379056995323
1340,1339,-0.7664718888822795,-0.6881265405805694,0.07079191486566122
1341,1340,-0.9852782201790464,-0.8618078551682429,1.2811046791041922
1342,1341,-0.11083238455663776,-0.4367342497369573,1.6325101817287466
1343,1342,-1.4167740748881235,1.567029477061299,-5.993440552878071
1344,1343,-0.38424747408424514,-1.2303311330057656,-1.1263488262002816
1345,1344,-0.940251930349856,0.17645910159664224,-3.119826771503634
1346,1345,1.1708668774387014,0.45292434150623845,6.257913511355808
1347,1346,-1.1011396875315314,1.4744904539979857,-2.4355764697010898
1348,1347,0.9430894743275391,-0.8482612070694318,-3.2616018113567993
1349,1348,0.5298066614370274,-0.18944589355231461,-4.0369628138924725
1350,1349,-1.0096364764607924,-2.695777747767082,-2.4820078847964324
1351,1350,1.0811261880604617,0.8660396795726198,4.9765031025874205
1352,1351,-0.19916001064771502,-0.3818499287144138,1.519563719723954
1353,1352,0.051405046209402845,0.5175460990477894,-1.0710751028589138
1354,1353,0.620821369262402,0.5188002460259681,1.9433569373081971
1355,1354,0.03451387121619411,-0.46889197495361074,-2.7407992785706154
1356,1355,-0.6949461729640513,0.11316891861628729,0.7930437389915658
1357,1356,-0.34316512475559774,-0.2030856384162289,-2.3131071086001604
1358,1357,0.31210320635807814,2.0333761301314497,1.9014021848173634
1359,1358,-0.48647349269870627,-0.3570483525666921,-3.15318389231156
1360,1359,0.7894318053373052,0.5375941194320581,1.955916753495155
1361,1360,0.1831037761286933,-0.4273750189957357,1.0068732666781635
1362,1361,-1.1836716485441712,1.0191773100580503,-2.016413469215614
1363,1362,0.1834356966197382,-1.1857825022159798,-3.938752128474533
1364,1363,-0.9015608965379341,0.3628516928529129,-2.73204014086104
1365,1364,2.186347698052971,0.037144725047205965,3.5825264758209086
1366,1365,-1.7805113275885294,0.6577645917036337,-1.8965588653731182
1367,1366,-0.10674112301353612,0.7705830643245434,4.056489370930331
1368,1367,-0.0851690118178317,0.3950409610668555,0.16968855507454406
1369,1368,-0.6475785499274649,-0.861319355297218,-7.49358106372364
1370,1369,-0.3424681611653437,-0.41476990766431465,3.337232758229607
1371,1370,0.6654535442066426,-0.8291358022301885,-1.7519432457431323
1372,1371,-1.2138239952125953,1.8785179140305268,0.48651772632939905
1373,1372,-0.8214090625029457,0.10813637605339761,1.0096179899794668
1374,1373,0.15462697324136773,-0.8721556269896538,-0.8706868936994265
1375,1374,0.8544997104299276,-1.443124096451162,-1.8078019007847634
1376,1375,0.34179420812783395,-2.0646414708458676,-3.4334642564125875
1377,1376,-0.09029812335785734,0.04046839699380832,4.391087656457703
1378,1377,-0.45424225810086427,-2.6347799377431045,-2.5782767959898463
1379,1378,1.3856843147836913,-1.0217086820167576,3.830497985405303
1380,1379,-0.24924174024960188,-1.13414554666938,-3.0362094207191057
1381,1380,0.7365945868915372,1.5833960920997108,3.8176406591212237
1382,1381,-0.19190291389853537,-1.3161317906217824,3.2615676023549174
1383,1382,1.9544249052300775,1.4651054320138108,9.301799992317921
1384,1383,-0.4755310617461779,0.241915439535413,0.7747054636338964
1385,1384,-0.16630768825220835,-0.5261286610828446,-2.984410890758797
1386,1385,-0.6870523305637611,-0.9988768157664911,5.602304227108652
1387,1386,0.8232612724499873,-0.6814307124308078,5.968769340736783
1388,1387,1.133561520044476,0.2532790301783163,3.167801859615988
1389,1388,-2.1548301503470206,1.7773121065538546,0.23043889058922973
1390,1389,0.8627761067482889,-1.0882067891134113,-3.5368657552329053
1391,1390,0.0607147177329699,-0.8631010330591463,-2.7943301584871927
1392,1391,-0.5641796411679239,0.25547039070593397,0.019945717388964335
1393,1392,1.6532184869487807,-0.27214727783415155,5.449422961857531
1394,1393,0.5955887145764003,-0.2030345093271539,0.5616932773229566
1395,1394,1.696724506667269,-0.39812072583987496,1.568891782618846
1396,1395,1.493078256179227,0.814374618397836,0.9445654626937273
1397,1396,-0.7804331084275902,1.481665754172577,3.0353332628369345
1398,1397,0.6311719056589135,1.0804947534142257,0.5558299512132926
1399,1398,-1.0287091123796108,-0.5623855564786711,-3.783801574994226
1400,1399,-1.6172927542126379,-0.20191967057864926,-3.0396176647635693
1401,1400,-1.4332710104674269,0.4487757060011973,-6.051942336833821
1402,1401,-0.3405697429299829,0.799784623074353,-0.11878299325396313
1403,1402,0.5617132718896981,1.7123915771414124,2.1667246691751316
1404,1403,0.13093407044289873,-0.5347796195811645,0.9428964832817823
1405,1404,-0.8909855456991246,-0.08392056053512931,-2.7904601262454163
1406,1405,0.5594413558975826,-0.13240019721514182,1.9134822327301788
1407,1406,0.6099977773290699,-0.5567602671315971,5.2615997121510665
1408,1407,-0.920184349898616,-1.5036736786717133,1.8706579199279298
1409,1408,-0.17090885820255086,-0.06274495811038648,-1.5585934734932234
1410,1409,0.6085125541653819,1.3021253457055086,4.061870895082091
1411,1410,-0.06042516647121751,-0.3901174282610836,-3.407318436623318
1412,1411,1.3377460536130144,-1.585124971893562,-2.0859539189070304
1413,1412,-1.3129475918898188,0.03836981662883681,3.0984432059787665
1414,1413,1.065945705318771,2.4960629732054764,3.974071435444441
1415,1414,-0.3232022332320867,-1.1775945894408475,-5.873986660280199
1416,1415,0.9058705182315617,-0.48091880170989676,0.9432222971483055
1417,1416,-0.07916302797058972,0.0708242449553052,2.4967914828021263
1418,1417,0.9305956130050753,0.03941056116891179,-3.171222191134337
1419,1418,-1.2391407665627256,-2.589330192264644,-8.345445411383873
1420,1419,0.9942556475128828,-0.8258109165893688,4.057134116487498
1421,1420,1.1269599520913713,-0.12813824301136512,-1.3077265675787682
1422,1421,1.4616581101174682,-1.783098951237737,-4.0695673738516325
1423,1422,-0.248662736713996,-1.0465287991201042,-0.9910324962669618
1424,1423,0.5140387681572203,-1.1786033719406226,1.4451647840695305
1425,1424,-0.8536669116976582,-1.0016459348982312,0.7591424798730496
1426,1425,1.2794908399521319,1.9863209914554703,-2.985363149982421
1427,1426,-0.30795761660767346,-1.1005374572459292,4.027639918180394
1428,1427,0.6333678074394948,-0.8096907489938291,-5.299192924254387
1429,1428,-0.6003134667817478,-1.0520205455551532,0.3979129924894961
1430,1429,0.6080521363917422,-1.6197408195628116,-4.315301234412609
1431,1430,-1.2776170355393057,0.9833575547443001,-5.114674856241818
1432,1431,0.9692519616550188,-1.2923943657762982,1.7974372765791617
1433,1432,0.40006342405285095,-0.01933922198922048,-3.730402299462731
1434,1433,0.432883488741695,0.18383137567611726,-1.9023908987565967
1435,1434,-0.6257605338124271,0.36210759534784187,1.3019167541652292
1436,1435,-1.1224520587321816,-1.7464431646339453,-5.995163675027162
1437,1436,0.8219338816996139,-0.22723608608272683,-0.7113611985765915
1438,1437,-0.007874400053390582,-1.2047197811937562,1.775752514240537
1439,1438,0.4360744386176406,-0.25551428307694746,2.9946810525075915
1440,1439,0.23634917669939334,-0.8983166546529275,6.635840465750985
1441,1440,1.7026295377682168,-1.2687700318854118,-0.1277269388750984
1442,1441,-0.2009078973039892,1.5633316393491672,0.5970831053667853
1443,1442,0.32922037718123226,1.2609174690821034,2.4250702036751703
1444,1443,-1.6845589933788017,-1.8878399156137542,-6.28646149323147
1445,1444,0.8868569245648866,-1.774636436900929,1.9552030555893327
1446,1445,0.2181686173833443,-0.49349936438721714,-1.1398342042373786
1447,1446,-0.17141473467585358,-2.292704265531357,-2.5872764736421345
1448,1447,0.16920284529466406,-0.17932874262096257,2.6623174796177205
1449,1448,-0.10735769443464205,0.8561471831541244,-2.2600195810954413
1450,1449,1.7242950048178625,-0.1289022120848798,2.324882711285561
1451,1450,0.622693201298401,0.2634297657350198,0.48747065588670146
1452,1451,0.6173119311466547,0.019563205367705637,3.1296476198435585
1453,1452,-0.8945979216260986,0.11764283427075149,-1.5474803268120223
1454,1453,1.663809632498707,-2.3058864455592167,-4.144502682000975
1455,1454,-0.09364913190929632,1.2728668633609166,2.628564768943292
1456,1455,-0.30989620021182435,-0.18026605770204054,-0.18976783299384184
1457,1456,0.3896910680959928,-0.10611615584787243,-1.3089016368892892
1458,1457,0.03672092800250068,1.0865371772659855,-1.9193909319843687
1459,1458,0.04101248017777509,-0.6756223460624592,2.6011533286259576
1460,1459,0.9575894939865548,0.6738100490799999,-0.7158826789448469
1461,1460,0.3874692233423952,0.4497871702993418,-3.1277431005972827
1462,1461,-0.055875174088710754,1.2415513410765329,6.213341122875753
1463,1462,-0.7051851164917871,-1.506602036277322,-7.307114860684781
1464,1463,1.2061651258649868,0.3660643298535,5.9966375614487815
1465,1464,-0.8837259641411261,0.4891036291744912,4.180198090600329
1466,1465,2.741220847957359,1.018934098518078,-1.6053787120481215
1467,1466,-0.9549170826766592,0.9906530841213432,-0.07756916114512147
1468,1467,-0.7927591010279148,1.2582334885550563,-2.372131618019529
1469,1468,0.37093657935010566,-1.2285350299763191,1.0992085925797594
1470,1469,-0.8858330432844272,-0.8548496145902057,-0.6609086958131489
1471,1470,-0.7263493471633741,-1.2766112882575065,3.340666827059846
1472,1471,-0.4611996258295332,0.5488980263799521,0.5684294560044607
1473,1472,2.437392051043615,-0.9620900524397086,1.9972220319894032
1474,1473,0.7096535145916253,-0.3133614774786705,-0.5651218937102893
1475,1474,0.7988243665863439,-0.11795290016880905,2.504076211950223
1476,1475,1.8397755494334513,0.09339890766383623,3.246314291787186
1477,1476,-0.23723161234013207,0.7344240540989176,4.856480020520309
1478,1477,3.1310548592089287,-0.8595631420201505,6.290480176128741
1479,1478,1.606227067199576,-0.04216661425048125,0.23828688137836732
1480,1479,-0.21915737710335345,-0.007783848668916463,0.532269429469332
1481,1480,1.1336183766318038,-0.16177825144571328,-2.873014557073225
1482,1481,-1.0537839962298843,1.1603564139633842,4.076518986279902
1483,1482,0.8345106718940337,1.5363591256934652,1.5455453363492615
1484,1483,0.5599822820932855,-0.10600504092626464,-1.9372212092334224
1485,1484,0.02821292715003359,-0.036247065002575005,-1.2912061708594251
1486,1485,-0.7556903360294066,0.002363293239249898,2.852507578654687
1487,1486,-0.34363878537158343,-0.3102044936911369,-0.128981485384477
1488,1487,0.6946565154736589,0.013174343935463979,3.5800184980218046
1489,1488,1.4063364715588889,0.9994709880850547,4.378352217627369
1490,1489,1.811277369742425,-1.4836541712990785,3.1455806628593197
1491,1490,0.4937024619973823,0.23602229393806926,-3.1029900414112266
1492,1491,-0.7111073492530811,1.0628459398482675,4.046232266255876
1493,1492,0.6316494467794399,0.17754257578678473,3.559194631959124
1494,1493,-0.09339351054075672,0.24503372037055984,4.831963964019936
1495,1494,-1.101795037656738,0.3332012656553306,-4.186703231100035
1496,1495,-1.0348475864490239,-0.6260022345898872,-1.2843783600500718
1497,1496,-0.5123569877392657,-0.9517737219970245,-10.373216180392644
1498,1497,-0.46495372970961507,-0.9065527353850776,0.4941841979944952
1499,1498,0.5436866581363593,-0.2339564676224962,0.8696802453796759
1500,1499,-0.2251410468455787,-1.8460345980009543,-2.1595208668280645
1501,1500,0.609745250589555,0.4877999829159003,2.4165396592410917
1502,1501,0.010181330982325081,-0.6992066852132058,-4.92155409598079
1503,1502,0.22060071594693015,-0.03704118902825396,1.1023358713294558
1504,1503,-0.05662082466161871,-0.34663833647622977,3.886449455069345
1505,1504,-0.3444498357068538,-0.9999316454777493,-1.7307390908496108
1506,1505,-0.26817718502202864,-0.011201895877846766,1.6409894114183303
1507,1506,0.23352261405394456,-0.5836020921502361,-3.0358549333106226
1508,1507,-0.39201428073725025,0.378370059394249,1.0926491569186443
1509,1508,-2.285436348519588,-0.8809155798131288,3.5548981599225433
1510,1509,-1.1443782461748055,-1.8045002813972812,-0.5779748532412397
1511,1510,0.5883357089137797,1.9867113142529365,7.292424389582252
1512,1511,1.190653681107508,1.5930415154884425,4.653574956361759
1513,1512,-0.7819675759000082,0.21979813713528507,2.1322225836028554
1514,1513,-0.6016718641497759,0.8260703259659342,3.0318125264751847
1515,1514,-0.35267785171070637,-1.2605395300678264,1.0317264097595409
1516,1515,1.334047231987128,0.5953075874484232,-0.776698438035714
1517,1516,0.4456597861545306,0.765038322244089,2.27584013262143
1518,1517,-0.3868604184976377,0.06971574290255056,3.499347805059145
1519,1518,-1.2018926110366575,2.2595614448412644,2.8788629679625415
1520,1519,0.2206967916497805,-0.05505589717071969,2.8497907691652036
1521,1520,-2.4703654998210722,0.650957171780717,-3.8636178036585545
1522,1521,0.04917280607685076,-0.4886992181633219,-0.9395724766924023
1523,1522,0.003083739581254008,1.468379778282609,1.1308391507340543
1524,1523,-1.7572089391106334,0.12114966722775233,-6.587411271027688
1525,1524,1.2729389609294768,-0.561521296269137,0.12606712253843616
1526,1525,-0.16203170179769502,0.8943389371277872,-1.610528286289688
1527,1526,1.712133438176941,-0.5466469490783651,2.0025887586182183
1528,1527,-0.11446491940670724,-1.1431095383343743,3.506298336333671
1529,1528,-0.02826443728790351,-1.473700312511208,-2.5069107248529585
1530,1529,1.6114679626982542,-1.1800232331757712,-0.9145989416819535
1531,1530,-1.5784333812580231,-0.7213610465309827,-6.339209154102733
1532,1531,-1.483958312321605,-0.7686502966565143,-5.03204273523489
1533,1532,1.5913098022266563,-0.10770474635142893,3.8449292697918387
1534,1533,0.4634411321414045,0.6493841897318063,1.841337982096512
1535,1534,0.6667240765091068,1.6407295529511259,0.8871624577374364
1536,1535,-0.11730842503290537,-1.8774028262091602,-6.938811067107872
1537,1536,-0.14588727765304482,1.7098115605819733,2.1153842167821373
1538,1537,0.7498374287105843,0.3230002442017746,6.378090714434516
1539,1538,0.0038359616040208565,-0.2400147067394897,-3.8575317772597884
1540,1539,0.1111366449497418,-0.6075499991239093,-3.001457967130833
1541,1540,-1.0422242427744817,0.5328161277096092,0.47600580048922847
1542,1541,0.2474135699433105,-0.928696206049873,1.9488467906496632
1543,1542,-1.08637295082225,-2.279744006559582,-6.1492669567490195
1544,1543,-1.6082244128356806,0.3930333296066529,1.755787603645509
1545,1544,0.06564777836218863,0.8884897775433513,3.4624476409303835
1546,1545,0.7660468477213122,-0.7590175878248753,-6.885358012619497
1547,1546,0.5972800393671099,0.6181680789764821,2.854481638703896
1548,1547,1.296332859242262,-1.7300817540215265,-0.5779123600460525
1549,1548,1.0662821334660386,-1.216304738110413,-4.559339330520987
1550,1549,-0.46213171373968676,0.15558103512250823,-0.6577977091787843
1551,1550,0.07102537916615374,2.879628490031999,5.4204560036447385
1552,1551,-1.8439830165282844,-0.5719839038920926,-1.8283111024688787
1553,1552,-0.0011300834952753245,-0.9143005195039031,-2.5113685624474495
1554,1553,0.49883125340565715,0.048459651876616716,0.19616677301191504
1555,1554,0.14955427634014423,-0.737720514777754,-0.27055073983269873
1556,1555,-0.7969708684386151,0.33113541747211583,1.7308998298086702
1557,1556,0.7158585030463794,-0.7248868978415655,4.51918187197808
1558,1557,-1.9662606183321887,0.48125592937083495,5.775385271062665
1559,1558,2.9024199307970653,1.8400603851658892,4.482758172383323
1560,1559,1.1163258155417064,-0.8465710042866152,-3.4100945378486687
1561,1560,-0.3500164125137429,-1.0568256092152366,-3.461571190217154
1562,1561,0.8318262123064658,1.1946529802622692,0.8785543918684438
1563,1562,-0.45899433263887135,-1.107042325006291,-3.184830825962138
1564,1563,0.6942418822906024,0.7387398010753009,-0.9488246852501536
1565,1564,-1.8828224329660346,-1.2508776819194487,-3.944819544596662
1566,1565,0.21761871726801296,-0.1392947078778461,6.327434982465371
1567,1566,-1.2338554022049686,-0.6567891983663011,-2.604703363168971
1568,1567,-1.668268624501522,-0.7761830176875257,1.8023125995080247
1569,1568,-1.8121840147237336,0.9491314855735322,-2.6090988674748825
1570,1569,-0.3066913433511102,2.506971752002932,1.9370387205328212
1571,1570,-1.0613315728726727,0.6703620347345011,0.2744861371763269
1572,1571,1.776202157351316,0.1565077891870922,2.0189995673017975
1573,1572,-0.617490149690974,-1.1902880850470157,-2.722959850758997
1574,1573,-1.3350057565191418,0.8030774259412152,-0.6468459099822179
1575,1574,1.596585188867555,-0.2779809952710636,2.7462413604057945
1576,1575,1.6820485493363102,-0.09453953292768288,4.037899503997048
1577,1576,-0.43891439992852566,-0.4587310720007841,0.7143723052871738
1578,1577,0.4005832245085209,-0.07584183449372153,2.9022008011334526
1579,1578,-0.21917267369927032,-0.5375009074827423,-1.1519845368566644
1580,1579,0.018985535154342197,-0.45391346786976783,-0.9352306546118487
1581,1580,-1.1757062073853584,0.4688372025821321,-0.6473192701538426
1582,1581,-1.448986437866091,-1.292381244775476,-3.876502260450431
1583,1582,1.3738121060328592,-0.11812326305774909,2.470284140317352
1584,1583,0.42256189626974283,0.7863568765595053,-0.19921937832046815
1585,1584,-0.8081850067441918,0.6345363633650365,-2.854527462366315
1586,1585,1.326438651930251,1.2574496415418637,2.511689802071033
1587,1586,0.3752942126841896,0.11502735283112958,1.2603338869473721
1588,1587,2.3441232616637153,0.36056838672431063,4.714433362624035
1589,1588,-0.3366190124056691,0.004506687966222461,-0.786990436857729
1590,1589,0.9435182060214192,-0.4235088591372808,-2.957603852736791
1591,1590,-2.104451548771563,0.7757143744408179,-2.2364413277677326
1592,1591,-1.0279427526082647,1.7506936595663074,-5.285327335911855
1593,1592,0.05633052823203222,1.305345142965023,-3.212226412501865
1594,1593,1.2976129274759325,-0.2173533965694747,1.4320167899786762
1595,1594,1.5088888103999578,-0.8769906835518688,2.6628563290105025
1596,1595,0.8840491935116903,-0.3475647424723945,4.534717543466376
1597,1596,0.19697992918414328,-0.3263128944635903,3.0635992481190013
1598,1597,0.6370827978008851,-3.058166830903034,-2.868478075411434
1599,1598,0.2967338090943219,-0.8689744039827548,-2.5033435863190436
1600,1599,-0.1301355721440793,0.1226341905252842,-0.4576636661308442
1601,1600,-0.3898320037818232,-1.476697401141743,0.10683774201907248
1602,1601,0.5892203443910231,-0.3881868562832151,-0.28894566493443785
1603,1602,0.07219209735591392,0.5668266495975555,-3.2125047190536247
1604,1603,0.3878623420695518,0.7883995090565276,2.209535577292661
1605,1604,-1.505714174742375,0.9955856375910929,-4.265002458877113
1606,1605,-0.32612160042522303,1.3117753467408206,-2.782222352074414
1607,1606,-2.5534168667777184,-0.0672021738173546,3.2257892756529993
1608,1607,0.02516736377995019,0.3559105855159736,5.068147931196036
1609,1608,0.7007439354614915,0.24532915378440615,-2.6833286668096035
1610,1609,-1.1249783556691881,-0.045273987444630764,-2.4106902058258193
1611,1610,1.2787232005585525,0.45868222942694964,2.8158072643099312
1612,1611,-0.2095195362907831,1.158914129322134,-0.3568640053132399
1613,1612,-0.11440630966805233,-0.9765697887305174,-6.189616666495581
1614,1613,-0.40779357281772055,-0.4441338920392686,1.654756461963611
1615,1614,0.11570586681335522,0.9244226014011222,4.45417336620746
1616,1615,-1.7127316912352966,1.4823485143300186,1.0243171409016028
1617,1616,1.0608722524746241,-0.1252810238620668,0.3712358410531185
1618,1617,-0.07810603737323313,0.003048396292129341,-0.7757748809970041
1619,1618,-0.9846810854780038,1.5095565794480492,0.16644480549596907
1620,1619,0.6000661341101939,1.1860230778020229,0.39423403799960866
1621,1620,-1.9163196530521511,1.3837883633565127,-2.957628664991671
1622,1621,0.7932268332705731,0.09911318235090212,-1.0904980352405733
1623,1622,0.2163405325472089,-1.530255179628667,-4.335416060935965
1624,1623,0.31802009955682825,0.2917015147248148,-1.1852641660370302
1625,1624,-0.10501930394325104,0.509115437471642,0.9454926007112073
1626,1625,0.054642909788453056,0.5831467885380324,4.300885111801546
1627,1626,0.7143366463095212,1.7989471820942833,-0.34646124500366493
1628,1627,0.17351940921052011,-0.2752671513212989,2.3419947353045103
1629,1628,0.2839132030027535,-0.0596889040885327,3.174158508357377
1630,1629,-0.45866770589805306,0.7495030441501923,-0.7328671127733816
1631,1630,-0.435629829782409,-0.25327303703349846,-4.148885242723159
1632,1631,1.1096194834285906,0.11002382829884148,5.384006580960236
1633,1632,0.4948879208981244,-0.19546877040669197,1.0661648929896614
1634,1633,0.30257256803231536,-0.8069476699516777,-3.6341335732639566
1635,1634,0.7154788182248443,-1.3844942183374593,2.9214984892669094
1636,1635,0.23262408174420232,1.6696437152098238,-2.3088922496396314
1637,1636,1.5007371042345938,-1.424977102377509,-0.7825886118875036
1638,1637,0.5414023774198523,-1.194571918173627,5.1421019747782655
1639,1638,-1.755780771267823,2.0799859799804303,-1.3094990763093488
1640,1639,-0.10524715239547734,-0.3609389427790926,2.5083003363022334
1641,1640,0.1275471836595666,1.5027703566871218,0.7429162310348179
1642,1641,-0.11162094226222154,-0.07842615461385759,0.4952407049408286
1643,1642,0.14993795230033016,-0.32902737105941476,-1.9459095357174396
1644,1643,-0.2863741834873234,-0.20001869966701818,9.526522989096836
1645,1644,0.33665267309594205,0.176530385714203,-1.775717832517514
1646,1645,-0.2439392635145767,0.012984254242909036,-1.0523903312888871
1647,1646,1.780036277525717,-1.259788514053079,-5.102626470497107
1648,1647,-0.4412587702186957,-0.9286800133651426,-3.2382619327983138
1649,1648,-0.7359146330756465,1.3521011300590426,-1.1101088278867217
1650,1649,0.027535004275905748,-0.8770473775871944,1.4117896744183491
1651,1650,-0.7661994975027552,1.2754235506236953,-2.066600977758382
1652,1651,-0.012761061566147697,-0.8922918356828167,-6.3824009265447845
1653,1652,0.10193655311110117,-1.479249441275902,-0.33953657147390226
1654,1653,-1.1537960711424045,-0.14300623561163697,-4.139675227561287
1655,1654,-0.8255765117704287,0.38201205050142506,-4.563557554451671
1656,1655,1.4870068604601525,-1.079672340968816,-2.198148255758287
1657,1656,-0.8953080157902217,0.3174393115167043,-0.5180650160058495
1658,1657,-0.3019448352602996,-0.25117608317859974,2.0621550951235466
1659,1658,-0.8650002180957287,0.3429817538801918,1.0093754399859538
1660,1659,-0.0803960331518326,-0.4349433014731671,1.9769333887483973
1661,1660,0.25730065123113866,-1.0390011268507275,-1.357760596446777
1662,1661,-1.051472327470539,1.2019135386428867,0.933910180737803
1663,1662,0.7390245885223462,-1.1434822137778593,1.1345565457281346
1664,1663,-0.13699867448168399,0.9784445214437862,4.176157405040522
1665,1664,0.694083871489758,-0.8846468980001447,2.0496707254968696
1666,1665,2.3443441962088145,-0.4585583101309402,1.3338698433825948
1667,1666,-0.013566155898820174,0.012022460473477969,1.1791840030137752
1668,1667,2.9023250638721394,-0.12596747597178293,4.803583441892665
1669,1668,-0.45175065750319177,-1.6254973326596869,-2.6108166147242606
1670,1669,-0.6825182400313256,0.7793439784488576,7.38224646832249
1671,1670,0.7439240585956758,-0.19007912930696735,0.24726581719498464
1672,1671,-0.06322449434279732,0.6081693791398756,-0.3280242559831372
1673,1672,0.8141304475165634,-1.6762389867540837,0.8504481212571972
1674,1673,1.0722690276642868,-0.9387084151497394,2.565864128093946
1675,1674,0.3275076307058061,1.2890208540018233,-1.7366279927485349
1676,1675,0.4231686964501536,-0.7376499456817024,-0.6589060491118015
1677,1676,0.42852041658042217,1.0685310474488277,4.610770184802655
1678,1677,0.6689841896308829,2.6628373674604626,0.5740384804872536
1679,1678,0.3597026177563253,1.5433750569681353,-0.05082994917759026
1680,1679,-1.235778236771995,-0.8605385148666345,-3.423720532751823
1681,1680,0.7440676339805876,0.42815721779747085,-0.33636744417644027
1682,1681,0.993561182019119,-0.5594099551358601,1.034850539118193
1683,1682,0.6828768580346437,0.9231191343129164,1.329865762227485
1684,1683,0.8577006604594414,-0.027319692475475377,4.064908164061986
1685,1684,-1.2609660605819974,0.8539132228281006,4.0360821178691895
1686,1685,0.1268991202175046,0.7114621510663641,-4.493572368248171
1687,1686,-1.6244508363743089,-0.01160453136619226,-1.8781768648364467
1688,1687,-1.0989668043335237,-2.319753928723273,-3.883510546103718
1689,1688,1.6763085099877513,-0.46676151437468744,3.2552827210442765
1690,1689,-1.9905738125600811,0.9498561725257744,-0.5506884559360199
1691,1690,-0.38748304441356973,-1.505701144777436,-4.142983372542357
1692,1691,-0.3976951769163004,-0.38587536685521284,2.263036736410068
1693,1692,0.6501033096998412,1.8551569521035705,0.7105163773739507
1694,1693,-0.7769419823070577,0.9553421814883344,-0.06140336027921234
1695,1694,-0.6622155511046875,1.302282764732077,-0.25325217028517794
1696,1695,0.24505112140698515,1.268197820303748,-0.84288810102756
1697,1696,0.6330567860383175,-0.14299931610154665,-6.176169736608546
1698,1697,-0.9016902535205206,0.37566629994346934,-0.04831857660255956
1699,1698,0.239463782940517,0.5709913298921179,3.897453777428362
1700,1699,-0.45939587004877697,-0.6770334927396245,-6.368415078149443
1701,1700,-0.007485437061447618,-0.8091953243516702,6.634410090447162
1702,1701,0.4040955791208756,-1.987040931494968,-1.8266934193003714
1703,1702,0.04003310968967298,0.09035412486132172,3.8055682292880886
1704,1703,-1.709039569695765,-0.48703178236951017,4.822477895088344
1705,1704,0.9255474038283404,-2.2192545243893766,3.8362118917568155
1706,1705,0.510760068441453,0.4503976257310133,-3.0248435771422924
1707,1706,-1.5365196929718472,0.7332067365177661,-4.271629187255643
1708,1707,1.631691347927216,0.025894967911366154,0.5049570157130958
1709,1708,0.17306752463797584,0.8538446705684223,-0.13581791762069795
1710,1709,-0.8099274560798712,0.8840323896163331,1.0026450894770633
1711,1710,-0.3188787955301731,0.5154962660486905,-0.47926834109938377
1712,1711,-1.6615589811104376,1.8201573013574144,-1.966149450271506
1713,1712,0.5425363770246093,-1.5677615083834815,-4.772465514574066
1714,1713,-0.15279370017384183,0.6939871887436655,0.22420536451148287
1715,1714,-0.8472084311480936,-0.08696080852897757,1.432670102982792
1716,1715,-0.34403853827384234,-0.8381725686144128,1.827367401269302
1717,1716,-1.4125742596090176,1.4115263946469685,-1.3344137231156357
1718,1717,1.3415871309135672,-1.4340569843315636,-3.596705054461275
1719,1718,-0.05387059874531715,0.5901102150852949,0.5205542492129307
1720,1719,-0.16248416214956235,1.0256777901056078,0.3545259893963465
1721,1720,-1.1345205469913704,0.5011561426764334,-2.5206330938328008
1722,1721,-1.9058512291453131,1.4770312085704582,-4.4262160082899555
1723,1722,0.6179202905589817,-0.9610234546859866,-0.05785993330351635
1724,1723,-0.8358434861741488,-0.26641779702831964,-2.0525592361285963
1725,1724,-0.22556239490457156,-0.8409442874272619,-4.507445310881761
1726,1725,0.7384813165793616,0.280544529906438,4.830291567586629
1727,1726,0.4777987371150134,0.5767571693179477,0.6505978243098338
1728,1727,-2.2623774235985867,-0.22520966931848432,-1.4449601975999578
1729,1728,-0.7814829217802864,-0.18942765129669098,-4.982452668095278
1730,1729,0.5678078116686773,2.292909972104609,-2.8114646377390806
1731,1730,-1.5163111935345621,-0.22192580826572922,-2.379657065818865
1732,1731,-0.35498239046295077,-0.12859744753510688,1.6523849249157094
1733,1732,1.6620220787530606,0.30514981219128545,4.376776349370896
1734,1733,-1.4668371216225178,0.05973189386120844,3.134565294937584
1735,1734,-1.189799866579446,-0.20623083779192683,1.109555126968515
1736,1735,-0.535235343906419,-0.9374088634716498,-0.3520467592899552
1737,1736,-0.5795982502317742,-0.010818442230681081,0.27689924594734117
1738,1737,0.06271371406688529,-0.3542912289515859,-2.838612254033534
1739,1738,0.31333030689429897,-0.47112054395226965,0.9222789486144358
1740,1739,2.431840669208364,0.568987684066009,10.326605168071591
1741,1740,0.2760797054021465,-0.5108095388962215,2.861263073521698
1742,1741,-0.46078329231498355,-0.02293119602623666,-1.7900550225417673
1743,1742,0.5298173086286283,0.2498198023735528,-1.7090850703942202
1744,1743,-1.3064181441335443,-0.6934783659936771,-4.823426522152843
1745,1744,1.7073138275102222,-0.3712435800697578,1.3251162726252153
1746,1745,0.7979712527996942,0.5667333652460749,4.224651621031234
1747,1746,0.32588117797318245,-0.5297134638964895,-0.14847450772911408
1748,1747,0.8510271168430342,0.6655206023215223,5.073636032201731
1749,1748,-1.4055513438214837,0.24336009949324308,-2.4288318697096165
1750,1749,-0.22490532050947618,1.2765955421554958,-2.4074573990387647
1751,1750,1.256744722835477,0.9965241491747987,3.7769294361804824
1752,1751,-0.5947691298699678,-0.4053155643550472,1.5340800552260525
1753,1752,-0.6445509077160516,0.647296168608176,2.823505918580623
1754,1753,1.1686126987404215,-0.7621289180602593,-2.4855586907653806
1755,1754,0.8103488578293638,0.48290596870906854,0.605462759964815
1756,1755,-1.1569775311360087,0.5242703285789354,-0.4387326744513368
1757,1756,0.570962341139619,2.2127997570899223,6.568452507498489
1758,1757,-0.5804121249340239,2.330062894788773,-2.218659646151627
1759,1758,0.4891864613398929,-1.7335026637788442,-0.6225908099647337
1760,1759,1.167426123910639,-1.4086708901437606,4.402049330169206
1761,1760,-1.0190031383623344,0.07243441621323843,-3.7446256222858505
1762,1761,-0.15988697857815126,-0.27685261993663224,-2.198210408124791
1763,1762,-0.9558974738848306,-0.6794232047339487,-0.9173576902420773
1764,1763,-1.5327082606770819,0.8728840749369327,-1.9741780168852854
1765,1764,0.46153841931946893,0.05482771540029854,6.581566027727968
1766,1765,-0.026772743258386897,1.4648730077117889,-2.4766964743077278
1767,1766,0.4762692243214239,-0.1581139428197792,0.28225831988489714
1768,1767,-1.0936944421015917,-1.4326168769822052,-0.3145653852147665
1769,1768,-1.0029901917594943,-1.1549123940656922,0.2988655994291558
1770,1769,-1.426232111371768,0.2792536136325456,-3.8503137552726066
1771,1770,0.49825808557263435,1.0693654763364688,-1.744264543618474
1772,1771,-1.2361960129369542,-0.5445936214010345,-4.07321593642556
1773,1772,0.6845330611636905,-0.24011283294320715,1.5725464125531243
1774,1773,-0.9226542036864583,0.1750313325282736,3.849095194761641
1775,1774,-1.311363842192329,1.0799175797416527,-1.757638613895517
1776,1775,0.5236356457064566,0.35377768793433856,3.373184134543594
1777,1776,-0.7309060087011031,1.7823172997026775,-2.114048685084404
1778,1777,0.35624818974600525,0.07563457340536588,0.3960466734878244
1779,1778,2.289533299392286,0.7052722059321525,0.3056859165107244
1780,1779,-1.3301927699312381,-0.03282035487929772,-3.7662190684741677
1781,1780,1.5133321506777326,-1.118234851153852,2.8553420963551877
1782,1781,1.9984508500290497,0.24669537783582435,-2.1723532736660203
1783,1782,0.013978576780797908,0.09842824322531578,-0.7347161420674045
1784,1783,0.6569551523752126,-0.619581794670879,0.045980288455414575
1785,1784,0.4719101815963317,-1.4289152931526177,-0.3472876471681482
1786,1785,-1.1307058346593624,0.37511708010802997,1.8166482786284133
1787,1786,-1.3873047051507954,-0.10889546775274729,0.8833024983753158
1788,1787,1.5331188265618472,-0.6451859681224237,7.037040931015328
1789,1788,-0.504232567717975,0.0898656303045047,1.62408165148032
1790,1789,-0.01752577263008291,0.19283532921261148,-2.1957052213204364
1791,1790,0.41929321232740707,-0.047894600781462786,-3.0889216698919526
1792,1791,-0.9503073299079156,0.14532325141049005,-1.1103532681678387
1793,1792,-0.5340695956688187,-1.3467292230638206,-1.9913304262438065
1794,1793,-1.9478800822668607,-1.7094085842667446,-7.278365974856417
1795,1794,-0.4963249902759358,-0.8931224088816547,1.0968191467592687
1796,1795,1.9474078451191603,0.14932888226605287,4.176715355935422
1797,1796,-0.4710369989748386,0.2882165124203597,0.8306603812981399
1798,1797,0.4841810063724472,-0.5187257554653795,-4.959859371504801
1799,1798,0.24007442249995908,0.9510061118782797,1.025291807219979
1800,1799,-0.6801815300536924,1.0293076560179644,0.02845675954598359
1801,1800,-0.1137794894995284,-0.2880888910729892,-1.595611143255338
1802,1801,0.63794279314828,-0.739689210774105,-2.0106067537362353
1803,1802,-2.072688299575418,0.29349667011021363,-0.5414553277431233
1804,1803,-0.008307720868781917,0.9200125905019455,0.5745112488346288
1805,1804,0.5114503056150386,-0.12790845574102663,-10.382604514594634
1806,1805,1.4917783506394653,-0.9908223347981011,2.609227576717265
1807,1806,-0.5381474537024129,-0.6917903625298544,-0.7898895633364975
1808,1807,0.8940808012005248,-0.9245495005702911,-5.103364110097565
1809,1808,1.203104155402804,0.950633937814002,1.1496473669775031
1810,1809,0.4906452173195647,-0.767351633793989,-2.9692400781836104
1811,1810,-0.23612342116436524,0.12781131000949614,-3.9447243234033356
1812,1811,-0.052430081384409,-0.16214650394770774,-0.9639781782182073
1813,1812,-2.042547675856994,-0.3275138259283532,-3.111264271925427
1814,1813,-0.42978077876139775,-0.5618238396719776,3.5097407372593388
1815,1814,-0.24976485242180385,0.8484994273290868,-6.582228143136314
1816,1815,-1.4338308427039854,1.7161105824802014,-2.0130207201848287
1817,1816,-0.7003822837092093,1.8477671516674694,-1.4828431848269354
1818,1817,0.5166278068595163,0.7226325805367692,1.7221961909938532
1819,1818,0.32533465793783417,0.6853429259713381,-4.2309479470380795
1820,1819,-1.480049779564689,0.7114757531171231,-0.09986110219005373
1821,1820,-0.25121912164642757,1.5024802085651752,3.3789166002450095
1822,1821,-0.3025792842299784,-0.11132105742351701,2.4650009972976674
1823,1822,-0.21148407787032883,-0.8887981256331654,-0.5346144253477303
1824,1823,-1.2297900574108656,0.6732814891668503,0.16648411160229548
1825,1824,0.9742700874343567,0.5363229832672969,-0.8362709683225216
1826,1825,-0.3913215368002833,0.30579476386325705,-9.711146449942497
1827,1826,-0.7132690467486932,0.5712597714506005,-2.2346305718596184
1828,1827,-0.09382265620217978,-0.4758224511279708,4.075564673260862
1829,1828,-0.8679589904525467,0.5630809905685238,-2.6288099478863085
1830,1829,-0.7266944048154736,-0.05176378543735722,0.08814152710388752
1831,1830,0.7898484617714404,-0.3634150883689211,1.1918317388649957
1832,1831,-1.733770056661595,1.5208227057034822,0.033944960864678464
1833,1832,0.03025739748033624,0.676525030408631,3.809346608106457
1834,1833,0.10755293846460746,0.09285770676200471,4.220105013744159
1835,1834,1.2621967242727221,-0.455648598236954,2.5720443988568853
1836,1835,-0.01448481961044958,-0.28893306730651597,3.25457041167518
1837,1836,0.06577105256084277,0.44031029571023794,1.2374291543289864
1838,1837,-0.06828818477085277,0.1551802985262559,-1.7347430704966418
1839,1838,-1.154999233524646,0.8267746243903376,1.1018597499626401
1840,1839,-0.8058566312554027,-0.02867954688292088,-2.75033893548271
1841,1840,0.4057579841007956,-0.38363513275359384,3.5266209198884333
1842,1841,0.5331483902112977,1.5380764379341865,0.7782367572729942
1843,1842,-2.0436318349650833,-0.15504391095841696,1.1500485087328758
1844,1843,0.6565725955297956,2.0498566596159615,-1.059214156657823
1845,1844,-0.48829703697275756,1.180356245895287,4.982542705166054
1846,1845,0.009801573498636878,0.6335630352326335,0.9571233923993197
1847,1846,0.6203531855298544,0.6720369184176476,-1.1238018011977553
1848,1847,-1.2778971838583248,1.0792245714181787,-0.8647709631923859
1849,1848,1.0527624272070537,-0.32129969739713754,-0.05090582970928526
1850,1849,-0.8217293134575172,0.12018293913625197,-1.2608672940207293
1851,1850,-0.5018056317091947,-2.205376185305556,-3.4192834996357577
1852,1851,-0.4811931865744757,1.5522110448521274,-1.3876258078887984
1853,1852,-0.9134092610897842,-0.8394674968667566,-2.386900354744021
1854,1853,-0.3817408609752025,0.029766923667582757,0.6356465414394026
1855,1854,-1.5771520531727967,0.42547719014979996,-1.2810888849352204
1856,1855,1.0357639429091106,0.4733472286920958,0.8721567556927615
1857,1856,0.9943591854187234,-0.30373651764573995,0.944734269593378
1858,1857,0.34106996131068307,0.001204544773594643,-0.9053123721772912
1859,1858,-1.4600120486902393,-0.14908475579949634,-0.4460566013997135
1860,1859,0.061923625698703036,1.335340456601219,-0.5129021372427911
1861,1860,0.5523882355976895,-1.3044999743401426,-3.359439121404866
1862,1861,-0.9253211840843737,0.2128607603078971,0.486001312135387
1863,1862,-0.4144372210721376,0.18345474741658335,2.7974551150080877
1864,1863,0.927319747951883,-0.2547775074597701,1.5494550744282258
1865,1864,1.0855981243719388,0.40509090497750466,3.152726927135389
1866,1865,1.1067242896160818,-0.18001530016670436,-2.365714404455676
1867,1866,0.8032499783362558,0.6748796035741397,5.184791776456001
1868,1867,-0.0903068008848352,0.0270689157228107,-3.757151241080643
1869,1868,0.5268245478888929,0.1743883941232348,2.9222462819450667
1870,1869,-0.6555179987597348,1.7632792674124413,2.5184891583959823
1871,1870,1.5182399890775935,1.2937406792166628,4.781601397680724
1872,1871,0.7243214747471061,-1.0174484440214513,-1.1550881795140142
1873,1872,0.4684188983785413,-0.7990906822635601,-2.927348227794198
1874,1873,-0.1498681945766152,-0.030924889267414917,1.9028244366364973
1875,1874,1.32544108627139,1.1451439731958903,6.064682269744993
1876,1875,1.0879870777892207,-0.9340639845726373,0.0788650024761024
1877,1876,1.137172001291574,-0.779703275755449,0.495473453689396
1878,1877,0.3641613812107816,-0.9458965994484569,-2.2977259467693885
1879,1878,0.5357185519467763,0.5442039176727163,6.934050331923335
1880,1879,0.3177214716554861,-0.32218908651869044,-0.5470679929736211
1881,1880,1.548836074101732,0.27932991620196085,1.4657301318355278
1882,1881,-2.1884141904868786,-0.34305858171424325,-1.3765796086476623
1883,1882,-0.9888571372961611,0.23827782835508413,2.012833237482029
1884,1883,-0.24671944208860888,-0.8178082284121536,-3.4433840124351494
1885,1884,0.31493369257119364,-0.08043346029060008,-2.666076264259623
1886,1885,-0.13829621223991978,1.9066758116230391,3.0666921282972415
1887,1886,-0.10821005658336882,-1.9814473759869975,-6.094945524284591
1888,1887,2.1916839459680775,1.5956325704688434,6.787832245939542
1889,1888,-1.9450216622586047,-0.671811366727258,0.7289824132511097
1890,1889,1.474585286399303,-0.2057849131787956,-0.9441666474781649
1891,1890,-0.5656797001221204,-1.225989327091919,-7.667741171501185
1892,1891,0.004483081192560913,-1.6486837259250642,-1.6895681688093667
1893,1892,-0.36329430591954226,-0.49512079246552027,0.36235819192348817
1894,1893,-0.25704807284692544,-0.7133516286580237,4.629285552835604
1895,1894,1.8008249216015977,0.12203326378123572,4.055114064838276
1896,1895,-1.1553397687143236,-0.6420197409085296,-2.346023269309097
1897,1896,-1.2058740680320965,-0.43885878328843836,0.44266977802468577
1898,1897,-1.4465822838466078,-1.7163230646609609,1.1486713239236923
1899,1898,0.6817631534227941,-1.1191132684120988,-5.6060962691609655
1900,1899,-0.18480661758385689,-0.3974545098436354,-2.034522965671747
1901,1900,0.3445815636869736,-1.7479503871454325,-0.6441736752360325
1902,1901,2.227355862180874,0.8725741003251283,3.213520971438146
1903,1902,-1.704246791383978,-1.0565648328788368,2.489794621255085
1904,1903,0.15552674666941893,-0.1433483769842946,3.476796094943221
1905,1904,0.044996875483269076,0.21713323369621312,0.8039201548108795
1906,1905,-0.39376123305783794,0.1745124284411921,-5.978833242352435
1907,1906,-1.026919344307085,0.012973994283506566,-4.50718679438584
1908,1907,0.7569566759470215,0.6474465178345803,-1.6963745369267338
1909,1908,0.08822063066343862,-0.0036997809328535576,-1.0948493164384887
1910,1909,-1.2342262618429147,0.23606551399905626,2.675496372703135
1911,1910,0.9587757927501428,0.6834449935636155,2.012089848112774
1912,1911,1.0701255987053864,0.6464409859076258,3.232864887977869
1913,1912,0.24144672187653432,-0.3089465353485846,-2.0561364014869983
1914,1913,-0.2637855093212521,0.7087865530873938,6.7785568386517445
1915,1914,0.19369851412940628,0.7401389209394693,4.471471346424086
1916,1915,-0.8669500430966053,-0.23187405577683437,8.811534969329896
1917,1916,-0.7462035515635809,-0.1875777425189182,-6.0045845243426035
1918,1917,-1.3554593147723477,1.0127851618570838,1.2345044645222363
1919,1918,0.8329613114414431,2.4446138767817125,-1.31855265846059
1920,1919,-0.9547136184656287,-0.5788400291518121,-3.7525228052992015
1921,1920,-0.9675866410360809,-0.3568742184192082,-1.77322067036703
1922,1921,-1.5492106793844866,-0.29720457182378357,-8.45816550818047
1923,1922,-0.5507004872465808,0.09445497013333591,1.9279222685365245
1924,1923,-1.6454750634452364,0.32467386265224873,-3.0796904420179665
1925,1924,-1.8724384742584939,0.34058423481139527,-8.344130079547451
1926,1925,1.186510042161397,-0.6681318285206768,0.6496511701569221
1927,1926,-2.1748671823355883,-2.1308401952403786,-5.5272059790563715
1928,1927,0.02810780745591171,-1.0446140408639086,1.5782220657418797
1929,1928,0.38332435002913207,-2.65239697272944,0.441040226644001
1930,1929,-0.12771636219697194,-0.4655924185149166,1.2733482339758357
1931,1930,-0.9254394609163603,0.5031190046188043,-2.432254634432967
1932,1931,1.013654572243897,1.3485070819174747,2.48831640885344
1933,1932,-0.2634967274687683,-0.4760304341147521,-0.26704028944344627
1934,1933,-0.5673794645380161,-0.3247260514630668,0.40893185664860376
1935,1934,1.5957170365754778,1.0565272188912944,1.8798290827352635
1936,1935,-0.9555086806889374,1.1193151631765752,-0.1288477516165747
1937,1936,-0.9358777292578977,-0.06795818594186742,-1.0637018115021357
1938,1937,0.06707773154642466,-1.0234608639823457,-1.6439761157885904
1939,1938,1.9976216015326487,0.18541794799785194,-0.4017817187329745
1940,1939,-1.1466806939109593,1.1071259162029905,-2.476355335406506
1941,1940,-0.06777511851412979,-0.5683584074031446,-1.6924787231897969
1942,1941,0.3240953420897972,0.6103032840225596,4.012667784394084
1943,1942,0.22146301503340698,-0.48056349278956917,-7.327982688025051
1944,1943,1.0222981699318168,1.58775407310062,2.7963063737512326
1945,1944,0.050964407937025315,-0.14616525335898092,-6.329330233328896
1946,1945,1.3124076514852105,1.413560681235311,1.715107382896694
1947,1946,0.6399188979169943,-0.6903395663570995,3.9524804948213506
1948,1947,-0.7973197213718568,-0.8289622537321079,-4.803573003590945
1949,1948,-0.17550149491146952,0.1178953560011546,1.22481472959017
1950,1949,0.614812966911053,-0.14161089369100902,3.9468028497654255
1951,1950,-0.5310927868836055,-0.21185328343664825,0.7630668269961689
1952,1951,-0.15365407416732788,-0.49077324678007433,-0.608971474943776
1953,1952,1.4940568890487866,-1.2480295812261308,1.3685243866918146
1954,1953,0.2152449449442233,-0.6395039355331817,1.1803309655218048
1955,1954,0.09654553516009262,-1.7253541357573385,2.249871889979778
1956,1955,-2.014916452316348,0.6729217461313374,-2.0653329516391556
1957,1956,0.05597202040441544,-0.43856810361914855,-0.06512838664033938
1958,1957,-0.12673915875075045,-1.675923773262344,0.5206697588172777
1959,1958,-1.0808739172982946,-0.8871992109204041,-3.2736904736613854
1960,1959,0.5671125937541643,-0.08071126677795273,0.9749096818947098
1961,1960,0.41993065707119775,-0.05503476100378667,-3.4247762345065595
1962,1961,0.7114334777755821,-0.06768733047585955,1.4360753127105048
1963,1962,-0.4489059734935879,-0.48251196167600025,-1.8387701243979455
1964,1963,1.4489160103717669,0.3595420007731398,-1.0405585540245457
1965,1964,0.24231161542646076,0.153749642738824,-0.39650166714164786
1966,1965,-1.449596248195314,0.36329929902327823,-3.9673237069112215
1967,1966,-0.2116836261969858,0.12251675764564486,3.500352543512325
1968,1967,-0.5757060513743146,0.6804112671430684,-6.072916440024574
1969,1968,-0.22971484922447932,0.8513959822490071,0.8787474466663332
1970,1969,0.7049689410827714,-0.03321383687980097,6.193912367536791
1971,1970,1.1924502762905456,0.3331527484267306,8.288757104749285
1972,1971,1.5610161092471933,-2.21164462033827,1.4515083252535246
1973,1972,1.2800790090076228,1.118072354363722,7.058875849541673
1974,1973,0.443987872462529,-0.5419931023884483,-5.334207823554984
1975,1974,0.6935252384947896,-0.9547357346818532,-4.4993662668143095
1976,1975,-0.2936569518487774,0.1312029307460513,-2.0916533061828297
1977,1976,-0.11033382229199039,-0.5174316241899565,1.7540752602982899
1978,1977,-0.1893396504961553,0.3494663028792945,-2.3970635957963777
1979,1978,-0.9732375540390531,-1.5527222061056847,-3.6345207035347564
1980,1979,0.3774716176595192,0.4316839217677029,-1.2588966748851458
1981,1980,2.5485170434592743,0.8841376665935532,5.846549638412443
1982,1981,0.9785894602903542,0.5298448203787622,0.5266100888021521
1983,1982,1.1764186692492897,-0.0186660771492366,1.587310745247156
1984,1983,0.19518701305245315,0.5672232931543796,0.7255998998005895
1985,1984,0.3297971269882357,-0.3591728339584879,1.9754240737627737
1986,1985,0.6009985184638581,-0.017761984554471845,0.0009806174635287324
1987,1986,-0.0869744267911778,1.9715883546306605,-1.1896202302326542
1988,1987,0.34876392986215643,0.42282735812198136,0.5934671572727876
1989,1988,-1.3232722604812184,-0.4128294922227152,-9.292581827536265
1990,1989,-1.4126390639902493,0.6917183933271406,0.033471407429186195
1991,1990,-2.1549039252817668,-1.03846547209303,-2.428285239720872
1992,1991,1.3321965456586315,-1.5395983923052936,1.96295634579904
1993,1992,-1.9204111946109175,-0.24658965572020472,-5.533393422535166
1994,1993,-0.3996494928763338,2.235791158992189,1.203284178473212
1995,1994,-0.13810560643452197,0.2790940891100978,-0.5428511934627023
1996,1995,1.120850766254187,0.833119564280435,-0.0018721849909451027
1997,1996,-0.7005534117081217,1.1827306417899772,0.6339183834660602
1998,1997,0.7547024019792608,-1.23824124356172,4.921555108396367
1999,1998,-0.339858737388331,-0.23988780494593617,0.6634742980115024
2000,1999,0.36618707966644265,0.7622677754987843,2.05966804491569
2001,2000,-0.4281898146247713,-1.050985208846091,-1.5791658907884534
2002,2001,0.35427988537220023,0.0774476571288716,2.971815465966195
2003,2002,-0.5073405401566217,-0.12254442932125363,1.726970869367863
2004,2003,0.7224948706216475,-0.43031479817206303,-0.7918079162134051
2005,2004,0.04641871419565233,-0.10685697482885517,-4.198917829188716
2006,2005,-0.7223874827333948,-1.0620251279162671,-1.2390048913421643
2007,2006,2.0008752383096153,-0.5746686953943663,0.03299449799527654
2008,2007,0.19430410565469558,-0.07353363483564315,-3.465251097404673
2009,2008,0.7759974147090726,-0.1412519188213021,-1.6412059599088877
2010,2009,-1.1222495568872872,0.1789653507323345,-4.061423478951827
2011,2010,1.0156919694759965,-1.3207518252649906,-1.5862074884019886
2012,2011,0.5602811149909684,1.3131410626299693,3.638158562664219
2013,2012,0.2703361940243402,1.4297509377153426,-1.98326953351058
2014,2013,0.7110727916185745,0.41726860642249536,0.054469653637449655
2015,2014,1.0551168813572411,-1.0365006648350812,2.446625191699076
2016,2015,0.6243930937438243,0.9644722848121261,0.5726306883629
2017,2016,-0.45717891791019655,0.6507849163692052,-0.28863968757607217
2018,2017,-0.327858314340798,0.07161600491234663,-7.589896635667509
2019,2018,-0.3790520002112876,0.8627019929463869,2.4921529077452393
2020,2019,-1.0484433391170627,-0.4982679242219733,-3.051731610852999
2021,2020,1.7544494481500255,-0.7881753013962116,6.39223402390893
2022,2021,0.42272695132917065,-0.27662290500140174,0.015425379516675886
2023,2022,0.9769647511842466,0.03214984829437271,6.990702228882641
2024,2023,0.3734230414774603,0.6356201398988367,-1.1660647754989018
2025,2024,-1.6699263567152685,0.7867402093185365,0.23161853444776426
2026,2025,1.4972757170012911,-0.926124867364634,0.2614073941298057
2027,2026,-0.42884988629208715,-0.8654063330081938,-2.7927203075135596
2028,2027,-1.0323946295927267,1.649409059353592,-0.7892532328323447
2029,2028,-0.15019566054451597,-0.8652178033619373,4.851076830854874
2030,2029,1.176669720528786,0.390014003918405,2.5090854925795765
2031,2030,-1.1079596210350413,0.7717536356071164,1.951509653897094
2032,2031,0.29152732589598734,1.7104396115011797,2.1582190686862934
2033,2032,1.4588759890945415,0.7909258439753889,-0.38420863409502665
2034,2033,-0.7732729406602806,1.3728774570887958,-1.6689216182337083
2035,2034,-0.5354728070798682,-1.1798048036679694,-0.35261548024861294
2036,2035,0.9417976815103279,0.6718027163411089,-1.8813666380247862
2037,2036,-0.44295906300707183,0.5315837596688234,-1.6838575311180535
2038,2037,1.2667354132498978,-0.15816136054813856,3.6005446288910745
2039,2038,-0.23299696869199518,2.5141773013951165,1.7085448078989554
2040,2039,0.026124014735009738,1.1291153181882871,2.855186999739631
2041,2040,0.011727980176175299,0.21198277306732696,-2.823324287213163
2042,2041,0.30553311550880174,-1.410155368183982,-1.969654335443849
2043,2042,-0.9270168439395072,-0.735492864565431,-5.230785780201575
2044,2043,0.38649792338980427,1.1852380771716324,-0.0740331034373504
2045,2044,-2.4468703358949964,-1.95136275521313,-4.7196146959511305
2046,2045,-0.8218452143377603,0.7301819325953138,0.8419865848745027
2047,2046,-0.9698932739082763,-0.18601862927751098,0.8898332234538391
2048,2047,-0.6172953165354353,1.460598143688415,1.3819681968009088
2049,2048,-1.134558242405681,0.06875079641483936,0.13520476211070098
2050,2049,-1.2507399393756728,0.8628810049575443,-2.805928750308471
2051,2050,-0.330418081058936,-0.006108312822697788,1.1002747101361325
2052,2051,-0.6238882168917407,-0.014160899154250742,-1.794635477034085
2053,2052,-1.608413074324306,-0.48144146884016764,-5.999936987216752
2054,2053,0.26268393326828426,-1.3839532306054692,-1.4830238106622307
2055,2054,-0.6234564739180878,2.14306139501583,0.022582863123063346
2056,2055,-0.06575633533746533,-1.3567427779204457,1.108630758122154
2057,2056,0.09071674901756384,-0.5716966571532599,4.204219398310208
2058,2057,-1.1461867585055905,0.5017080781937509,0.9871905355525414
2059,2058,-0.3440016030272731,1.7809387945896937,-0.5409877253665603
2060,2059,0.1651156984201955,-1.1385895669064772,-2.785936253395589
2061,2060,0.5883144257980947,1.266514966443961,3.7718180461743573
2062,2061,1.4156281361698237,0.5576539616523196,2.235504269706047
2063,2062,-1.7428888471749817,0.05336642986660534,-0.9232542014651275
2064,2063,-1.6892260857215398,-0.08014255066389087,-5.053619700170865
2065,2064,1.3377332820167342,0.8392141691655431,4.134643388559365
2066,2065,0.03593810462568454,0.5551206152818521,-0.05937042552038485
2067,2066,-0.2316270503766089,0.014588913393005222,-3.5816589343435994
2068,2067,-1.0930268153127143,0.12827079311510278,2.8548406277501934
2069,2068,-0.9441334737830458,0.355001669135625,0.6781434416632748
2070,2069,-0.2445953327150182,-1.6115910731782592,2.3459013087834992
2071,2070,0.24324284980866462,0.05584984575127691,-0.4381366105591912
2072,2071,-0.650796771945275,1.3128201361197809,-4.490410845169288
2073,2072,1.2008917158108563,1.644705325900321,4.677586994364571
2074,2073,0.4869620654875899,2.137510971948977,-1.864903906547758
2075,2074,0.9665675950991455,0.6944842321887118,-3.145186703093728
2076,2075,0.7928465240595898,-1.0146471017120433,0.08632477557824147
2077,2076,-1.0267900066134574,0.22621945557181763,0.4586668828474028
2078,2077,-1.266368348069392,0.304148745805788,3.2859302713777714
2079,2078,0.9752649874181349,-0.9054958943901681,0.3552103156184749
2080,2079,0.4815166268255361,-1.690706967187499,2.787055783779377
2081,2080,-2.136099206273391,-0.686073506710858,-1.566251859041885
2082,2081,-0.2344178142486654,-1.1137150754546299,-2.9297003799413055
2083,2082,-0.7066546692709627,0.47973901494234483,4.24038300040441
2084,2083,0.4957622105962414,0.8101496212039825,2.149233946061376
2085,2084,-0.9606215163751233,1.271785832424837,4.421989595658188
2086,2085,0.14585638693528022,-1.3351456863069588,-6.901957731182008
2087,2086,0.34618844979557345,-0.24506802079384923,2.619147217337342
2088,2087,0.21996014376314174,-0.16797957173657047,-1.1652821059890324
2089,2088,-1.0080916912749789,0.41282807781231556,2.0984895088610385
2090,2089,-0.004469019721105245,0.9398026413921904,0.5004074794985459
2091,2090,-0.36854687233340333,-0.9340072886434764,-0.3796410793592234
2092,2091,-2.6297835796881905,-1.3035043453277537,-5.598471895309912
2093,2092,-0.42145944637507793,0.2747711375130151,3.4597063489553337
2094,2093,0.46575813450015674,0.3717791878278179,2.666727668784196
2095,2094,-0.8847844146871695,-0.586258841928301,2.0618921238640278
2096,2095,0.39721882126649305,-0.03883683433931484,0.7100611128178527
2097,2096,-0.3170867349461422,-0.3613844986680085,0.6424464491037746
2098,2097,-0.6048516143698587,-2.3694679010756827,-1.3799756194435233
2099,2098,1.2199466217236576,0.12374884174283589,1.5953588836818173
2100,2099,-1.2574957576981867,1.1274882768017163,-1.1376534977759152
2101,2100,-0.5039474536568642,-1.0413168657356517,-2.880069689591734
2102,2101,1.3726642170708452,1.0724403652301826,5.637515902721403
2103,2102,-1.463608484513541,-0.41775262422216836,-0.24739531585810548
2104,2103,-0.9410310610502421,1.0681044425913828,-0.28127696201014873
2105,2104,-0.7382773035641559,0.42796558875810264,1.9655632373439158
2106,2105,-0.24048874564925413,-0.9247178494668086,-1.9331464426354934
2107,2106,-0.5818329373901957,0.757978670280657,1.4310175636584974
2108,2107,0.5136047035080937,-1.5974033193651798,2.0024372984512704
2109,2108,0.6492108880189715,0.17238244257232543,3.236429631305023
2110,2109,-0.11636870089685425,1.0601438505995524,7.283009480690348
2111,2110,0.2933863166691744,-0.5732480968172353,0.10214732112675906
2112,2111,-0.986937452287831,0.08333239385550933,-2.20339750900587
2113,2112,-1.2014348774068737,1.120431805787082,-1.4612509695060165
2114,2113,0.6064888149290123,1.2220918945633603,-0.2720999068348615
2115,2114,-0.28077720767902636,-0.2603611149469937,-0.328585428526206
2116,2115,-0.5553096588786223,2.1474427380999384,4.11331440070849
2117,2116,-0.24552587955340455,-2.1421637619615366,-1.0194506978358917
2118,2117,0.29133479607189366,-1.1810035717744098,-5.839594342838556
2119,2118,-0.20228762178088777,0.16883569215630848,-0.9602449274433056
2120,2119,1.583033253480645,-0.8638312156394724,-2.1399672486548122
2121,2120,1.2347151912224925,1.2084185801542875,1.7370028986207071
2122,2121,0.030443982592943047,1.177310765375556,-1.5295898037295514
2123,2122,-0.7798845705894721,0.021539617507174952,0.5257928855022997
2124,2123,1.186307223537974,-0.9045947228684514,1.837920465623864
2125,2124,1.823024751817703,0.629417047363652,2.8200649926791064
2126,2125,-1.7192767294079112,0.8797376618372563,1.5005993834947566
2127,2126,0.5607702695637142,0.8459632098139134,0.8295600248200431
2128,2127,0.8804871791279097,0.5099267728272495,-1.329133785870394
2129,2128,-0.4216345638249482,-0.0055463213888869356,-0.4954094442596902
2130,2129,1.2844493934086818,-1.0168163203562819,1.8012538048581739
2131,2130,1.34305917860864,-1.1966297407868742,4.954452403645016
2132,2131,-1.1195064801713914,-1.162302129112495,-4.785764972095959
2133,2132,-0.31137832919598324,-0.7642161211202492,-3.4392335908654
2134,2133,-0.46231237416559173,-0.49753262639225365,-7.310964667677594
2135,2134,1.1949991454145177,0.11325401751487436,3.965465674128105
2136,2135,-1.0324154824177585,1.2525987722599026,-3.49106418437093
2137,2136,-0.37458234325231027,0.7039632470932387,3.5495569530575173
2138,2137,-0.05586196601526066,-0.7983047625764107,-5.044254330728352
2139,2138,-0.3044917011503607,-1.949896647433276,3.1477047910969715
2140,2139,2.852856240234089,0.09438089890497775,2.6826383088216454
2141,2140,1.2477617312497695,0.5602659628910224,0.9992608183195271
2142,2141,2.035082905941469,-0.5150355461434878,2.891150215618504
2143,2142,1.0795253233440834,-0.5246249094068138,2.201180297091021
2144,2143,0.4146961683064049,1.8618514677748161,-1.197495984694045
2145,2144,0.6266916870017807,-0.2697809186770513,-1.300327632988911
2146,2145,2.185699672612958,-0.9761546814855933,0.9067403652286901
2147,2146,-0.5133344253058916,0.7170673778360626,-0.5652147214455692
2148,2147,-0.9501175694308305,-0.1485602134312315,-0.6820092220590769
2149,2148,-0.32825062079737255,0.06556325858429442,2.6476383410808104
2150,2149,1.2316217413557826,1.0715934522144515,2.9095427579642905
2151,2150,0.4470617033994598,-1.2111421064978782,-3.5132215016318895
2152,2151,-0.6756172100595365,0.8072953738407975,-1.837350336282845
2153,2152,-0.30153758349499343,0.38201203980854326,4.67203774056779
2154,2153,-0.4353858614042184,-0.05078039936914238,3.6748934986678146
2155,2154,0.7107249645114229,0.8972991234642854,-0.12855824559918494
2156,2155,2.0412311895847113,0.37210598972329456,1.350153390791133
2157,2156,-0.7905292842228012,0.09207618735037418,-6.1086616537949805
2158,2157,-1.543421289569591,0.37176745229156916,-3.2573242411054606
2159,2158,-0.6016684225184601,0.42674573812852923,5.134841597616441
2160,2159,-0.8008078791926068,-0.5556496809474889,-6.478424641036578
2161,2160,0.92437667626398,0.6852676613113295,0.4370412822134394
2162,2161,0.1025954401555496,1.7977215560835962,1.5837137462709157
2163,2162,-0.7984847505098258,0.20238424175558312,3.383404608801907
2164,2163,1.0257256875892733,-0.06670232635425041,4.584386826677395
2165,2164,-0.4618901480814783,-1.0734915201026214,-0.12711758240311716
2166,2165,-0.5377463668975149,-1.0482123832517745,1.7841387766699046
2167,2166,0.539586676258372,0.3793387974908333,-4.420181161653479
2168,2167,-0.9500918866873895,-0.6229427344596442,1.244145227482956
2169,2168,0.8921777491391003,1.157094723829734,2.0087360482042955
2170,2169,0.04082610440909887,0.44535891051419263,-1.6233113505596175
2171,2170,-0.9964342070612878,0.7940992532023315,-5.770350925883215
2172,2171,-0.6854705840788305,-1.4644103399533206,-9.935685349630154
2173,2172,-0.06659507323526467,-1.644366386553006,1.5462932863747414
2174,2173,-1.0398113470806967,-0.3068472523605033,-0.15068319472319824
2175,2174,-1.2185774672264258,-1.4114922037086803,-1.0751499486232616
2176,2175,0.0364049463702515,-0.2782823444691379,-0.5591827576826691
2177,2176,-0.37536602407817043,0.26010774273728576,-1.708147158800957
2178,2177,-0.47019611626020286,-0.6682449978608188,2.461719516503525
2179,2178,1.5910875234097088,-0.7459716250854933,-0.3564547964394553
2180,2179,0.7193049408756498,0.14103152650409642,1.953763083064322
2181,2180,1.3269810169087304,-1.134094860456043,2.1493946627646277
2182,2181,0.24829862000630404,1.0834239952922067,2.431099819289104
2183,2182,0.22868033574746813,0.6075390085865725,4.021951469793304
2184,2183,-1.2040837236984308,0.8776712142253109,0.6631804347173216
2185,2184,0.4392970220314461,-0.3209986828093569,2.56475776608406
2186,2185,-1.4710816219599419,-0.7866362248954437,-1.3060288456793643
2187,2186,0.2900086650669778,1.979361998072543,0.9210380927487517
2188,2187,1.0352588952735677,-0.3128842034532303,-0.3849797256902647
2189,2188,2.714714312429133,-0.11753393804055678,4.4172554548124445
2190,2189,0.9690572584206211,0.9860764439967424,-0.31147849960967444
2191,2190,0.07841866333736809,1.3733086118677782,2.2863220592011815
2192,2191,0.8254325872661252,1.4585246028879337,6.33262863863451
2193,2192,-1.5158605983399587,1.036009290058298,0.4733314846009702
2194,2193,1.3508165947612918,-0.11871056398906224,1.4880268689879976
2195,2194,-1.670889623682936,-0.9803951160756008,-4.840928914123646
2196,2195,1.1329097163107675,1.4640191801312075,6.0574159950557735
2197,2196,-0.06254423872672625,-1.2376017301611515,0.8922478126684492
2198,2197,0.2234738736233988,-0.0862117800489617,-2.40214387782907
2199,2198,-0.17156987145941527,0.040921857446621336,-0.608884349568628
2200,2199,-0.21650937992756006,0.8250729241966387,2.3001566692895166
2201,2200,-1.9574828116995069,-0.8495182935304634,-2.167160595925667
2202,2201,1.030207925869003,-1.3362695962214515,3.3064815432553605
2203,2202,-0.18501961417899693,0.88570251411452,9.467395383284154
2204,2203,0.6101985041711567,-0.25204566424068203,0.2354794556040095
2205,2204,0.857201315910243,0.5972120142333203,-3.621980662964292
2206,2205,-0.7929242522173887,1.3940561258462802,0.4797085980704274
2207,2206,0.04136021162121221,0.4307919777259575,0.7298169276851014
2208,2207,1.0224185879762786,-1.1952590546462067,1.636325941120199
2209,2208,0.6937971295989445,-0.9691468063349435,2.3998715983090078
2210,2209,-0.35600676147863874,1.1707614310586805,-5.406194881336045
2211,2210,-0.8208627265518049,0.6724423973655769,-5.025810741982879
2212,2211,0.959735389067764,-0.126665659859601,6.416919391810884
2213,2212,0.17256486932054205,-0.4160741990632119,0.020336532161015025
2214,2213,-0.0012952855272806564,0.2674199293393372,3.461803360186049
2215,2214,0.23465925719163197,0.5882626502388276,0.22866213868578145
2216,2215,0.6928360354647893,-1.2546186588971904,3.4636690847957574
2217,2216,-0.1426908003197101,0.5204232788593178,-2.5816753539795587
2218,2217,0.6448369893818454,0.3846922022625587,2.593644186601903
2219,2218,-0.27698878183783815,-1.3107458759693547,3.316827737377718
2220,2219,1.1269450878233254,0.7918043113753447,1.57713680435239
2221,2220,-0.7270337514133638,0.6341719128751451,-1.0284634406522222
2222,2221,-0.053495188292811004,1.4520199764498032,10.48119659303578
2223,2222,-0.32884956801910875,-0.20329722495739086,-3.773895958327287
2224,2223,-0.09027210980520692,-1.4282945777021103,0.3095878846606873
2225,2224,-1.8396589077612475,1.3446634915790916,-1.967320320197345
2226,2225,-0.3096057606703157,2.195613796354509,1.7476242351203768
2227,2226,1.2848329877203821,1.2986204889897257,1.4299363969962546
2228,2227,-0.8788547103765034,1.472155610999979,4.106654145895909
2229,2228,0.24594176797163755,1.2298357574051106,2.9595857326481236
2230,2229,-0.05583051932874782,1.104103623215734,1.420575675905836
2231,2230,-0.47363145343080637,-0.4438265846029526,-3.242688753321743
2232,2231,0.09038219298698248,-2.0475355164640936,-1.6232081259392948
2233,2232,-0.38908503688445406,0.35007703034512405,2.6686026733947497
2234,2233,-1.1508990988983787,1.7293959396143346,0.5610542896189998
2235,2234,-0.304304625740073,-0.00011453205452786555,-0.4414709765251126
2236,2235,0.6862640638342089,-0.6391055020018039,-0.15412598622741314
2237,2236,-2.4827008277143654,0.8884744630518113,1.57217215716854
2238,2237,-1.6195542818476012,0.266574091563916,1.255220444958887
2239,2238,-0.4093431692248572,0.4269878575500622,-7.383077560045852
2240,2239,-1.2400343204504976,-0.5140687052093578,-0.8473593106640986
2241,2240,0.1315405292704156,-1.7534460970838306,0.6233272887433491
2242,2241,0.09587386614084917,0.045111984597396314,-0.10193586361019236
2243,2242,0.2221665165980699,-0.4815692714061574,3.998875432012699
2244,2243,0.7017813484896149,0.62354483768285,-2.1019302886851645
2245,2244,-0.4038995060384153,-1.6385514720680114,-3.102176204342544
2246,2245,0.2769078322958004,1.2415452050746325,9.52832883170667
2247,2246,0.16472405831252485,-0.26924094571409707,3.479161984919716
2248,2247,-1.1322302432536246,0.28234556362863555,-0.1210529065129623
2249,2248,-0.3098021327165522,0.2747544485940831,-1.0935886814190101
2250,2249,-0.4950393282975817,1.2980160869001076,-1.1013833438429925
2251,2250,-1.1241897458538084,-0.17044968525148,-1.5668555830841773
2252,2251,-1.2842891338239173,1.3281476039972586,-1.3943390747577264
2253,2252,-0.1492121912749249,-0.6968698326318451,-4.405048227207834
2254,2253,0.1853660310952797,0.5687949240253859,-1.9140133155488104
2255,2254,-0.6471389894991645,2.1499941996563154,-2.6955669044248944
2256,2255,-0.5707345004060698,1.4300621670075928,7.525079871299219
2257,2256,-0.208343976897168,-0.15962585476713295,3.2846992998541715
2258,2257,0.1971663067546092,0.09240944692553303,4.191590751494731
2259,2258,-2.190666629407307,-0.9310370463661966,-2.519720372505635
2260,2259,0.03518578229332411,-0.6284858724143486,-3.120728550780142
2261,2260,-0.9108405713898549,-1.083642636993266,-1.6578752614921726
2262,2261,-0.17504593796844145,0.4124021557935939,-4.520499980777115
2263,2262,1.36862612895322,-0.10620145210947106,2.942179437996519
2264,2263,0.01642432185221096,0.6361364008557036,3.625628768577278
2265,2264,-0.27997116111438325,1.3798997095229493,-1.7773684414676039
2266,2265,0.2802310741539499,0.9245603234675995,7.752525877079143
2267,2266,-0.22039829723697035,-0.8678423359468421,0.43385367256772595
2268,2267,0.5231749988177711,0.12654062440315517,4.869708403044001
2269,2268,-0.8569806795050636,-1.5712424772579647,0.8285062896226227
2270,2269,0.7498141475938631,-0.23227585287460434,-1.4276698460675779
2271,2270,0.1435394757368905,-0.47116939998244145,-0.8768287079040251
2272,2271,1.9756488485584431,-0.6653352001262103,-1.510962634657092
2273,2272,2.7142535035909563,0.20302118824214332,-1.7273792884411199
2274,2273,-0.9579853528211595,0.5158962341189876,-1.0333851316854088
2275,2274,-0.04578330330751907,1.5822575864155246,1.883348046133328
2276,2275,0.1966831635269191,-0.34559371833135794,3.9251078308129452
2277,2276,-0.60364847954499,-0.4771303944824895,0.7857502650448959
2278,2277,-0.5123220503694651,0.44867401344577196,-4.0482675834154325
2279,2278,-1.576364515521503,0.29030658905086965,-0.5888901249275813
2280,2279,1.2907495390859534,-0.4218081732560324,3.356281930133216
2281,2280,0.6119344442538913,-0.13922794448652615,1.8827227319615085
2282,2281,0.6444836548028555,-0.8000054951812774,-0.7780302997123574
2283,2282,-0.2998382467504314,3.6442604592958054,7.294732188249916
2284,2283,2.1554732506488627,0.49853415581508537,4.3105206687339725
2285,2284,0.3903734591232931,0.5607939877921854,-3.033915480962574
2286,2285,2.4642803537992966,-0.39232059043800677,-0.9591266025207326
2287,2286,1.8296168653507854,-0.6102271193612814,0.9667847535224832
2288,2287,-0.45447809631286434,0.43692698076295433,-0.328701323606053
2289,2288,-0.677763953721195,-0.15222297605694932,-1.3354683982109268
2290,2289,-0.003324918440225587,-0.14186165518988786,1.3202747666286716
2291,2290,-0.09059834929007823,-0.2000705942955396,2.0908063903273524
2292,2291,1.9638595779563424,-1.0688190364767485,1.3136868219433504
2293,2292,1.222948307519541,0.4439760520349088,-0.2713105486004662
2294,2293,-2.207962761132842,0.3814718455702438,-0.09502613061925458
2295,2294,-2.0684412356824984,-1.1140985438100464,-1.6460195432881455
2296,2295,-3.081607535261295,1.491797183984803,-4.771680190184448
2297,2296,0.9238931219573016,2.1384653079464364,2.4960541095049074
2298,2297,0.40769731486514543,1.1696000898112995,1.7656215044658625
2299,2298,-0.20065420719762805,-0.09814480245882398,-1.8746823127594667
2300,2299,0.4969148855986036,-0.8658526633539437,1.334770949620342
2301,2300,-0.8873166176529987,0.47095733194755707,-1.0178691644397528
2302,2301,0.10944486142886081,0.24526138166267866,0.032876696489365476
2303,2302,0.06008127377359684,0.47144378846310064,0.7248358365940528
2304,2303,-0.0034854604978530376,-0.08884756782330021,2.217169923338059
2305,2304,0.823899509457978,0.8378756894459278,-1.6426777542426958
2306,2305,-0.9727882293504851,-1.6707235576403707,-1.6275978670918134
2307,2306,0.5775127145689017,0.8790226946914598,-1.0635643869512992
2308,2307,0.29223420661131455,-1.2936260969562783,3.187539929723639
2309,2308,-1.6818003097755234,-0.08780590298438462,-6.594653657777258
2310,2309,-0.7828033221200945,2.348014663224295,4.0060557723790335
2311,2310,-1.0248539907225438,0.8544483371305039,2.4981823871674234
2312,2311,0.36155474140938654,1.1759637748991483,4.40282749744583
2313,2312,0.49159703244956743,-0.5166452434247227,-0.21962460179369137
2314,2313,-0.5333947258286508,2.0681692472553603,2.552653999272998
2315,2314,0.6801203911156722,0.4785011388861399,-0.3665521036651954
2316,2315,-2.1843561125799975,0.34506407894394375,-2.104580598825505
2317,2316,-1.5429313767744832,0.006238960691224898,-4.951418977562626
2318,2317,0.6870795353939464,0.35284802378748126,2.7726300696774873
2319,2318,-0.32667394632798363,-0.6763777966797997,-3.104232702771349
2320,2319,-0.7957576717408208,0.02006752450990037,-0.09758343813865311
2321,2320,0.06210923445758711,-0.9454334674605974,2.316803163951447
2322,2321,0.24059252797665243,-0.30591623897280873,2.921212180281662
2323,2322,-1.2583106391096381,-1.460297314058816,-8.817046457713307
2324,2323,-0.5251287693557718,-0.23391639805324735,0.4630628808257595
2325,2324,1.1138510287468624,0.40410098288735796,-1.3619698831107898
2326,2325,-0.2517843563249695,0.5006549634926811,3.570440079058767
2327,2326,0.7977465261372453,0.14621987742367762,-2.6053334848182326
2328,2327,-1.8041653301869172,1.4498040093821523,-4.48213305215592
2329,2328,1.986864309280926,-0.5075914448549345,4.343027972373386
2330,2329,0.4643746001865807,1.0116528774806228,-1.0896745194877895
2331,2330,-1.6057315344960983,0.24839502415167153,-3.856649214403531
2332,2331,0.33511524212796234,-0.9217981281380478,3.8617632842838616
2333,2332,1.6902705974317926,0.18532868260523697,4.299263774019885
2334,2333,-0.38676642427819746,-0.1638700860589041,4.32632236716149
2335,2334,-0.09933634543459909,0.3464213081034245,-6.067963735841624
2336,2335,0.4677446308039734,-0.30594066504373996,-1.3181922433670095
2337,2336,0.3395203083743093,0.6311018319561597,0.8392826781140905
2338,2337,0.13633688886778575,-1.273570054444404,2.719420652482663
2339,2338,-0.5653211092929314,2.2635353948974264,0.4706119659254008
2340,2339,1.6690988810650598,-0.33286038328322815,0.5147515538939713
2341,2340,-0.6481031894451085,-0.8703911168832983,-3.0351275974775094
2342,2341,-0.7815600646193808,0.5154684649679114,5.658139819216783
2343,2342,0.5448301558569594,-0.11626128170283055,1.9648781827541821
2344,2343,-1.6397257042292774,-0.801664320441365,-1.8333756571624407
2345,2344,-0.299842708002897,-0.5269639413954467,1.1453802439796428
2346,2345,0.22217715008707364,-0.4387764360668517,1.9996445791329691
2347,2346,-0.4820720596420417,-0.913440092935254,-1.8858333891493555
2348,2347,-1.8664743561076158,0.30095307688033635,-1.0367071374954233
2349,2348,-0.9569932368109207,0.906473986065085,1.5570723831420836
2350,2349,-0.1746998958313063,0.9893877437710076,1.9880583769535667
2351,2350,-0.5659658816006944,-1.0342700013777133,-5.332206059025861
2352,2351,-0.6557007529562854,-1.6680465012688337,-1.4754028024360297
2353,2352,-1.353002123679324,-1.936473603317155,-3.4570039240325805
2354,2353,0.5745652535444673,0.006350948384543722,-1.2872127855752669
2355,2354,-1.006744184867735,-0.3843277199536514,-1.175424023108685
2356,2355,-1.5980994803193742,-0.07856692034680643,-0.5827596517302781
2357,2356,-0.21300371225357928,0.9091627524387378,-0.0868989435719425
2358,2357,-0.1896252292885391,-0.8810037551035682,-5.955386070683994
2359,2358,0.17135622304627224,-0.08585881166271492,1.2326804995664826
2360,2359,0.30800146010781027,0.8697685455971215,-2.563648822000136
2361,2360,-0.199198186858343,0.3883514379368537,1.8938209240803014
2362,2361,-0.18577065013863742,-0.6356424862391677,-2.2781556744236156
2363,2362,0.6130691619168319,0.5020018993202826,4.265757588519716
2364,2363,1.362833414890995,1.073794610396695,2.403741390275183
2365,2364,-0.9168085140500087,-0.7688168533899211,1.3116348948721237
2366,2365,0.5677301030175143,0.3879501167164817,3.1584199583524906
2367,2366,1.2408714263228438,0.14642144066942733,0.6883701264311938
2368,2367,-0.05289602870761201,-0.49713224257839317,4.8988964431798925
2369,2368,-0.5613111163284459,-1.2453372759649717,-3.3116280066563855
2370,2369,-1.3542855861619516,-0.18953530015236855,0.010821606046416354
2371,2370,-0.8351814806113498,-1.227687646477538,-2.160259678492384
2372,2371,-0.7827601588462,0.8722379302283336,-4.639046337698329
2373,2372,0.15220880125058886,0.37055490216815745,2.324881805884787
2374,2373,1.2438495348197187,0.9824324564707383,2.6176113629098356
2375,2374,1.1111734590712468,0.15265575845183335,2.8386780436668353
2376,2375,-0.9723007983099373,-0.6332219683998959,0.7445633402278464
2377,2376,1.9596762856969538,-0.6828155366952966,5.102821183344293
2378,2377,0.8047909360689683,-0.39909785141659343,-3.5524966564597102
2379,2378,0.7169447499840994,0.18404928217973568,2.044958940263583
2380,2379,0.30827130784905116,1.180459826598231,6.398178637475616
2381,2380,-2.039849972047029,-1.3728050437379609,-2.300322418804869
2382,2381,-0.6164634771797824,0.18765960979572616,-3.4981963865002426
2383,2382,-0.15955643175239465,-1.6432846547495281,-3.6467954346299623
2384,2383,-1.1278864309964771,-1.9724417353835166,-4.067613191946665
2385,2384,1.427705913286014,1.0337222405945878,0.47811581030902184
2386,2385,1.231770294893905,1.015183152619222,3.19166062155504
2387,2386,0.29956790852326604,-0.3976192974223361,5.349838424772307
2388,2387,0.43725339036483,0.2902669858919904,-2.0857916901184663
2389,2388,-1.316129630498282,-0.0736465320257763,-1.6002630797595483
2390,2389,0.2896883533832086,-0.004031685767610161,1.092804525555704
2391,2390,-0.26292975094422066,-0.01474750270304733,0.963180651824018
2392,2391,0.3159352800094548,-0.7578013824968242,0.9394430606736331
2393,2392,-1.6773311918920024,0.5661884024614852,1.0304164332948722
2394,2393,1.3126670131653217,1.086432299573486,1.6751716239858947
2395,2394,-0.6471211119486631,0.4992790693632861,-4.809258009756083
2396,2395,-1.0375647264698986,1.5660950239394613,-6.480155190861603
2397,2396,0.18996711370007008,-0.6782937178097775,-4.042929762069251
2398,2397,-0.19931213433082082,-0.012390661191244384,-4.356493645180037
2399,2398,-0.3969331899890491,0.6302234506110925,-1.0790605878020705
2400,2399,-0.8347198080554491,-0.7401538545493533,-8.875753123046938
2401,2400,0.2234655736534209,1.3622550111067406,3.125505564556315
2402,2401,-1.0176035157425203,0.8680922080784204,1.4720424772286353
2403,2402,-0.3650838361126038,0.14042342206273756,-0.059512165613821
2404,2403,1.8487571244916594,-0.8489937474923588,-2.8207934773052976
2405,2404,1.1901116761068833,0.14863076701631633,3.599126804466774
2406,2405,-2.431028925207179,-0.6548599334120404,-4.3626239997333585
2407,2406,-0.5682867666936672,1.2229621287316625,-0.722552181823662
2408,2407,-1.1559254292425964,-0.23154672320116254,0.6180821818667476
2409,2408,-0.5574267277486002,-1.469383815413439,-7.712010156006696
2410,2409,0.558209061436249,0.07304114268465389,5.870302607813824
2411,2410,1.1185270861841867,1.4746897021599217,2.928353185160558
2412,2411,1.8645024344064391,0.6244813357780387,1.9810921891792344
2413,2412,-1.515355787136625,-1.0790441431845639,-0.4027589340813114
2414,2413,0.8775928148340306,1.2192693066824147,7.621227086980983
2415,2414,0.1373552314396843,0.7551939096166109,4.74796299323273
2416,2415,0.07219741665353217,-0.8178470059606079,3.586763626837709
2417,2416,-0.6390536154312562,-1.8467901632801547,-1.7958715864327093
2418,2417,-0.4295922806712656,0.8175210221458884,7.403614684748617
2419,2418,0.7935292214030357,-0.5813420661411002,-3.0599724996846236
2420,2419,1.1995269798276058,-1.4632683488536264,-0.49547056246527577
2421,2420,0.27085723290721997,1.0767184190209336,0.4080169061939172
2422,2421,-0.8181067841672568,0.7433710359202171,1.3754181239170706
2423,2422,-0.45527814935076505,0.7287805285729096,-0.39017258699931845
2424,2423,1.2339715860522165,-0.9894794919644856,-2.5554811357718332
2425,2424,0.3302374881462942,1.3246472814032237,-3.7358419572711568
2426,2425,-1.600453401914791,-1.390506651784915,-2.0852594370424535
2427,2426,-0.7403308626159246,0.5986053367218425,-1.8635798755600477
2428,2427,0.4356300615448423,-0.41786121807234633,4.062820004490319
2429,2428,-0.47109390105335885,-0.8899142389054593,-0.30910340360377253
2430,2429,-0.5190061648648656,0.6029834459613915,3.101474353341808
2431,2430,-1.4033647678747028,0.3133206661482497,0.19678032086271446
2432,2431,1.28734428830118,1.349913951631363,-2.498756335810897
2433,2432,-2.037630255569229,0.5955014305801928,-5.1057037317972025
2434,2433,1.2492184729593765,-0.24515425924670317,4.579573652992346
2435,2434,0.5934922012892957,0.7021868426584588,-1.3964253115769436
2436,2435,-0.542790989326245,1.1128875175749493,4.140754467065483
2437,2436,0.09643066232252111,-1.1605903164084002,1.8841282420878283
2438,2437,0.6693415619984247,0.0712548374154907,-0.12428725726199635
2439,2438,1.0869269974316131,-1.6790564777956918,-2.7014748118663987
2440,2439,-1.3307594741265456,0.5233011983490613,1.8858109851786469
2441,2440,-1.0140030236177477,-0.13940406640252717,-0.38919211237683515
2442,2441,0.38720470809786556,1.3588671054491868,-0.8883099095576017
2443,2442,-1.8384587628173479,0.9218440504840651,-3.2028616010316546
2444,2443,-0.3980610469261081,-0.45080721008273456,-4.803019353387682
2445,2444,1.6565817799729883,2.112800247368734,7.485498447904621
2446,2445,0.44823537624930326,0.6678412707348226,0.7365036365077532
2447,2446,-1.2664200970309905,0.0325427410855755,1.6631928931128668
2448,2447,0.40347905292986647,2.399843454604475,3.745367055725865
2449,2448,1.6931323421034326,-0.4521833168126447,3.8682605914092445
2450,2449,-1.31059114172956,1.6815473022331868,2.971011304727032
2451,2450,-0.05116808609154324,0.3678982189353265,-2.403880353476631
2452,2451,-0.7943795483713889,-1.8651743889782608,-4.815075600968701
2453,2452,-0.39557776336990513,-0.8164484766304319,-0.34624039650295496
2454,2453,-0.767446815802936,-0.43476387749994533,-1.437660753309213
2455,2454,0.7325977349568221,1.039525800170318,1.7072459805066615
2456,2455,0.035722846754349794,1.120938369655717,4.152250130580058
2457,2456,-1.7613379592305776,-0.021380176866997835,2.911771792438884
2458,2457,-0.3243612499913795,0.8731523695553466,-0.1203513135692248
2459,2458,-0.5322324245576338,1.3055011259411355,-1.09348645461096
2460,2459,-1.3194774694082865,0.5593107103372229,1.9899382827092236
2461,2460,-0.6388829151859456,-1.1847925907328898,-6.156766209195866
2462,2461,0.039154360265564604,0.21028675338421504,3.6769505274107512
2463,2462,-1.1669801661812618,1.6625186999083654,8.313908141979187
2464,2463,-0.2352678453616483,0.0809776059003548,1.7156058693223346
2465,2464,-0.1841297951808229,-0.6419481170030565,2.43680129844218
2466,2465,-0.6249567683108467,-1.4748862906581888,-5.285269464405898
2467,2466,-0.1397808358107415,-1.1378192581331437,1.7985908716947763
2468,2467,-1.9201993125250785,-0.5104636899706333,-1.3010046019599075
2469,2468,-0.49053205241102676,0.7692799075141044,-0.25614591386926455
2470,2469,-0.7032022898120269,0.07916596705173604,2.2366688037406575
2471,2470,1.2835520516090262,-3.262962322162579,-0.16925668540019667
2472,2471,-0.20262932444285217,3.113826308741924,4.223758138549387
2473,2472,0.2844368055401126,1.2104130831426634,5.143568573083144
2474,2473,-1.4526437042742693,0.7582475259384885,0.46114310290315924
2475,2474,-1.296908542818654,-0.011732134254077414,-2.873102418504261
2476,2475,0.8522291828864466,-0.42642417194592375,-5.213217421181063
2477,2476,-2.2517498669305738,-0.320344915803637,-5.908340943507766
2478,2477,-1.5138453417127682,-0.394713317562523,-5.530298151095549
2479,2478,-0.052290292731287366,1.21200115567412,0.8808925470445741
2480,2479,0.9609916183652454,0.7127899015810955,2.2575346800671037
2481,2480,-0.20175650285188182,1.1749456441545139,1.2153350048260787
2482,2481,-0.3198343447839526,-0.8059208644006512,-1.285601326446381
2483,2482,0.20428360810734084,-0.20093756523269782,-1.1080137639496899
2484,2483,-0.5503969175041749,0.4506613480282424,-1.5307112580133646
2485,2484,0.11191789648586348,0.39792041714828374,-2.6281339709710583
2486,2485,0.397066192041216,-1.1880670564006304,-2.6682029224577604
2487,2486,-0.36159588211193794,-2.240070046310802,1.6883378560974496
2488,2487,-1.0303105721229586,1.0818118795122205,-2.727685345188881
2489,2488,0.10309645675314191,1.3866982420938814,-0.7919497213449036
2490,2489,-1.0206222459222662,-0.06971435932179064,-2.0120604675418248
2491,2490,1.8040066450070802,-0.5790157253590464,-3.4578852079410267
2492,2491,-0.07038670086818959,-1.5013215383633929,-4.6657596007403415
2493,2492,1.834945316115522,-1.0666875937221418,0.09102103423447969
2494,2493,0.6132052775935924,-0.19985677257079013,0.5991854912022967
2495,2494,0.2335449483285617,-0.17595541382067628,-0.49522811403269695
2496,2495,0.3718138228523445,0.2505579801335507,4.08147445574111
2497,2496,-1.0205250440157199,-0.5820708813729013,-4.698586173422119
2498,2497,-1.1792768018156035,0.6426738972916954,-1.8719030958338276
2499,2498,1.3494931545197142,0.31773173605606325,5.2506426958475885
2500,2499,0.6629361100561136,-0.2714857040469522,-0.5539138106905359
2501,2500,0.3062552446278473,-0.2194330915547844,2.3119195974353626
2502,2501,-0.8828713029761887,0.6325050128182399,0.5548989557641664
2503,2502,-1.699597955215149,-2.0180921314621214,-3.971492181166173
2504,2503,0.7161028972207607,0.6515358696262297,-0.10481475364520398
2505,2504,0.05693754718465287,0.4669061693770376,3.3828810640815554
2506,2505,-1.1394465109924021,0.05758941643261858,-1.884080530943429
2507,2506,-0.3480369579765496,-1.4856785741405754,-2.674792225570886
2508,2507,-0.6920452885734393,-0.2464917107057485,0.9436724339065803
2509,2508,-1.9706717690583677,0.1541400468204642,-1.0440744315777994
2510,2509,0.69820483728499,1.1881828077404668,1.248102119115174
2511,2510,-0.2692685298166557,0.04704819035485641,2.461076749745023
2512,2511,0.3231754282660373,0.11327043145446312,0.636118915544051
2513,2512,-0.05813254347244796,0.8881998078504739,3.3177066666993813
2514,2513,0.5641223017039992,-0.9951505872727029,-5.081139131727351
2515,2514,-1.0555608317482508,0.8078921393212743,-1.2018648429341035
2516,2515,-0.5934346482037218,-0.5099364018009108,3.011047209122581
2517,2516,0.039549275734196455,1.2883908492935974,1.8630270522096637
2518,2517,1.1440202021245158,1.40796379979493,8.398444542133547
2519,2518,0.9252941443369972,1.1101193661247835,1.4150541348549195
2520,2519,-1.0614290785283058,-0.5570422941698192,-2.089126177761921
2521,2520,1.4065869330014265,0.28044585677218187,1.25395100801917
2522,2521,0.6050695210632796,0.39824920899881144,2.819428366339205
2523,2522,0.08547380164969773,0.4539593841247842,4.856516417086753
2524,2523,-2.420987819766452,-2.8186406509742947,-6.184782320207384
2525,2524,0.4400262343737539,0.8384654372503968,3.481296455932182
2526,2525,1.6393939704451954,0.7515862253213752,5.933054091456475
2527,2526,1.0476071527401185,0.521605458294259,-0.8699850088891693
2528,2527,-1.259884941491652,0.27205453297071486,0.3127821273996688
2529,2528,-0.722731409787706,1.3085121709905683,-0.0813268552225338
2530,2529,0.8250248070718136,1.3886375263746327,-0.8189075212720079
2531,2530,-0.49617950513860853,1.207225924812786,0.4280156184783661
2532,2531,-0.7185916017831404,-0.5808463981562552,-4.498311227150962
2533,2532,0.47568274230373475,-0.09853896237915821,-0.7061053187261597
2534,2533,0.9000981619084603,0.7222797461569108,-1.639691308094646
2535,2534,-1.6769108737498666,1.4618178108515736,-0.26990529343224234
2536,2535,1.3918517382389222,-0.14986109312523357,3.1104258706666714
2537,2536,-0.6816661348952489,0.11554092191598342,1.3394894874754875
2538,2537,-1.9502855269065158,-0.12194422930270347,3.8844470964796045
2539,2538,-0.26023546418781,-0.7994525169152958,-1.2241358293614124
2540,2539,1.215185499189189,1.4735533797684432,3.4149008320687226
2541,2540,0.10994007175526033,1.76761562576773,-1.5913047594517733
2542,2541,-0.7066295359929294,0.8978934138831675,-2.8235800518304623
2543,2542,1.9208292026353946,0.00431814766497529,-0.1792137183354986
2544,2543,-1.5155258184700837,-0.00010704514933491374,0.804562735871064
2545,2544,-1.8562417512562934,-0.43412370578774123,1.91994180453773
2546,2545,-1.2055509294356352,-0.6861946758487529,-4.998308415982739
2547,2546,0.3610907267207935,0.6666042447913314,0.2341888848885892
2548,2547,1.2525886411677147,1.4960070988641874,6.550444326388708
2549,2548,1.005139437222379,-0.39423788159564144,1.432436507276389
2550,2549,1.6971832096531203,0.8438380914250599,2.847215664816496
2551,2550,0.49974152331811017,1.0812181580484466,1.4381701649229588
2552,2551,0.6491798004567028,-0.05300377703937984,-3.557644824905183
2553,2552,-0.24452239821292343,0.807532701155344,2.728538381849735
2554,2553,-0.35411265671352066,-0.01135605612503947,-1.4742203995433365
2555,2554,-0.7766553501543686,-0.7560118609446956,-9.277046776631662
2556,2555,0.5835275198473479,-0.647869492641073,-5.1670312174050785
2557,2556,0.6985066844239534,-0.46716115161424965,-1.8852443319628946
2558,2557,-1.1466882749137308,-0.9216341167329465,-0.03098434406206811
2559,2558,-1.6849790816920382,0.7230976721728432,-5.110719942181082
2560,2559,0.6080212895313093,-0.3941164730550924,1.3269436424882206
2561,2560,-0.5987640815137135,-0.8099590504017393,-4.547879443232467
2562,2561,-1.4222360841067079,0.9699736887813586,4.3002550396525185
2563,2562,-0.5389560280307804,2.168574079461813,-0.818317672446693
2564,2563,-0.38035887707069305,-1.2455106610043147,-3.2692457097331427
2565,2564,1.3656450295152813,-1.4535016761408466,-1.8955120314958251
2566,2565,1.3733764431689715,0.6487098747713456,4.6606824173994275
2567,2566,0.3388059036085022,-0.7699144278341067,-4.114933649529744
2568,2567,0.5560813989093975,0.8697261466820705,0.37698445337854036
2569,2568,-1.244696256406017,0.48579764822102683,-0.9877740915255957
2570,2569,1.6739006061766915,1.9805234689398772,0.632442487910015
2571,2570,0.06912677589935816,1.246539062186685,-1.546061597430228
2572,2571,-0.7158652935872324,1.2067254133558845,-0.19110450113741412
2573,2572,-1.3743452703920318,0.34655522969230884,-3.5730609544474645
2574,2573,1.0153740744490691,-0.14459984429754258,3.9368075976710033
2575,2574,-1.2506076578141851,-0.7111070546712008,-6.531920998008488
2576,2575,-0.6021369160144125,0.3130518338695874,-1.7056443994729489
2577,2576,-0.6639636879682113,-0.7689923264693308,-6.755759721263909
2578,2577,-0.019126541942265627,-0.5190838537784211,4.019663748474562
2579,2578,0.5039247295032071,1.5493771427092657,5.670519621924974
2580,2579,1.3369193490174112,0.2283666138850605,-2.2916662969076125
2581,2580,0.055173058710795066,1.0073363964321043,2.4155954213711386
2582,2581,0.7819534629229107,0.5689520993954205,2.8922785626473853
2583,2582,0.6902550487502682,-0.45436809062577677,3.3365409996974487
2584,2583,-0.42734383921812813,-0.7737290108012072,-3.712576173249545
2585,2584,-1.5050917684764096,-0.9951516592505849,-1.423484532823661
2586,2585,0.33080721909370203,0.5278219143303693,3.6621299458720182
2587,2586,-1.389271175216709,-1.1046813717182764,-7.046439598969177
2588,2587,1.7586736891929875,-0.7622709506133117,0.09470193331525134
2589,2588,0.5563747340322849,-1.123175668422684,1.693475032524076
2590,2589,0.7223614741129798,-2.2706215399422534,-1.1335387732227191
2591,2590,-0.15590483146286502,-0.6592451517657405,-2.5098347403098233
2592,2591,1.1286771762192185,0.2899004155377219,1.198665656382109
2593,2592,-2.3944965214604217,0.20661923279595348,-5.609865339729049
2594,2593,1.743858728936061,0.24789549632453536,4.72355329314876
2595,2594,-0.18802225938437334,-0.7803158278204908,-3.9623172508383715
2596,2595,-0.4320258111174719,-0.7782859989971861,-4.738480488246212
2597,2596,1.3404384070759534,1.3387113972603637,4.404747633330755
2598,2597,1.0144660970085013,0.9947135026028072,-3.1617785589042358
2599,2598,-2.7921544506494187,0.9020709303854271,-5.445753857575074
2600,2599,1.0079000820311552,-0.27756455632651483,-1.4016672753742907
2601,2600,-0.7886300383547118,-1.1995342546704155,-1.4809396357943743
2602,2601,0.08001242767906144,0.6051657963401833,-3.597078929111356
2603,2602,-1.2036406435017128,0.3933365512125043,-2.4402762178370363
2604,2603,-1.1152005559703533,0.8150150603250227,-0.8869444731049926
2605,2604,0.8821580747362506,-0.23683747855334153,-0.05752975348572509
2606,2605,1.0545536245976714,3.4220047918475274,9.456552855467109
2607,2606,-0.018317306680248297,-1.5242431152948281,-1.8129345887334463
2608,2607,-0.5923434492596505,-0.7556005629808579,4.742827854554588
2609,2608,0.34091538600732385,-1.8079508266492699,-0.31870148173892565
2610,2609,-1.1495030854127166,-1.4048050473289104,2.041538266917758
2611,2610,-0.32751665256769347,0.12249620624427748,0.9120315760987232
2612,2611,0.7716904175382059,-0.04356625005439817,2.4993894211999237
2613,2612,-0.012152714247410419,-0.39717543515020404,-2.674868592919628
2614,2613,1.0767974238485738,1.2157537761095996,3.699009121467866
2615,2614,-0.6367094527792149,-0.047310664499295954,3.4800078876308733
2616,2615,1.6682592110827015,-1.2107383260651647,0.5485205602545629
2617,2616,0.3874162428262417,-0.10327578193546484,0.9167148911597836
2618,2617,2.5167779919390902,1.1657770118505957,11.346187638327562
2619,2618,1.7142211048626763,0.27095773445194965,2.2625082575894413
2620,2619,-1.1721875628798006,-0.008836378562492513,1.3820176519485698
2621,2620,1.896256561574956,-0.6185456818223506,1.1166104480481518
2622,2621,-0.44881811568886604,-0.9422026073519105,-7.228238316906865
2623,2622,-0.6367499922790538,-0.3353651340784566,0.9721912243772797
2624,2623,2.3620332099738284,0.06032852503025296,1.9080255493563532
2625,2624,1.4650284505090092,0.420927746063094,-2.7570845364709253
2626,2625,-1.632813266022232,-1.4169503952226292,-3.3626702004357636
2627,2626,-1.1154559890698073,-1.1456534694035692,-4.211497361059981
2628,2627,-0.14624284246864444,-0.5923093936936624,1.8736647682275436
2629,2628,0.03160687035537264,-0.43693470539518986,2.439249249946798
2630,2629,0.3505032764903858,0.830247831271135,1.4067101197773764
2631,2630,-0.20669366545748574,-0.6307793919929899,-0.6591173880304868
2632,2631,-0.9325158138578566,-0.8149629766622816,1.512015230795019
2633,2632,-0.1346073823347597,-0.044334924775503055,-3.8234890756982196
2634,2633,-0.952377903499474,0.6221328643958461,-2.840721255559606
2635,2634,-1.148768725532042,1.2705684048328278,0.8563966783179487
2636,2635,-1.1573522690083469,-0.22253776927578114,1.2046276871571395
2637,2636,-0.5334036567004076,0.20160441957963812,3.4483653418412814
2638,2637,-2.310859517095083,-0.26935115535347903,-1.5731900148692146
2639,2638,-0.16123455438413925,-1.1163277073650393,-3.7694823890049296
2640,2639,-0.2730614688113055,0.2995193633388555,1.1155472950708816
2641,2640,-1.3970264186956578,-2.109128085143072,-6.151804679976392
2642,2641,-1.3797152661609036,-0.1701632094851081,2.3050843625788984
2643,2642,0.7971539680587383,-1.7317943951161636,3.554633933825982
2644,2643,-0.1665436847391706,-0.9196767699700269,-0.3941898547172158
2645,2644,-0.7706538283415325,-2.4529921864910165,-3.1090365168072314
2646,2645,0.29619774281039446,-1.4619432691742202,-2.2113223423844106
2647,2646,-0.47079653235758884,-1.3527339688137852,-3.5532913579660312
2648,2647,0.20061894228586513,-0.9169143133470623,5.416560072076546
2649,2648,-0.7615138896400618,0.03558952855052747,1.1278716808314493
2650,2649,1.72092238054785,0.2297046452470035,2.5419282267683725
2651,2650,1.2702994959016987,0.6387846200936586,3.0822483597982564
2652,2651,-0.2889243155650495,1.2486210844590704,-2.0284067915382993
2653,2652,-0.5472044490841089,1.3401615992060776,-1.2393184949193992
2654,2653,0.4914248172849773,0.8162559597792065,-1.180305402080382
2655,2654,0.3388906615490073,-0.09136931882543531,4.738397905539849
2656,2655,-0.7416457372192637,0.9889452666858821,1.4983464155571702
2657,2656,-0.21713086051449126,-1.0346119158627531,-0.6244642598616282
2658,2657,-1.1721623070708893,0.45143514231901966,-4.419378595285051
2659,2658,1.2854922306031802,-0.6180955238350926,-3.6470386929622225
2660,2659,1.548777129956359,1.1793779186608844,2.210858045433696
2661,2660,0.012610382560555015,-1.4567501312561937,5.294262737810216
2662,2661,0.8811349220069884,0.3496334183408285,-1.1775164184946352
2663,2662,1.1455109813278537,0.6845259253165219,-0.819037441344289
2664,2663,-1.9537915375270942,0.5646329684006636,-1.468630888691025
2665,2664,-0.34170260966547505,1.1693973445174282,-3.068648994353574
2666,2665,0.016307327602285912,-0.10876482769403549,-0.46683687044127153
2667,2666,0.5501229866664431,1.0661293538075067,5.217678090322122
2668,2667,1.0294106747811365,-1.2271147331242676,0.5482069570214443
2669,2668,-1.037367751897375,-0.43700739495338997,-0.6408589231820451
2670,2669,0.7249195803503571,-1.1646332172794986,3.462615779605033
2671,2670,0.7814157344276894,-0.565600443045076,1.5709942524967615
2672,2671,-0.7428114124510706,0.5648051937246853,-0.7511662768529077
2673,2672,0.19491297056357115,0.7972035176409281,2.0195068671369607
2674,2673,0.4194560694780047,-2.184635064426937,-2.6527635944306276
2675,2674,-1.2588834218418594,-0.1794341222238793,-1.3647025701336768
2676,2675,0.601452466860965,-1.5573219242661307,-1.8094145971934492
2677,2676,-0.5112844016041412,-0.19752133023585264,2.2373648873260534
2678,2677,-0.22513610664115552,-0.7825510068607483,-4.681728805600329
2679,2678,0.5235078010234953,0.3891280945429345,2.9164085730065032
2680,2679,-1.1199857849047945,1.9050611801679929,3.3103613304281865
2681,2680,-0.009300462841641521,0.08223146352039194,0.14254091623481346
2682,2681,0.4999773172827236,-0.2302984603361544,2.847140737220453
2683,2682,0.3457326431831267,-0.6290688507795384,-2.3035074971111733
2684,2683,0.1967356059348369,0.30246814744705375,-0.12798196649971727
2685,2684,1.4633726832843537,-0.21303405127150554,0.6394517739842973
2686,2685,-0.7509876059406703,-0.7793370147780057,0.14918307514051243
2687,2686,-0.13918164966464924,0.3023578956680102,-1.1652400205880544
2688,2687,-0.49601237094302075,-1.2425904663181155,-2.7637898312884754
2689,2688,1.3276405898794847,-1.5257935211842222,-2.6357096070590265
2690,2689,1.1468716950141788,-1.1039411568815254,2.208103222171039
2691,2690,2.0370152951972074,1.0862135244363156,7.747645587538259
2692,2691,1.3843326179932731,-0.6464988375466397,1.6554292344303423
2693,2692,-1.1558905410676146,-0.19779145940770582,-2.6167633386620146
2694,2693,-0.6609290119541772,1.4973599908692026,0.14722551583500176
2695,2694,-2.272279143700415,-1.1997714249683957,-2.646483722863982
2696,2695,0.37415429665780764,-0.14455821979540362,2.370931373348429
2697,2696,1.5295559137735353,1.5405712504332996,4.779498574042151
2698,2697,-0.8614134756277948,1.0604888050092263,-0.43896280111800906
2699,2698,-0.9908261836289687,1.5302317113813557,1.3369171280093552
2700,2699,-0.14644374720966358,-0.3112995045666973,0.23102575887112597
2701,2700,-0.04150851159201128,0.30635431982820244,-4.0287114978852605
2702,2701,-1.3169679644774857,-0.7855503015387479,-6.51063320353394
2703,2702,0.17585407471077782,0.25807700746322887,-1.4266389733631442
2704,2703,2.1365850408706653,0.34901196068189616,-2.1040640299898437
2705,2704,0.3976318195783167,-0.530655642205613,-0.6273433789403379
2706,2705,-0.566893214745088,-0.03234517103210345,-0.4278230289478637
2707,2706,0.18482476457136376,0.21214290861000767,2.0684044472136605
2708,2707,0.1410454380848169,-1.6235303802340924,-5.582864744218852
2709,2708,1.6880684842773455,-1.1938979200066842,-2.691991278094285
2710,2709,-1.3088603460076773,-0.6673494934843603,-4.623134198307859
2711,2710,0.07059361424277466,-0.2562779635832877,-1.4061093530772877
2712,2711,0.38318796551497675,-0.4902871730443821,0.6963089866536926
2713,2712,-0.38220980398857585,-0.5217580299611634,-1.2118858047180945
2714,2713,0.16785740305779898,2.3510470998536612,2.7078512928172547
2715,2714,0.6594307736960063,0.9690372808855776,3.896683524569761
2716,2715,-0.26397520891107457,1.3225912394480719,3.4098498674748208
2717,2716,0.07309593868002029,1.947226388846681,-0.8692258882956683
2718,2717,2.252741620412398,0.31097829961690326,3.5521445957337545
2719,2718,1.591958561601266,-0.17016194230205156,3.3337467975044874
2720,2719,-1.0763927142864547,1.44775716527134,2.606212884400876
2721,2720,0.058741791678384815,1.1662707811396782,-0.34167430940081966
2722,2721,0.3228325617597609,-1.3753770615114123,-3.039782531684256
2723,2722,-0.7697517862449399,1.137581416621691,1.7548030553018266
2724,2723,-0.8010375750606581,0.6527678952231848,-4.854747973174821
2725,2724,2.0386195266215728,-0.8835554291619043,4.839561766796181
2726,2725,1.4874834802863575,-0.4025865390944461,-2.9156045830843538
2727,2726,1.972846490669323,-0.7976434297466564,0.6097911745061873
2728,2727,-0.4216249666499423,-1.5699772634474904,-0.6196607361670969
2729,2728,0.33191608412249485,1.01373314157103,3.578134136834021
2730,2729,0.4300713919549099,0.6835911837257611,5.433953448745309
2731,2730,0.2562968236414876,-0.7349041539932367,3.580002191452948
2732,2731,-0.10438886652247209,-0.007185792132373705,-5.396707587513713
2733,2732,0.7375047951142599,2.196747044318574,4.347690182977939
2734,2733,-0.1525142551544461,2.4063801389349515,0.6415786688777719
2735,2734,-0.38871478757052436,1.0232585792331934,2.056226522823692
2736,2735,-0.2848998288367424,0.9274655125233355,0.9564137368930563
2737,2736,-1.5162553300200128,1.716314710940158,1.9401864323936535
2738,2737,0.2750396080078846,-1.037321255614558,-1.0608312463706258
2739,2738,0.13503919730404568,-1.4080853715321733,2.855746649812666
2740,2739,1.3701349499754414,-0.6123790873442648,7.5117567387027195
2741,2740,-0.6834864631804273,-0.04510332437423415,1.478438909633622
2742,2741,1.5608498906075001,-0.8023443068021776,9.182868864171326
2743,2742,-1.0554363768504187,0.3795177713734936,-6.136746537927241
2744,2743,0.18523952219118886,0.23121785827013572,0.49076243791401486
2745,2744,-0.9209763695929003,-0.023354159503462136,1.7019378016544717
2746,2745,-0.6257233724191956,-1.8745985939698337,-5.374069104351447
2747,2746,0.9662545949120408,-0.5007317743007056,0.50574618424293
2748,2747,-2.035336758908227,-0.2762518528168101,-0.5880775964885777
2749,2748,1.495407567684239,-0.1238422428482194,-2.463333331934388
2750,2749,-0.5448601830686816,-0.1625051067796549,1.410357039934424
2751,2750,0.1421730875583614,-1.2352333743602613,0.43338385096269194
2752,2751,-0.47993722440290104,0.09593530501102968,-5.450110911350208
2753,2752,-0.279563506341551,-1.613299442299629,-1.9200105884609389
2754,2753,-1.4301827379255612,-0.9532197228559786,-1.0794223210109808
2755,2754,-0.6161089469382011,0.4214974039562702,3.3226863273512923
2756,2755,1.2669316651396345,0.7032868491780241,-0.5365981515637955
2757,2756,1.2092083909306117,-0.7340891568555926,0.7371187422884821
2758,2757,1.3160406191038216,0.7105905376571396,-1.6320276272447949
2759,2758,-0.7959858995144551,0.5700991033707424,1.8021532693479325
2760,2759,0.0651568383103339,-1.8286591948202342,-7.436758692893581
2761,2760,1.268038753722718,-0.9365305685143421,1.0238129554977677
2762,2761,0.20120019613389517,1.1542478662056226,-3.3312200147115565
2763,2762,-0.20666460830347097,-0.29481546045968204,0.9285737015369893
2764,2763,-0.21641608578168545,-0.46282534566086564,-3.6046656953945426
2765,2764,0.8830953662145723,-0.3649757758952119,0.8842552148434294
2766,2765,0.6441779554478078,0.11152638233076413,-0.16500792564764022
2767,2766,-0.08707268338749798,0.38900123650861157,0.7341508103159058
2768,2767,-1.3771992476917163,0.13982368539107407,0.46684318830784854
2769,2768,0.480951847895949,0.34996247066547187,-3.1016516263784197
2770,2769,-0.258902188591928,-0.7239402373432486,-1.0499149185298968
2771,2770,-1.4855183070761238,0.04982702715696833,-1.360745668802122
2772,2771,0.0870333132757077,0.9754322671465977,-0.6857329220397452
2773,2772,-0.7421776792702827,0.4170589363173629,3.3123975820463984
2774,2773,0.17044983083056095,-2.16377274049391,-3.5227485835465395
2775,2774,-1.0587060304178122,0.5265267749221849,0.7492144559586196
2776,2775,-0.18408690220754115,2.6478504105519125,2.1338390133771203
2777,2776,-0.44225757148841527,0.3957138461252296,0.6480677925057268
2778,2777,0.08049070724362171,0.5708387611443829,-0.46803050169105165
2779,2778,1.0089070841452585,1.9315739658242492,0.8815745386029332
2780,2779,-0.9844867516339142,-0.7723531365035141,-0.5848793356556024
2781,2780,0.6330182386629802,-0.1513970640647154,-0.20561342761419937
2782,2781,-0.22462364939103838,0.5955845208246852,1.2534946388246566
2783,2782,0.12775587457018123,0.1265803590321866,0.9813549775326174
2784,2783,-1.4601624493298275,-0.7879162617646792,-4.69918991130411
2785,2784,-0.18454043454350552,-0.6201087202583399,-2.511350125294593
2786,2785,-0.5067290925547587,0.6600441455652113,-0.09780549427523422
2787,2786,-1.3599685383396594,-0.48083341919350464,-2.554027341460938
2788,2787,0.16451206126898824,-0.3609100593140135,-5.174206284453839
2789,2788,-1.8901593484423875,0.338255590100154,2.981595385254816
2790,2789,-0.570311662174126,-0.14875346361409228,-0.43899451696573033
2791,2790,-0.7192583455711744,1.0299845053763816,-1.9090182517458973
2792,2791,-0.8212960579063717,1.664660303508103,0.7712752663154814
2793,2792,-1.1399132836468966,-0.9753175738474151,-4.198320130332169
2794,2793,-2.125549637997763,1.2660135374684072,-4.179597716492551
2795,2794,-0.7134741438171107,0.07048071484034651,-5.354612741074467
2796,2795,0.7200674006686226,-0.922731061019051,2.660843773068425
2797,2796,1.2124368041260107,-1.6896153652753374,2.90133376895279
2798,2797,0.3091123824271088,-1.6990032014376848,0.6948319419391857
2799,2798,-1.7379230963208354,1.1565133661936944,-2.1511050768585616
2800,2799,-0.19407713624085168,0.08465067370347357,-0.3866479187496439
2801,2800,-0.6740965579701769,1.6934680623805884,2.343020581880614
2802,2801,-0.15406781928203842,-2.6760891679554555,-7.683396629507152
2803,2802,-0.6580513105183152,1.3012699512051515,2.031385295020731
2804,2803,0.7346699127169356,-0.5644507518027428,2.0870755333547537
2805,2804,0.49948789187458714,-1.1878791578485626,-2.470034422355771
2806,2805,0.835542513834458,0.42643092388259785,-1.4991413597488163
2807,2806,-1.3013162291532872,-2.04350561164572,-1.3381936323927075
2808,2807,-1.2912175769166374,0.5960403210273968,-0.8802634412030642
2809,2808,0.34674264099111957,0.6392160730670096,2.7905796736639554
2810,2809,0.9117846744085325,1.097841036183348,-4.3467960662960206
2811,2810,0.8646869172104026,1.171733608287881,2.9541182325386948
2812,2811,-1.6568054329608186,0.06593083939907095,0.0705654310723457
2813,2812,0.6791885068047872,0.19784241629464563,3.5239731037251296
2814,2813,-0.14323130644626034,1.9935391019624533,0.32437842750999957
2815,2814,-1.1632833002025764,-0.5775952823732848,-0.19683271915983025
2816,2815,0.270860979790841,0.07386143338782293,3.062381240561536
2817,2816,-1.609788972840857,0.738065712236555,-4.705232282472432
2818,2817,-1.0226799124309909,0.46341756922912014,-5.079587192189809
2819,2818,-0.10551332973913737,0.0169923950829622,-2.204481936678098
2820,2819,-0.5623158457260736,-1.0994658002928435,-0.30001461052459677
2821,2820,1.600106041400789,2.829993645880475,2.824359525670538
2822,2821,0.4035020283116423,-0.02234716375675063,5.904905277155683
2823,2822,1.1267634530144135,0.768860320422293,6.5486125026466135
2824,2823,-0.8950160212169855,0.11363364202321201,2.1790029141722336
2825,2824,0.49251555289731763,-0.08464965630890743,0.27242606318075013
2826,2825,-0.5622182177204742,0.6824722451010593,-0.7952776010698247
2827,2826,-0.23947065026950268,-0.4563682975499317,1.7424357078324952
2828,2827,0.5507986917872486,0.026783173157860562,0.9477114189832219
2829,2828,-0.8543788734693331,0.926038648199328,-3.646316436397173
2830,2829,1.7947491213243392,0.026753851092815823,3.5525840234466086
2831,2830,0.8183606372085527,-1.673535335517664,-0.20211648477151192
2832,2831,0.8358861989115512,0.9289997459738664,-2.7637631206929267
2833,2832,-1.5481592421797012,-0.4966976427611996,-2.5845762239562666
2834,2833,0.3745997042225932,0.5540999128842007,-2.9394008335762387
2835,2834,0.3727753998644654,1.2691460376854091,0.08016790825953657
2836,2835,2.7009570926881277,-1.023777346350895,0.643570961013344
2837,2836,-0.3344138678408094,0.461460940617388,-3.142810143920249
2838,2837,-0.9825389171884502,0.16267425455867832,-3.978254360749264
2839,2838,-0.6428185189020366,-0.8799612399000714,2.015726052884392
2840,2839,-0.7376818513823685,-0.2668742485159788,0.09514206969286354
2841,2840,-0.2754658158616765,0.09971072739089412,-2.855317238199344
2842,2841,-0.9003850554151366,-0.03987736507788018,1.217984349252582
2843,2842,1.3091195324343181,0.005734901772470688,1.7249152693292857
2844,2843,-0.827711844131097,0.5430640912902575,-1.7321003732103661
2845,2844,0.2621858084005895,0.837339452212799,2.837828260270952
2846,2845,1.377557383085803,-0.41780777323334367,-2.3966479251950914
2847,2846,0.8293494005045332,0.7393241410514568,3.1925816494464883
2848,2847,0.525243326849665,0.13267294990520223,-4.35881932740824
2849,2848,-0.24435652761635138,-1.054258785700751,-1.3289666120416412
2850,2849,2.733928771280113,-0.14968352810214708,-2.485355890142684
2851,2850,0.5052348675561907,0.9110584919971654,-4.8416746587848305
2852,2851,0.595493253877104,-1.9680479921153833,-3.23585448216364
2853,2852,1.4240215798284868,0.7909206774168203,5.162184365850403
2854,2853,-0.28567324205046535,0.04474737614149915,0.32343849222207327
2855,2854,0.46569912774980327,-0.06356338288621119,-3.8226180191653256
2856,2855,-1.7953722215797967,0.28197796519873447,-2.4170298666651053
2857,2856,0.467851850955082,-0.9235318818231002,2.717776194461101
2858,2857,-0.2684246085579123,0.6317506959838527,0.7373390406992454
2859,2858,-0.06352814391222016,0.4135447425009616,-0.26591357222981893
2860,2859,0.4801183861629734,-0.833788559272504,-0.05671226324847978
2861,2860,-0.5103173256003665,-1.2426277602336344,-1.8278556661896883
2862,2861,-0.22745222225736256,-0.4137769425363218,4.171867093172241
2863,2862,0.24081166577617646,0.8901419260375246,5.625289847648957
2864,2863,1.4814637209987174,-0.35979677708103325,2.4924863436902998
2865,2864,0.4476290200020241,1.3784354888211365,3.668908885019135
2866,2865,-0.03704587020082821,0.1331775962196633,-3.444811913536359
2867,2866,-1.1855086143262235,-1.021570259843287,-1.6606591977624527
2868,2867,2.3127812724315024,1.2719294841624726,4.85828935747797
2869,2868,-1.5817768295714367,1.3319891147713134,-2.2368426781130943
2870,2869,0.7285709277466231,-0.0028504960421369134,2.3179020652061455
2871,2870,0.00963891476348233,0.019332403121264465,1.3991225200084325
2872,2871,1.6300474555338453,0.6648163762577156,-1.5479690215214283
2873,2872,-3.008120247329819,-2.397547567360455,-0.8828876750171719
2874,2873,1.0715147386478951,-0.23612131461959282,5.567053155498419
2875,2874,0.12778977122082313,-0.15844652422391456,0.8509199865049659
2876,2875,-0.9230415461692462,-0.8293654064455174,-4.563131592831034
2877,2876,-0.9269683511927462,-0.5350746307226307,1.0320823333089002
2878,2877,-1.3090846992973804,-0.5317123441652123,5.442923721004074
2879,2878,-0.1806345962045353,2.0802301465724193,-5.938780457583112
2880,2879,-0.37048481081921497,0.5380871801398509,-6.663419352457094
2881,2880,-0.785338444418192,0.9446463513487295,2.8143054560944254
2882,2881,2.3832931993363244,0.3233478702540946,-1.212363529406708
2883,2882,1.923596836091803,-1.4191378271817745,1.2712399182408098
2884,2883,-0.2298282687461984,-0.41056040920526465,-0.31293223797936054
2885,2884,1.0394468594823851,-0.36895746107092403,-2.333424619592899
2886,2885,0.19628383791314122,0.8663943798367093,6.13121533621382
2887,2886,-0.3920215240330567,-1.52992430777878,-3.0158222123241583
2888,2887,1.7941508705403306,-0.24346013324531335,-0.3206531882026167
2889,2888,-1.0806393794826625,0.9170069972761116,-3.7904947473473634
2890,2889,-0.6777170662266155,-0.21178185008524048,-8.47707554475542
2891,2890,-1.7891556286992034,0.6166681893694906,-3.3636211885696943
2892,2891,-1.1539388727412165,0.185495798008282,2.1595081893451233
2893,2892,2.5342987986476304,0.8362722806065681,4.173486795436261
2894,2893,-1.0488953689311473,-0.22670771142799703,0.1401900374046905
2895,2894,-1.1285363181908077,0.6657667320585083,5.276427892106757
2896,2895,-0.981182937655699,-0.0735823832244459,-1.4010610201512046
2897,2896,-0.5002571863204623,-1.0373519598543641,1.9333891601294608
2898,2897,0.12816945275779817,0.2647335387465548,-0.21498225053961623
2899,2898,-0.2695463181130351,0.31672109725077024,-0.544597437301144
2900,2899,-1.294222126814517,-0.23660302821891785,0.22492084701919912
2901,2900,-1.933437051447904,0.11700087878481451,2.1463089872639647
2902,2901,-0.8274929886710182,-0.6591031614151831,-3.5416237809704008
2903,2902,0.1935788892682785,0.08266379165624357,-0.454220720627029
2904,2903,1.7662918524056974,0.11358407767410968,1.7142042337889245
2905,2904,2.059436100294698,-2.111271991973061,-2.9713495034460182
2906,2905,0.3026897074067183,-0.005486292841049179,-0.7675594150516227
2907,2906,0.20118675912550962,-0.7222080453620168,0.6646010926079426
2908,2907,-1.7309210913430049,0.8297931821730975,-1.2352744908468372
2909,2908,-0.7532882175853127,1.417292788132251,-1.0129008016333676
2910,2909,0.6257712794992607,1.6641452278910216,-1.25773551077015
2911,2910,0.09665665897048756,0.07774369204957719,-1.9393723230971704
2912,2911,-0.274670964372912,0.021973474703983656,4.284179235761617
2913,2912,0.624798446326183,1.3095756709579145,-2.6379750773854824
2914,2913,0.7818347227251327,-1.3197547014062943,-1.6490704112362429
2915,2914,0.14704221353611616,-0.5800513108485307,-1.3822715211553347
2916,2915,-0.4486205520497006,-0.10193836843089465,0.312662195630822
2917,2916,-0.45711105273703806,-0.16459509504393569,-0.572750479280467
2918,2917,-0.7197324338110413,-1.0301197975120402,-2.7053544483514367
2919,2918,0.24773106857020152,-0.8954997834531617,0.3595154065387935
2920,2919,0.4767664710051005,-0.14091678145146563,-2.3331448845279454
2921,2920,0.5925420201734092,0.6420883869659112,1.6290129084033635
2922,2921,1.8739829969755566,-2.7748241265956537,2.429687184137774
2923,2922,-0.08095215846789833,-1.0755371898991593,-1.671292644157985
2924,2923,0.23657759714629553,-0.09734463271766806,3.6779077978872525
2925,2924,-0.06226179626286442,0.6751501042907234,0.35610428860425325
2926,2925,-1.3329537330783912,0.48676528531014407,1.517449356452066
2927,2926,0.12238786871766945,-0.7010459858959078,-1.926616114283352
2928,2927,-0.8420734303085364,0.12444201156948634,0.5117274763237383
2929,2928,-0.5542692089057134,0.2662278551657621,1.7620239583106319
2930,2929,-1.4237396845265642,0.34590523140244583,0.9288418896100563
2931,2930,0.26642442893082224,0.7034456081464802,2.3726015037928083
2932,2931,-0.3769190672272916,-0.6303980052138843,2.1840356469200883
2933,2932,0.08036045003036141,-1.3117485129313684,1.6900234333117061
2934,2933,0.7674631134434168,0.6987433904786985,0.2515380068524318
2935,2934,-0.8168684058055699,-1.9016743906512736,-2.2994169427251645
2936,2935,0.6727125974162911,-0.49191769540442076,-7.42793417248992
2937,2936,1.2315511616104942,0.429006201286195,5.179931379186682
2938,2937,0.00883193428387289,0.8323862515360568,1.8256192376849338
2939,2938,1.914187099578475,1.4611954685200246,-3.479062489998082
2940,2939,-1.2369275807003843,1.499062873130752,1.2588107883082145
2941,2940,-0.04213070634552808,0.4990724018133783,0.7589545808225454
2942,2941,-1.473697624900033,0.23401476691940176,-0.36747910426483366
2943,2942,-0.3688701158333134,-0.004442900067153777,-0.1758931289950656
2944,2943,-0.1675296331451854,-1.5421944836439816,0.8916449486095381
2945,2944,0.5669147497413835,0.006533382103866088,-5.206856128709679
2946,2945,-0.4607827363777681,0.4755598351937716,-0.05306890282587218
2947,2946,-1.6668244888707697,0.06422625165099154,2.462063369506348
2948,2947,1.7051921046676641,0.9637024503986574,-1.664881438964414
2949,2948,0.749162284725061,1.014367642923865,-0.6796457646618107
2950,2949,-0.37419090607191413,0.9752500679933922,-2.9527564132487125
2951,2950,-0.46321769940399393,0.5664547292418621,3.5660662573972255
2952,2951,-0.2246106975437347,-0.829685418971754,-3.5512323739638165
2953,2952,-1.1579715142552265,-0.29795094518070864,-8.090277314834388
2954,2953,0.7644925898102283,-0.6533800698505228,-3.6106159178017547
2955,2954,1.0541569872432524,0.5838852103712175,7.222583385371741
2956,2955,1.1539074602182486,0.6232112711402545,1.4746410780130847
2957,2956,1.2634354082264592,-1.6242811552980494,-2.798085313605421
2958,2957,-0.3757679000134217,0.428721511266364,-0.7624635372281017
2959,2958,1.1891827144380105,0.5471524860041604,-0.7271573188845404
2960,2959,-0.871774534513206,0.685089717164571,-5.606832585935518
2961,2960,-1.6285716756527124,-0.7932166693509529,0.35280265685695755
2962,2961,1.3640322170301893,0.019286085772063255,-1.005379310198998
2963,2962,0.3379543096668667,-0.5936023635882325,1.4310634389055457
2964,2963,-0.28374177346902024,0.5079579034288272,-2.8040169776141766
2965,2964,-0.26364831502215774,-0.6802479350086802,-1.649619715433519
2966,2965,0.07693708744779708,0.13137888848799842,-3.38916310271288
2967,2966,-0.8150116263590782,-0.449535296037118,-3.8587919612360864
2968,2967,0.5705953028588683,-1.0990697555841857,-0.4983568013018391
2969,2968,-0.0355306511868177,0.07276934709010395,-1.2026581151099092
2970,2969,1.91904082508036,-0.6285550369118631,0.3692749429213868
2971,2970,0.07468273079713679,-0.4376002735816118,1.4248416922793394
2972,2971,-0.1659311303530875,-1.1518052391008289,-1.1349801701218603
2973,2972,-1.206424374553977,-1.1075158938011769,-4.362862783571872
2974,2973,0.46373283568475576,0.5603143553708041,4.667719458154187
2975,2974,-1.204573815654107,1.0574675705577175,5.564498784457882
2976,2975,-0.36835394132923954,0.5501955957978876,0.9770844498942753
2977,2976,-2.47043039608007,-0.31667429020811777,-0.03544096524816455
2978,2977,-0.9246840485823945,-1.461634505528567,3.356878124085979
2979,2978,0.9837760408475985,-0.06805416827560724,1.472516904390241
2980,2979,-0.0064742735584393096,1.11342316081952,2.6242721617019384
2981,2980,1.8784005632195124,0.1669165216676403,-2.3445665536549742
2982,2981,2.43414231090087,-1.6462433814929505,-4.767309987598343
2983,2982,0.5814917302883997,1.3405876977692042,8.737469862415942
2984,2983,0.4516738887938843,-0.14564569284512435,-8.118685628910752
2985,2984,-2.0587956795132487,0.18531254997487154,-2.528222172722887
2986,2985,-1.1077705716178878,0.8729504719162529,5.184909641426358
2987,2986,-0.841271676256585,-0.8542330121642074,-5.027411507229588
2988,2987,-0.8200202262887787,-0.45093617852215306,-7.01477491885047
2989,2988,-0.34887641222490245,1.4814019231040885,2.9802802460741016
2990,2989,-0.23031019425273114,-0.8049945282250913,-0.053702052990803995
2991,2990,-1.509883263346314,-0.2984061739303932,-0.6436111265723099
2992,2991,-1.1669859802049836,-1.2754462481624722,-3.6371539139914066
2993,2992,-0.2776974324660543,-1.5595248761615759,-1.4424577542662642
2994,2993,-2.7594425551147266,1.077247021065283,-0.3129216909134833
2995,2994,-0.5833072199267948,-0.22983045392218793,-1.7909047750226936
2996,2995,0.7181629692474503,-0.13333957696932947,-1.058928268039514
2997,2996,0.15517390859065636,-0.6668408818022603,4.368753900158326
2998,2997,1.134426675890035,-0.9572857369674737,0.9104793447548906
2999,2998,-1.1351635052445457,-1.1638198102381017,0.1837534107010328
3000,2999,-1.4749891766978487,0.10259738361592109,-2.404992811014021
3001,3000,-0.8902791035468083,-2.285909924839055,1.3675391977250224
3002,3001,-0.337943309135891,0.33579282065216776,4.1991228286071784
3003,3002,-1.853632648251866,0.005854651864065014,-1.5668253408278896
3004,3003,-0.22784048011562555,-0.9691050330784319,-0.7966735081601859
3005,3004,0.1899628445848813,0.3409028135781448,2.119053715800948
3006,3005,-0.46719470125860585,1.670280000100604,1.1843400316506196
3007,3006,-1.7665223422859488,-1.1446190750245075,-2.840718556348343
3008,3007,-0.1601688833011551,-0.5062218327015903,-1.1122335959811407
3009,3008,-1.7275612599600514,-0.9042366263613192,-6.685572487056636
3010,3009,-0.3040689091401236,0.829430867270713,-2.179964703348931
3011,3010,0.8080553886752061,-0.03684374372593037,3.9241772587370307
3012,3011,-1.2874651604442346,0.4737660376999429,-4.678271234424621
3013,3012,-0.34803392934012667,0.7806882996872224,3.4140709950214423
3014,3013,1.4213902005215377,-1.2645439446043845,-8.888059072054293
3015,3014,-0.5836859211035967,-0.15197621046216758,1.0052909314712335
3016,3015,0.17501572954403719,1.1847390891745977,2.715767931213236
3017,3016,0.6375250845378689,0.4304702329833394,5.239724912909377
3018,3017,-0.007270845668219888,-0.027848396732335766,2.089061462772912
3019,3018,-1.5191592873999538,-2.0665759761498097,-0.0047696729635622465
3020,3019,-0.2526318033857475,0.5859118101606239,0.43661546436707177
3021,3020,0.7291055927306568,-0.5273581623826565,7.375844987183276
3022,3021,0.6278619569506779,-1.6323161834088942,1.8190167285613426
3023,3022,0.5829799789797478,-1.1292039125934663,0.16990189501055442
3024,3023,0.8547458985607388,0.8845188958120006,4.056828170780393
3025,3024,-0.3759845379774703,-1.104569150028164,-3.0590666550805894
3026,3025,-1.2941189890119917,-0.23969755608948,2.696630660385768
3027,3026,-0.6101036248640685,0.03786405984894353,1.5703138373411665
3028,3027,0.9317011892353827,0.3421759028903442,3.1697543581963705
3029,3028,-1.3685876036628932,0.8871063690784989,-4.575395820904915
3030,3029,0.6841276739331774,0.24018566127642343,-0.013202072393599829
3031,3030,-1.2638540749136429,-0.6911920603513915,-3.7755267612788184
3032,3031,1.131705035518182,-0.015929672397764282,2.6594784196266685
3033,3032,0.3051627048384762,-1.2152539000893305,6.985027044301272
3034,3033,2.395589180287928,-0.20688373860215029,2.7707836654461495
3035,3034,0.09013430305859141,-1.0190957336871218,0.9948730809262727
3036,3035,0.35266306904135414,-1.947133414369383,-3.87815855797108
3037,3036,-0.3821902547656482,0.035072587282898915,-0.947828289506814
3038,3037,-0.16977512948186813,-0.3023472758635832,0.773267522641763
3039,3038,-1.2772180203197223,0.14469050507834924,3.3495466490978845
3040,3039,-1.0378029805251343,1.1217307512685377,-3.0917036252713754
3041,3040,0.622082404720406,-0.02614263138956167,1.4084592411137729
3042,3041,-0.21985185107013258,-1.386704086719075,1.5736412791593053
3043,3042,-1.2425088807952696,-2.0662276123142944,-5.459027172281628
3044,3043,-0.6754241117708056,-0.8871834917275353,-2.1232555121587118
3045,3044,-0.7139631298767268,0.14387630844679183,0.6750688518669604
3046,3045,-0.29171031231088507,-0.3891943718068211,4.394815102390942
3047,3046,1.597250515730462,-0.6231800035085358,-0.010135849748096504
3048,3047,1.3470215304053215,-1.719418477758453,-3.830966081991239
3049,3048,0.9927502471787322,-1.0279232456125316,-0.9992042978486384
3050,3049,0.6697143225491944,-0.43591674098789235,1.5892247232155496
3051,3050,-0.9701991255650303,-0.24674833657540854,3.5556232521730884
3052,3051,-0.9466567543453767,-1.0447215817847435,-1.4346254622486487
3053,3052,2.147520923787744,1.857048307727653,1.970970526839818
3054,3053,0.1938764563927339,-0.9763034396653438,-3.7409781969414526
3055,3054,0.5800084092560098,-0.39036085190250225,3.098580341724929
3056,3055,0.3957780351635295,-0.02726047797813982,-1.7296241833661805
3057,3056,-1.2261141285691857,-0.4529427510534316,-2.14065051733052
3058,3057,-0.2077602871704052,-0.422735554127395,-0.5944498887779637
3059,3058,0.05085974883344558,-0.4418935314602343,-1.2173853515661324
3060,3059,-0.14491152061998477,-0.17834185381195902,1.1768829902850273
3061,3060,0.9199072374076169,0.7286980482311367,-3.8244321016241116
3062,3061,-0.07002771529072843,0.4115723377616925,-3.8156912400877903
3063,3062,-0.053715313717515596,-1.4888843601063606,-3.318706818634493
3064,3063,0.8154664545690755,2.5848247553694543,5.376564820007752
3065,3064,-0.724737887550061,-0.2772220628160997,-4.211904161801606
3066,3065,0.9907496258534418,2.023429897167141,3.8001060109774194
3067,3066,-0.19618111969387717,0.0013196907173430754,-1.3988248585838305
3068,3067,2.060704716357975,-0.37725979006597665,2.258295114526378
3069,3068,0.021054464863786676,1.0037326124750758,-4.259281782061301
3070,3069,-1.8203933276725248,2.372049602205872,4.154943017673363
3071,3070,0.22183694982558597,-0.9185340262547521,-4.487636478284896
3072,3071,-0.047612985554152686,-0.49134957186717004,-2.397413050994969
3073,3072,1.1365439176384868,1.093324107469308,-2.6262030355677326
3074,3073,1.9351734220997188,-1.312398222809878,0.7571003477879237
3075,3074,0.489839943969408,0.5998649901872714,2.3011959347863375
3076,3075,0.36626153241137027,-0.5213626057628267,-1.101154010906778
3077,3076,-1.9624736198325101,-0.45796795116062966,4.950064142368584
3078,3077,-0.5705979662034052,0.3651346211569645,0.7064859421481045
3079,3078,0.3800246624071613,-1.382017761256219,-3.6641814517343985
3080,3079,1.0623444021804462,1.700722112804854,4.169014609612858
3081,3080,0.7215330640129376,0.8431233885617172,-1.67754411791715
3082,3081,1.5618670961008172,0.7889743525026155,4.260774580909197
3083,3082,0.46802156677101714,-0.33839179773542416,-1.0970082288639524
3084,3083,0.3967241523460162,-1.1079290716433357,3.513322120442701
3085,3084,-0.0899088020066508,-0.08693524285758034,-2.4218437137069118
3086,3085,-0.9263069860258787,0.9912783816256967,-2.6468191466791415
3087,3086,-0.020289855907988045,-1.5187045125841745,6.411348315665865
3088,3087,1.1352501546557627,-0.16539476740707507,0.09984729934001702
3089,3088,1.543763545969632,-0.9457310369325904,4.133393553455742
3090,3089,-0.017775508724559963,-0.5935457707985887,1.0809579493503167
3091,3090,1.7932143115086336,0.05694451798657137,1.5996683521263975
3092,3091,-1.1410107123846611,-0.5737382339184623,-0.9418752206897606
3093,3092,1.841480947664003,0.6285420035628612,3.9457687526309186
3094,3093,-1.7802503790610238,0.6077491566786614,-3.435445437943708
3095,3094,0.057727937427239875,0.44173399601278396,5.235467071452547
3096,3095,-0.40270164984771994,0.05190233440476303,1.3804401762982748
3097,3096,0.13060214137608336,-0.11997467752708706,2.0595013037002774
3098,3097,0.2599424194998301,1.375889189893584,-2.013299130390511
3099,3098,0.19038319881751892,0.3543407833318437,-3.3798382289447626
3100,3099,2.348999812092286,1.0637818627099223,3.8055731282945726
3101,3100,-0.49687668247730554,-0.30476896698779254,-1.631769877799111
3102,3101,-1.0833318679874313,0.11245618474550861,-3.172715212611866
3103,3102,-0.5864692471553994,-0.5565655152748326,-1.653311552087643
3104,3103,0.09540158402677461,-0.64010878113048,1.5252480976975793
3105,3104,1.4338118984204264,1.1485005560271995,2.390686713311106
3106,3105,-1.6237353704021227,0.9037982978580048,5.936692134316998
3107,3106,-0.6450042931762299,-0.9500049811965301,0.658489547022486
3108,3107,-0.7367699759183434,-0.1141686066400874,-5.588359238073891
3109,3108,-0.6782335708422095,0.9828336280652741,2.417074013582593
3110,3109,0.290475592511509,-0.9934469806604782,3.6056535765580353
3111,3110,-0.9686521696494483,-1.2512552569718007,-5.788928841921084
3112,3111,-0.3512377615665276,0.8232676771434313,-0.49133196234203247
3113,3112,-0.5768634964024275,0.2710110826332589,-1.7402502231218535
3114,3113,0.4681821560287447,0.7382276665552462,0.989392185453914
3115,3114,-0.06482555776977797,0.5392177832280971,-0.23608252948675545
3116,3115,1.8066497554584833,0.7019525264326547,0.6323373498398531
3117,3116,-0.25095221520922806,0.3657249092843061,3.681673844048539
3118,3117,0.06185518713925046,-0.6523635456138899,4.162254951067462
3119,3118,-1.3720734372100056,-0.48644505271496313,0.9019775254500809
3120,3119,1.6089382713158311,2.432776759505829,6.463325841023995
3121,3120,-0.7410873908146743,-1.1893068031101988,-5.311450783703048
3122,3121,-0.09290298482978913,0.6684037315795729,2.2465745473711562
3123,3122,0.3695627256197757,0.3453081869533496,6.93431729556097
3124,3123,-0.8255610256114532,0.6559086624550635,-4.091262870369478
3125,3124,-0.748995788947443,0.32899103783100886,-1.1494052756943895
3126,3125,0.20451085432368848,-1.4257826544408405,-3.8380082946069893
3127,3126,1.5670764757173903,-0.21645817980768856,-3.5105963854110174
3128,3127,-2.651360163665602,0.32980291555997526,0.1329036340061167
3129,3128,0.19985375074804507,-0.20200144397533293,-5.889960027806477
3130,3129,0.8318011100239036,-1.4154213293811981,-2.2694207134929085
3131,3130,1.3550685632359425,-0.560693187341065,2.54118024988997
3132,3131,1.8721687395053517,2.3426325539213795,5.4873168555875695
3133,3132,1.147981300583975,0.36594522817280306,4.4952762054194535
3134,3133,-2.5490534620886995,0.09364413440068357,-1.3125459678081368
3135,3134,0.17262430607766951,-0.3702154121473603,-2.2864069516873977
3136,3135,-0.7960856043847081,-0.5675321930900764,-0.6059750152236301
3137,3136,-0.8373427727733993,1.6316865762204356,2.4115351952347943
3138,3137,-0.6435055908644125,-0.5826163151383107,0.5554393667508017
3139,3138,-0.9095922447994595,1.8478643277724967,1.207293892782649
3140,3139,0.04702198196239943,-0.34933433350953674,0.3684866063689094
3141,3140,1.2538504821649685,-0.7513508422819021,-5.56160452734475
3142,3141,0.09173844160462732,1.910806067986102,3.5592311561275007
3143,3142,-0.16968732437960507,-0.05418780868236327,-2.4035669903402095
3144,3143,2.098912882902914,-0.6168412933234856,-6.632762362865231
3145,3144,-0.5994665638210736,-0.3905344601587452,-0.4758282436664276
3146,3145,-1.7241728354479793,1.844148131028312,-3.697889137164715
3147,3146,-0.7255919202167462,0.2428239705384908,-7.315758389067431
3148,3147,0.34854403457026256,0.1499790455341112,0.5854263793957335
3149,3148,1.378042317988075,0.12501202620650984,6.0103620547863645
3150,3149,-1.500009371923131,0.9348289060179077,0.15113145523857008
3151,3150,-0.21805856841445959,0.05926441396697771,-2.3890265303117637
3152,3151,-0.39746094425553125,0.5821851156710897,-2.3514345428320067
3153,3152,0.7144568843251414,1.661892303036899,-1.3755561067870898
3154,3153,0.3399521464118842,0.5930943858491742,-0.31174191039958377
3155,3154,-0.3170370301998569,-1.9569929778127972,-5.7286702691439455
3156,3155,0.7998857295810418,0.909607493848371,0.33175544447903493
3157,3156,0.8870197114334696,-0.29339360812365073,0.9272344637446039
3158,3157,2.2662729503379104,1.688852671001392,5.700889656031556
3159,3158,-1.1051500464188524,0.9462324227832892,3.8421319433398193
3160,3159,-1.86687645983759,1.1789201579037627,-2.4934923113718126
3161,3160,-0.2806518589992124,-0.08992557967827988,-3.289916179793806
3162,3161,-0.08035306229310499,-0.08581175534646256,-5.299187638703308
3163,3162,0.0259109995514292,-0.40676245058112365,-3.403612128046123
3164,3163,1.8277951038526585,-0.48314582352435953,-2.7758044775450177
3165,3164,-0.6651856693867768,-0.8508230178961727,-2.3748286122738618
3166,3165,1.0428440692309142,-1.0670984436005944,0.23596232579079235
3167,3166,-0.6088209396645672,-0.242351841603296,-3.408478949240597
3168,3167,0.2225112952510542,0.8533604437086659,1.3910057513917953
3169,3168,-0.8825946132775048,0.9879784513407077,4.753632719301826
3170,3169,0.6571210499388213,0.23089225453706275,2.801851208966036
3171,3170,1.669142033519741,-1.0444575321251033,0.03931870494771698
3172,3171,1.858713546843665,1.586945178649735,6.521395721378509
3173,3172,1.7988927112508946,2.194436984878388,2.0010493057094285
3174,3173,-1.5425758586052611,0.07279407649165677,1.873081530176447
3175,3174,-1.2299759827277392,1.6409858000816724,-1.9747536651475261
3176,3175,0.13276902676655483,1.0470876545200545,-2.66569448580573
3177,3176,0.6791208394885803,0.6479078813662678,-2.559209295769435
3178,3177,0.2042778682410604,0.3979426646004574,0.6046799899885817
3179,3178,-0.038905848468072844,0.7112150496656889,2.4590774553669763
3180,3179,-0.6807817658878471,0.009865024373543483,-2.8086531144618645
3181,3180,0.5984795801238556,0.24353753099110223,1.9798222301922634
3182,3181,1.9738348008124738,-0.35051478741961395,2.695378670414491
3183,3182,-0.21870271951860668,1.8949388784768126,-2.8699328569144047
3184,3183,-1.3145553670081305,-0.5413033312418728,-0.22288969214636925
3185,3184,1.6957710999487834,-0.44975221725696035,1.9380999578519913
3186,3185,-0.7245735847836288,-0.37711550089984247,-3.544641515706125
3187,3186,-1.0845089293848595,-1.4624236851110277,-3.4376345754576496
3188,3187,1.2620715448737416,-0.5016896713031591,1.0150508498297306
3189,3188,-0.3836222771763835,-0.45023814697046766,2.8533837415753913
3190,3189,-1.0951779656376468,-0.33651422483309074,-4.4630158669778615
3191,3190,-1.4563709031978438,-0.38543851678714536,3.57304226876898
3192,3191,-0.4884708718676527,1.220940891313326,2.297220671198007
3193,3192,-0.29895040395495376,1.3710796572660842,3.1426137061042594
3194,3193,0.25115289269830077,0.17990321196846548,2.701177597248143
3195,3194,2.4530946109266436,0.24434886499520272,3.022198519328569
3196,3195,1.3968829669567244,-0.282030035703428,-3.4144107240422765
3197,3196,0.35167917587918995,-0.0297345521840989,-0.40892575026311073
3198,3197,-0.5953265663843995,0.45528683706877654,3.8015867744749325
3199,3198,0.596581202633577,1.1925874220354444,1.6728603222516063
3200,3199,0.865977162169148,0.6699190058022064,1.1305938922024703
3201,3200,0.09311100749619716,-2.3629371737286244,-1.3170821270549
3202,3201,-0.3324656577874754,0.9468227380375973,-3.934904744457736
3203,3202,-0.4961924076102677,-1.3552062131221736,0.021453684964636954
3204,3203,-0.3971697059773682,-0.09948070888695847,2.6746261064887342
3205,3204,1.0790234345286385,0.07426922637444787,6.402425781004264
3206,3205,0.9535191930103791,-1.4871454078499335,4.497999553694883
3207,3206,-0.8397971110616673,-0.13271403204710128,-4.394292446016518
3208,3207,1.3366219369603283,0.03632214790304774,4.087157342195147
3209,3208,2.6988125877096873,-0.943584125326025,2.7782076055129865
3210,3209,-0.0018795577017092458,-0.5348336763929001,-4.11961013267255
3211,3210,0.1417673498299472,-0.03447306988822589,0.6485754381029958
3212,3211,-0.05246261717666176,0.884983236569588,3.183943058698236
3213,3212,0.2397561978256502,0.004081985845792306,1.8894881890771673
3214,3213,0.5078374579573548,1.0682070591304844,0.5571724789710275
3215,3214,-0.4574366585752136,0.3611580421961419,-0.11251712630339794
3216,3215,0.0064355408258832585,-0.8341501510888985,-7.532628354405688
3217,3216,-0.29982891498715186,1.3052933859889002,7.711895987739996
3218,3217,0.7010577681572275,-0.685389266594179,2.660825766685881
3219,3218,0.03602253876858085,0.6211588647970887,1.8055555892488895
3220,3219,0.33700867492040987,-0.45280307804713804,-2.4238250443912106
3221,3220,2.2022037212754877,-1.5777230120929862,7.756548200596223
3222,3221,-0.2260827442271864,0.7870615694049936,0.09910423582868527
3223,3222,0.5584438266846681,-0.6114774723355507,2.1494032247844914
3224,3223,0.004452715651556277,0.5661264262008798,0.6778516135931008
3225,3224,-0.9030268838853772,-0.9293288201296096,-4.678418593340644
3226,3225,-0.5396018995893073,0.4254891070411742,3.4439578951783885
3227,3226,-0.8125374241059641,-0.22068103441868966,-0.8583244340681448
3228,3227,0.1184667835340411,0.1627879934400366,4.320728689480641
3229,3228,-0.4914944673764382,1.2006741842764441,2.7479605812327623
3230,3229,0.30401371041627534,-0.40474735287366326,-0.5724079346419936
3231,3230,2.0473951352230464,0.7887469068277961,0.5642042659697213
3232,3231,-0.7842559595517908,-0.11565371800177397,0.08996800462347154
3233,3232,0.7661260909266415,-2.000965200846918,0.6662555524453402
3234,3233,-0.5323217684528486,-0.2685105852044101,1.6428151211826756
3235,3234,-1.5183332519991943,-0.3096164541188317,-0.30081548711307715
3236,3235,1.5782079010450283,-0.5025314112303643,-2.5268962687284335
3237,3236,0.4015166817062544,-1.777636913242604,4.021703379162852
3238,3237,0.33135096383366286,-0.21353409416886712,1.2709212780377785
3239,3238,-0.5967056856132146,-0.1283830823655319,-3.4900653803396553
3240,3239,-0.5660443487057188,-1.0106657650970123,-3.2320661192566
3241,3240,0.7904369266009108,-0.5358351257353993,0.26159679014654724
3242,3241,0.936981219792861,-1.330385233059245,-0.2273389853107488
3243,3242,0.49936314112923214,-0.45351168481442106,-2.502862192524353
3244,3243,0.9632865245907751,-0.528725549659732,5.498736828945504
3245,3244,-1.1226074411881934,0.3294837847132673,0.9986416890822671
3246,3245,-0.8421882147687119,0.28022737570075623,4.961084984398438
3247,3246,0.41949849937559136,-1.2445615404659167,0.09990337903197818
3248,3247,1.281470887885433,-1.6134933961601259,-6.256880017111717
3249,3248,0.8664521917202906,0.2765434742783782,4.593411986140211
3250,3249,-0.9675750732661377,0.0654127973897268,-6.11864899892415
3251,3250,-1.222658784564089,1.0329513371244936,0.5535423028086441
3252,3251,1.4085628288076222,-0.12021604859540874,1.445245408286107
3253,3252,0.3626926607070901,0.6599159093027277,-0.5579104153840684
3254,3253,-0.6386965770729544,-1.1585632930285505,-0.699063046545228
3255,3254,-1.0574740929363597,0.1424751308344729,4.047877470132207
3256,3255,0.964571458694189,-0.18386723860669657,0.17076188131504733
3257,3256,-0.6726022697519946,1.3866672132208926,3.1556448867808906
3258,3257,-0.1990278111628314,-1.8853731578565898,1.64327974745027
3259,3258,0.6720028871545622,-0.2687450759954728,-0.7261805296754412
3260,3259,0.840644411779711,-0.5915929833014169,-0.6533682644798116
3261,3260,0.2112832679084186,1.6007053051485882,4.6493532149699375
3262,3261,0.9051461018687623,0.3186364134558973,4.5540683499961885
3263,3262,-0.45945098401311957,-0.5076875662821603,-2.776606308578217
3264,3263,-0.3219196125546389,1.8264295985423677,-2.1662942679918267
3265,3264,0.17747596690230363,-1.0567776366362678,-0.017623914070637348
3266,3265,-0.44108657124994666,2.8694676917961237,-3.518743052837386
3267,3266,0.6118426262839255,0.6775269871036435,-1.8770215195042184
3268,3267,0.2735050642974665,0.51480974389935,2.3121623467330936
3269,3268,-1.0854393057622,-0.15194426814844691,-3.313561848899878
3270,3269,-1.824433713843542,0.3988053998035705,-1.4209490775705043
3271,3270,0.211084571947823,1.5037880572058344,-1.5817922778910045
3272,3271,-0.856285174002386,-0.45016571126261407,0.878434909928127
3273,3272,0.4894701650995658,-0.3932013786837612,5.2484404746778495
3274,3273,0.4298592637854152,0.845270384543231,3.9545506392721017
3275,3274,-1.5195147024269342,-0.27008501890743847,-1.0063023370532056
3276,3275,-0.2148111688450353,-0.14840279930451025,4.71882554097602
3277,3276,-0.8566148217930669,0.014357884123049683,-0.6077791732110623
3278,3277,0.4414148257808813,-0.6097856630124974,1.1794925366065934
3279,3278,0.5436453147508156,0.14484422913279715,2.412129103933068
3280,3279,-0.31609698497113276,0.571866821944755,-0.6485949751199125
3281,3280,-0.5115513505033453,-0.05190385612872542,-0.0769920098485275
3282,3281,-0.5223010070400471,0.6747681225063866,4.290001957020689
3283,3282,-1.1709343976507705,-1.0683304517219843,-7.938624228970499
3284,3283,1.8006150647702375,-2.3840074248933116,-2.7700286038773703
3285,3284,0.5632266082042959,3.004656106194996,3.250353607361407
3286,3285,0.2898386102261742,1.343506771802732,-0.8046808509179645
3287,3286,0.41396388169968695,-0.01896563912531956,5.522291735092882
3288,3287,1.3914170340003966,0.07717011684249768,-0.4126378255135884
3289,3288,1.839020018470736,0.3488863123379698,3.153836120085489
3290,3289,0.6237694065568844,-0.9428243247773951,-6.177447512288664
3291,3290,-1.3193995661687892,-0.7391857467373238,1.559630248044126
3292,3291,0.3118579529468542,-0.8791165898789883,2.781166994240007
3293,3292,0.793552215349835,-0.02647978282313525,-0.5041693196232566
3294,3293,-0.9633003937405279,2.104324428238088,-0.07645540688250341
3295,3294,-1.017609168643689,-0.03206586898062757,-3.295359689699045
3296,3295,-0.1267837804856238,-0.7726627514972404,-2.9629584317964346
3297,3296,-0.17584661852565855,-0.16718555611476218,-0.8464951864855641
3298,3297,0.47065429630372435,0.04429644609231263,3.797203726159167
3299,3298,-1.3688216216495335,1.8711973051515678,-0.4571742289499303
3300,3299,-1.3632423784057308,-1.3879472711048855,0.7062620726680032
3301,3300,0.1576404146316114,1.0727231241489221,7.186316694103959
3302,3301,0.4195914296538852,0.1366399692291249,-1.5527916105044708
3303,3302,0.25040502151035293,0.01094446484918612,-9.34112884812815
3304,3303,0.5654918678241183,1.088896497299844,2.9302291519910906
3305,3304,0.5058514923762861,0.0787926585667565,0.3883866806534423
3306,3305,-0.662743640190714,0.9633433776517644,2.3979982427901554
3307,3306,2.019315894423527,1.0157307973793674,6.405473431366494
3308,3307,1.0598245592307924,-1.3279659841856697,-2.8507561508017005
3309,3308,-2.587004465393497,2.260700069160024,2.00391054758363
3310,3309,1.4529178916456256,-2.0365727488661993,3.3726604153006408
3311,3310,-0.046367690340038036,1.5234020313655732,-0.086181571605497
3312,3311,0.8682356399062019,0.6875811111601698,-3.571695101612506
3313,3312,-0.13670343141456465,1.7044568046335162,-2.236370864002712
3314,3313,-0.15087639832757557,-0.24869859834958943,1.9756546826963919
3315,3314,0.531721200906369,0.47027955782522185,4.2338625087594846
3316,3315,-1.10400174883381,0.4006475814451191,-2.27222592074408
3317,3316,1.7447906734066443,-0.9112637185121658,-1.7648607286413478
3318,3317,-0.4089333952517309,-0.8937878157325383,-4.891734013229234
3319,3318,-1.0287875863079607,-1.7323540968084563,-3.2922061556481
3320,3319,1.0497910003795912,0.1774681052794903,1.4196048657956635
3321,3320,0.07605171595443565,0.6521956330008675,-0.3174651851907655
3322,3321,0.5631095603578772,-2.417322141584688,-5.349295628184597
3323,3322,1.3627729136299123,-1.2900046251491213,2.8064681173914843
3324,3323,-0.8095109222229844,-1.5223759934293857,0.33864936340536655
3325,3324,0.4695094891168534,0.2506757425659671,1.6463652681907295
3326,3325,0.16951022048329037,1.9077341905468466,0.8224971012252461
3327,3326,0.7165735535333422,0.21172186516823538,0.32968247740513223
3328,3327,-0.5404161117601977,1.3395302854545212,-3.521915745483053
3329,3328,-0.9837093030454795,0.6555972235982753,0.6560804133191084
3330,3329,0.7820019773672185,-0.3779179710340625,-0.2869352514557788
3331,3330,-0.47591617480628245,1.512257720174462,-1.170702782456864
3332,3331,1.5925189371715276,0.19573791659109094,-0.33040042168657036
3333,3332,-0.6644727988441945,0.9832973708600153,1.4596875953430324
3334,3333,-1.0017964746080603,-1.679072664159903,-0.7424883215760743
3335,3334,2.049180786844229,-0.28649958304809525,4.069545423233986
3336,3335,-0.13865819404837088,-0.7138944445036043,-1.2754113073561384
3337,3336,-1.0437686457926996,0.8008300483803378,0.520144835865066
3338,3337,1.2769894945288638,-1.055113456305483,0.9846822393222274
3339,3338,1.6959438137421785,1.1896756008693399,1.4714699459308318
3340,3339,0.7694087028927274,-0.28395652066654903,-2.4646305678397407
3341,3340,0.15810821850544815,0.42389556882760854,2.710854275223897
3342,3341,0.11423282984132059,-0.38057439462388104,1.8630674080218104
3343,3342,0.05168985911453746,1.228454648383417,-0.7908310750625244
3344,3343,0.856507183904398,-1.739560439569851,0.8775049710914062
3345,3344,-0.9380659054996793,1.333571186101048,2.4232983790030236
3346,3345,-0.1412514571751912,0.3691026595719173,2.3624817697897122
3347,3346,-0.7142756832208041,-1.9679860256912296,-0.549505168683909
3348,3347,-0.8505102915712293,1.9136661055968305,2.210444666451505
3349,3348,1.502897019432159,-0.023230836160476685,-3.2611295161209277
3350,3349,-1.7857844090735588,0.40646788445990945,0.43110877106570555
3351,3350,0.5175772902747355,0.5992443015274732,-0.6236121627882962
3352,3351,-0.8056186137495471,-0.18137238065690756,-0.8489595631513864
3353,3352,-0.40815642449320794,-0.18437690070115598,-2.9715163171710666
3354,3353,0.16751199380591306,1.2209518062484845,0.4522424126936667
3355,3354,-0.11471018918408644,-0.1339273718263686,-1.0756266824694747
3356,3355,-0.22236472658912357,-1.1946122446619367,-2.1943385617622555
3357,3356,-0.538119783262316,-0.7856051921365417,-6.761585402390662
3358,3357,0.7802797939661609,-1.7402876467717374,-1.691615564411379
3359,3358,1.272887903287114,0.2592498099719091,-4.185463221469299
3360,3359,0.42704411019484056,-1.5015129918834593,2.954834304872679
3361,3360,0.09271070357199945,1.5447450273409935,-0.031059935323986265
3362,3361,-1.3492937529631643,0.4947409331931106,1.1341872582459196
3363,3362,0.10564986065113349,0.6125303518001146,2.1332349229621883
3364,3363,-0.2161268122341419,-0.39768395363211767,-4.272702850675037
3365,3364,1.1796994504090836,0.04053487473638436,5.1417490790424765
3366,3365,1.2379977752021103,1.3698414327788682,1.8262967872233895
3367,3366,1.7404403406209223,1.180641587749007,-4.514167782193897
3368,3367,-0.1800780568465327,-0.6143518978565718,-3.2625308922503375
3369,3368,0.6088760613465443,1.1873105476502261,4.7309189872263975
3370,3369,-0.2423591366523597,2.2271296367123186,2.5962050099996294
3371,3370,-0.6345526171292912,-1.907714460476986,-1.1187393357981983
3372,3371,-0.06653411072781922,0.3241137933060492,3.135604985757058
3373,3372,0.6676886477187465,0.9155629936811006,3.818143745871273
3374,3373,-1.447343225607912,-0.37200550851240594,-1.3760484423584327
3375,3374,2.0793371844189985,0.7690980825683867,6.675515008523926
3376,3375,-1.3483120817325978,0.11490186260563882,-2.372181736766861
3377,3376,-1.3748515887424912,-0.9401290740014048,-2.4071769218348473
3378,3377,0.08129998761317264,-3.2925990108207643,-6.326772810009148
3379,3378,1.651119611523238,1.2832071270108656,5.230232225342656
3380,3379,-0.8060173777856328,-0.44328415948183025,-7.002321829533711
3381,3380,-0.3933136818121412,-0.9942760465783033,1.7094647633490858
3382,3381,0.26244799372511046,-0.48051196826308307,3.349013255737529
3383,3382,1.5406423964030318,0.1494805997336663,-3.889545022829245
3384,3383,0.623238864673427,-0.8981269747892271,2.209448779765413
3385,3384,-0.4096558342669114,2.0153325475775405,2.929088665495174
3386,3385,-2.0330557783897643,-0.6784765062802457,-3.851637186995875
3387,3386,0.06846667898339608,1.1318321065140657,-0.486657281940272
3388,3387,0.09198901213995969,0.33352279322096456,4.780083828368549
3389,3388,0.8237033565618157,-0.35273900979153316,1.1590207868304296
3390,3389,-1.2910880395178863,-0.6225258738333089,-5.33459522119306
3391,3390,0.7367221935744429,0.3992803301792302,-3.4054842452642755
3392,3391,-0.36641141268125005,-1.218265216771943,-1.43318109569582
3393,3392,-1.1366136473719168,0.822027846036439,1.9100071727354637
3394,3393,0.8643755599898539,-0.29552858582116076,-1.6646898491002327
3395,3394,-0.31871514487870317,-2.7236137392523183,-1.9262920121362708
3396,3395,1.504765701735076,-1.8383050338096671,-5.08307086421439
3397,3396,0.7483082503893516,0.8929858662545812,0.7990848313745536
3398,3397,-0.051061248518734864,-0.5128092591648459,0.7606911992645662
3399,3398,-0.7552129238375229,0.8556241183063813,-1.9683851526150546
3400,3399,1.0559856231618927,-0.16305417785916618,-0.6270084652673821
3401,3400,-0.8061192538902957,-0.056755749278054754,-6.818817176900456
3402,3401,-0.6911342322637265,-0.380117436139757,-7.402723214125179
3403,3402,-0.26705527068005386,-1.7111682878736192,-2.669934314640435
3404,3403,-1.0436610893608027,0.057962364423948885,2.06150649735126
3405,3404,-0.538193390516288,0.538414768830946,-0.8034297912949707
3406,3405,-0.4522300529490492,-0.1431202361157358,-1.1988488368132835
3407,3406,-1.4070886075822853,1.1352110934740984,2.200072313063279
3408,3407,0.4738796999072203,-0.12494106873536517,-1.4081671276729133
3409,3408,1.1896752425230446,-1.3665665237363418,0.8781839682980127
3410,3409,-0.6836315053026601,-0.622246361157043,-2.069086813487499
3411,3410,-0.011666316219163851,-2.570920091386249,-3.572427031684727
3412,3411,-0.654961559939039,1.0699797271641425,-0.1518801683447204
3413,3412,-2.3126307913465562,1.5943722284631596,-3.8505060822696238
3414,3413,0.161945882264668,0.6150040421031912,-1.3604903230953658
3415,3414,-0.8439905603051923,-0.43228556195227913,-4.58688784950973
3416,3415,2.404703687437763,-0.8074847691800753,-0.7754054198390948
3417,3416,0.3100061265961062,0.6488682259833922,-1.293665426055124
3418,3417,-0.8996329446163194,0.26961790361564186,1.0576953514104384
3419,3418,0.6368765280006464,-0.9913281700778291,-1.1900097783713237
3420,3419,-1.577501451332415,-0.12320392249517477,3.298933583664967
3421,3420,-1.5326646505488009,-0.6075664140679096,-2.050475833651983
3422,3421,-0.10794605267881019,0.4445204894406911,-1.9869110789954043
3423,3422,0.9349487759557659,0.21694191574865962,2.1383790932698554
3424,3423,0.28931759224253156,0.639324065751785,5.434916785059814
3425,3424,0.2605778881552253,-0.20670666837105403,2.480239114618627
3426,3425,0.7963677076065023,-1.0155670675317927,1.1200983719023723
3427,3426,-0.7835640701219859,0.5842943982451424,-3.4768305184357216
3428,3427,-0.19009072699786067,0.3543891769017683,6.455012405381692
3429,3428,-0.026450872340393082,-0.6950603983446831,5.955323312669454
3430,3429,-0.10573880631305053,-0.3180229971626248,1.129496787837211
3431,3430,0.8171352437569688,1.0692435088139867,0.2637391343869371
3432,3431,0.1760576784380208,0.11998380201933773,-4.135090701028805
3433,3432,0.3867906292144592,-0.9229033922718453,4.3603220385038695
3434,3433,1.4933301212457983,0.8030698227746376,0.8447133095793031
3435,3434,-0.269676015769107,0.06619266609124466,-3.7782214430763
3436,3435,0.18307226710019084,-1.0852407017789278,1.8729113468397398
3437,3436,-1.2087120882239126,-0.7219228910630913,1.489852420210491
3438,3437,-0.39457174010890256,-0.517713917830723,0.3765606900123919
3439,3438,0.3979162564717845,-0.5710823568879084,4.38752692575616
3440,3439,1.4093824684668543,-0.25701022061677486,6.317556707438458
3441,3440,0.6943101157714284,1.0423511878478082,-0.34244786302998564
3442,3441,1.6169230595185473,2.146025340724462,4.11781227491959
3443,3442,-0.27118700979118443,-1.2636631889016205,-3.6115616290454877
3444,3443,-1.1908455944013254,-1.4820651215118028,2.650575939159858
3445,3444,-0.8356697588770385,0.01645172705556553,6.1638957050409315
3446,3445,-0.02239750023475332,0.27242632607461575,2.7295262998403302
3447,3446,0.5994627095072174,-1.521302391428402,-0.19552770344085402
3448,3447,0.548638385804699,-1.243991086262391,0.3400303481947013
3449,3448,-2.6611753292762366,-0.7627182419960051,-2.212853159273959
3450,3449,0.32809802975530616,0.9857845147650826,-4.13801608060896
3451,3450,1.3265182816900876,1.1474154085341228,2.3198956596559253
3452,3451,-0.9268107934088768,0.00859135076000528,0.03985632705521591
3453,3452,-2.4212642761230487,-1.342663522513687,-6.132021779606737
3454,3453,-0.4391098191400606,-0.037455031241344076,-1.0839227795137345
3455,3454,0.65156624463304,0.13096865098633673,0.5012384258498788
3456,3455,-0.700461849676967,1.1014890573380443,1.1532503733072006
3457,3456,0.4809093194360225,-0.4277290396874469,-2.06273904532312
3458,3457,1.2720717223328208,2.5576394848470376,4.668768811698582
3459,3458,-0.06303669739186414,-0.08520552310335636,-0.6930765997117243
3460,3459,-0.7374035370310348,-0.7325517053129235,-2.4523120197271653
3461,3460,-0.2779634819446726,0.9094722499812657,-3.1589278563748513
3462,3461,0.8723082795030456,-0.9358927367598218,1.7746631367187287
3463,3462,-0.07460580925349929,-0.49000903923592976,-1.6852713688934478
3464,3463,0.3140500299227349,0.541300506324011,2.2597509594820684
3465,3464,-0.4042997276551329,-2.1287930618852546,-5.714417599785663
3466,3465,-0.5592626507983539,1.221977794005174,-2.8711621965617784
3467,3466,0.0378783288643674,2.036225456000083,-1.5817318849050748
3468,3467,-1.4195320866627654,0.0434364969192151,-7.458466277458732
3469,3468,-1.2287547687856666,0.12420777790624717,-1.560563182107554
3470,3469,-0.5055940380051174,0.06084291089494396,-1.7570944630835905
3471,3470,0.24482853660640705,-0.14454271770073007,-4.117292685245305
3472,3471,-0.8193789479531667,-0.23748409578539967,-3.5189456784712276
3473,3472,0.5701651264241505,0.038746618387477005,3.3103297643124945
3474,3473,-1.5445577313096566,-1.4469341468828767,0.031575160802585156
3475,3474,-0.8947656353546033,-1.1393581640264352,-2.752915444586165
3476,3475,1.2865635118595757,-0.7091183970223557,6.832329727241127
3477,3476,0.8663627453177367,-0.9341090239147645,2.3407376324345015
3478,3477,1.075420777334787,-0.29686224717743254,-0.9610153698261772
3479,3478,-0.06464583863686894,0.29099726596228986,0.11356095784533227
3480,3479,-1.8734637420749252,0.3720209308033675,-0.7132912247643866
3481,3480,-0.5257486832822068,1.070586099006748,-1.9823568796956212
3482,3481,0.7714167486870769,-1.0843557458123743,-2.663520364700605
3483,3482,0.8776685117273627,1.6583548034991602,4.6521993334517076
3484,3483,-0.42982303772957864,-0.0509810790456088,-4.025401790833438
3485,3484,1.472291604463603,-1.5472810785064053,2.9457917856608704
3486,3485,-0.20140929314976305,3.038828970961698,6.274764365927863
3487,3486,-0.4301227535885575,-0.7121287858110786,-7.977749327033482
3488,3487,0.6539719142712805,-1.6486136384487788,-1.9972412999101468
3489,3488,0.7837601433753626,0.07727232652628374,-1.6170740883108348
3490,3489,-0.9249494684116166,-0.23393788545172178,1.690625049789758
3491,3490,1.0567062489916124,0.7058629842050476,5.0204017528575955
3492,3491,-1.3240584263704938,0.41231361162738545,-0.5449472902848251
3493,3492,-0.44415916981280706,0.13091231663155942,1.6988065794935665
3494,3493,-1.2649899184313131,-0.9400398583757978,-3.0573185823429743
3495,3494,0.5375863540795299,0.1412701857539024,4.081339973672152
3496,3495,-0.9766956394881026,-1.0315236847862475,-5.33098923597509
3497,3496,0.7529358722354491,0.4024144518989631,1.0002998360556978
3498,3497,0.5856291960631708,0.23817062903098898,1.9628455467458894
3499,3498,-0.2127383312763003,-0.3122752216853815,-2.575770379941732
3500,3499,0.7986874994503956,0.8245983429877382,7.050339862425252
3501,3500,-0.4390972253580142,1.3141364751652196,-1.042643167222766
3502,3501,-0.7655901294386362,0.7808083136092379,-0.7989984504560887
3503,3502,-0.44148364270526835,-0.4633507493656941,-4.725546999088593
3504,3503,-1.31985906845434,-0.925690037177083,-5.85790428910331
3505,3504,1.8517786080799905,0.6751295197250293,2.2101329766489948
3506,3505,-0.46396795966431303,-1.156968733135548,-0.028832040515348267
3507,3506,0.8834568228011334,-0.44610392819504036,-4.120539200787364
3508,3507,0.3292356564943737,1.209349568376162,3.8236104140971054
3509,3508,-0.20844456981983112,-1.095627649754617,-4.760771767154928
3510,3509,0.6099645905093944,0.1521425088601625,-0.2914007888415452
3511,3510,-0.9374593662180436,0.6529701575366602,-2.1115958013698575
3512,3511,-0.8273600085792848,-0.6667443543842139,-5.855314231602112
3513,3512,0.6276704368566922,-0.2037764553014437,-3.195294573406286
3514,3513,-0.42411325295508456,-0.15889937488417433,-6.825224561784129
3515,3514,-1.352097736064347,-0.8867794479753411,-4.654526078807122
3516,3515,-1.882748667226692,-0.2897374660458534,-5.130902850206077
3517,3516,-1.2035573798390964,1.8553191342396196,2.0386143028314248
3518,3517,1.2935404988681574,0.8413438912809861,2.1313649127534884
3519,3518,-0.35113294619563634,0.35211877677529807,1.370548406278684
3520,3519,1.2361195050593747,0.1023117484158493,2.3333030106174095
3521,3520,0.6635433753461959,-0.9358725136472724,-4.260405061371313
3522,3521,0.5233525226526484,-1.4378777974301704,-0.4249910442427636
3523,3522,0.49270659027520486,0.6913564629886213,-0.36961503768196124
3524,3523,-0.7708346569186868,-0.371754280478428,-2.4105507073550942
3525,3524,-0.7170450461735102,0.18276426902461768,2.709781868374574
3526,3525,-1.310488160144823,-1.2130542520334495,-1.072888755274884
3527,3526,-1.0798194838420687,1.4898808448264202,-0.43871297913216567
3528,3527,0.7457969246832299,1.0738155549997064,-2.2187888293340468
3529,3528,-0.9486865071499518,1.1286219513035955,-1.2004825891621373
3530,3529,0.43866289844170225,-1.4013886495094365,-0.06885971588104123
3531,3530,-0.46212595725391203,1.209815763085682,-3.621358607541558
3532,3531,0.5516148674640483,-1.6189027531487687,0.8965648046773129
3533,3532,0.873841138379047,0.47940685931305127,-3.4907837753593824
3534,3533,2.5851478275497595,-0.6444574269973276,6.0256382994773094
3535,3534,0.6427467926709672,-0.8204948202924318,-2.144304002855836
3536,3535,-0.525658168426714,0.022173057490580846,-0.07020070330637962
3537,3536,-0.5402213608490266,-0.03032753207323165,4.782364862316749
3538,3537,1.050109300320751,-0.4018407924202617,-0.5547844169397177
3539,3538,0.38378433636431336,1.1259091817823197,2.0524021972073236
3540,3539,-2.305835249542922,1.4846117582901597,-0.20029765743990302
3541,3540,-1.8838951629026353,0.5907010327450497,5.5642973909066065
3542,3541,-0.112958816244862,0.3220647189878659,0.6959369627135653
3543,3542,-0.5464558707299532,-0.6059962007613394,-1.4900887907963112
3544,3543,-0.1923398420219846,0.048144887058773615,1.0995626331654633
3545,3544,1.3688242796404269,-0.04693891526654027,4.340914188485806
3546,3545,-1.1359631129663774,1.301163344599441,2.55763628515715
3547,3546,-0.7766728390382122,0.9003703779930042,-2.100535824060379
3548,3547,-0.3979494597628753,-0.2078398526323804,-8.02330400925657
3549,3548,0.9274953229119872,0.6823033665004252,3.4785982820035604
3550,3549,-1.1022435213332151,0.3730782308027365,-0.4701955264224772
3551,3550,-1.3254355653300671,1.3084997021491676,-2.0852071346967658
3552,3551,-0.6642937499368027,0.04307704284717931,-1.0160199003808446
3553,3552,1.7722794122403862,0.9375330799402636,2.667524485759093
3554,3553,0.3809168140255903,-0.7538925908348637,-0.7007574390038879
3555,3554,-1.8943033194362393,-0.4973629470143345,0.7854861678436877
3556,3555,0.6392468750513899,-0.11811512015664719,6.069820536236399
3557,3556,-0.5787434761224776,0.9266910080349836,-0.10809463332068156
3558,3557,0.9059300986164561,-0.3479432004460582,-3.1590955559316996
3559,3558,-0.10445848418016428,-1.4557100220787573,0.8542343872795019
3560,3559,0.9132202869250412,1.1826822751953414,9.526551138875954
3561,3560,0.9666789920201473,1.1093749241781607,-0.23440514188849904
3562,3561,-0.1973265643281192,-0.36579880404104137,-7.63999313715025
3563,3562,-0.012750195110779634,-0.1582062497439099,1.129510596398155
3564,3563,-0.1536866118976289,0.7511313941448603,2.890768176447592
3565,3564,-0.699545396352321,0.41030672315672134,0.8750814150039603
3566,3565,-0.3665452938217592,-1.7646024846318054,-1.5481363262031762
3567,3566,0.8653734056009051,0.47323195537201024,5.888224538184437
3568,3567,1.6790581292675644,0.6238280176421125,3.296682027319294
3569,3568,0.5862349954585856,-2.9036083801736257,-3.5551542560999803
3570,3569,-0.37823114368185073,0.1459630309756071,-3.0984071623356857
3571,3570,1.3828658913983802,-0.19842047150978814,6.557720284176861
3572,3571,-0.06210299615248624,0.09303374038797377,0.24726193090340745
3573,3572,0.8940168755642756,0.06287615623524967,2.1405565680485363
3574,3573,-0.3376908557053183,1.5470297110577023,-3.4889112335430443
3575,3574,1.4926728497313613,0.13488284626846908,-0.2774563480542561
3576,3575,-0.552880004061777,-1.3349214664174744,-3.9965149117313543
3577,3576,1.2357335864138628,-0.4921339063495234,-2.684650111274246
3578,3577,0.08327327192561707,-0.20569642304039118,-0.9111355067451021
3579,3578,-2.0802807134353043,1.0825182221537628,0.6265875926033664
3580,3579,0.17768247785428373,-0.33007272091873313,-0.22772592522732168
3581,3580,0.4453964919675151,-0.5061818923639937,-1.4330397121647245
3582,3581,-1.6727221379450967,-0.4839395107992028,-5.528789931202959
3583,3582,0.461358553019255,0.5553808801280175,-0.037835949738978525
3584,3583,0.6489303954668951,0.7265456499237506,2.8550619712356227
3585,3584,1.4675773019034393,0.6391667079183759,-0.26205449828446725
3586,3585,-1.2139119496448538,0.10800867075136662,0.911902326422608
3587,3586,0.32550301091798695,-1.3116513652107256,3.055392983783382
3588,3587,0.8445027962028594,1.1845467576501933,-3.8317081494801135
3589,3588,-1.0631781102912017,-1.0014042893858912,-5.9245334395475915
3590,3589,1.413127586033625,-0.4350682067801281,-4.5081151377193205
3591,3590,-0.08974323964709416,0.1989881936015684,-2.1252503732598984
3592,3591,0.06531399372203199,-1.1535040982834095,1.6974549373605017
3593,3592,-0.40798585070277066,-0.08488237527602144,2.204039472481419
3594,3593,1.5937927054380585,-1.436883047623953,0.8994273247803859
3595,3594,-0.32671007549776776,-0.6936572119360851,-3.0489739468636605
3596,3595,-0.005967611083706536,-1.658755319218568,-9.764071004613864
3597,3596,-0.3861397545037444,1.0268998617357148,-0.9321446604087961
3598,3597,-2.600953364625645,-0.8058657198226624,-1.3143527248316844
3599,3598,0.20577622455844058,-0.24072367845662243,-1.2519402681779244
3600,3599,0.45733047266719107,-1.6028233719544691,0.3430381265955388
3601,3600,-0.8799316670228936,-0.577227569314396,-3.3096345121508595
3602,3601,-0.48675080232464035,-1.380913523539673,0.5034664717922221
3603,3602,-0.3523597347454646,0.9258520624285868,0.025704504376622972
3604,3603,0.28279764294833937,1.5124363022974114,2.476032886562976
3605,3604,-0.605838180613122,0.8492853732572049,5.161583025145017
3606,3605,1.1832681058277545,-0.38707833248464696,-3.0854465329921372
3607,3606,1.4039736223125592,0.2934141367117504,-1.9734431613473675
3608,3607,0.6305049932811451,-0.9433792309210647,2.2554146065321805
3609,3608,-1.5486808140918893,0.9953900691807706,1.7911068490346747
3610,3609,0.17187819144268263,-0.5002453976652892,-4.378950577453427
3611,3610,-0.6606655280674643,-1.1740277379535566,-0.9684937159647843
3612,3611,-0.07698879714036583,-1.583495444146686,0.9384827051359003
3613,3612,0.6663081755461167,0.258574112936194,0.05930666461207851
3614,3613,1.1638861309051232,-0.3878824154056627,-4.40768347307266
3615,3614,1.834286629037466,-1.115454295647282,0.629489327150836
3616,3615,0.6981606781458342,-0.5760824025211596,-1.914798060579587
3617,3616,0.13408048647966092,-0.7640349799469567,-3.60333908369819
3618,3617,0.33561933975921,-0.1574280488558624,1.1659830300068943
3619,3618,1.631322110338778,1.785825098379125,7.4577094320310335
3620,3619,0.5118193990204334,1.1284623536309144,-0.8233059506640402
3621,3620,-0.7216395729989651,1.6910176303077353,2.9037549994744625
3622,3621,-1.3234455171091333,0.11721168996347887,-7.4404923609621685
3623,3622,-0.18820373288249712,-0.009854314662698208,-0.8303860832795014
3624,3623,-0.8750128655913135,-0.07387347910731207,2.30554188867056
3625,3624,-1.257895115118392,2.3228847113864,1.6371815207946026
3626,3625,1.4083653669394967,-2.0407474323741197,-3.194752769620526
3627,3626,1.4648918704961067,-0.7925811097333112,-1.684980703973284
3628,3627,-0.01380957157002801,-0.2265026364768729,-4.612209842709825
3629,3628,-1.3962490306489712,-0.14565432923416755,-7.569800511055715
3630,3629,1.4360830734805232,-0.6165456908282397,-0.4253513518797347
3631,3630,-0.03772231352657881,0.3689078844276539,3.0916064735911006
3632,3631,1.6949361671664203,1.185702286443414,1.3827446550392524
3633,3632,0.4174833782864313,0.15247255118180006,-2.781237852386629
3634,3633,-1.3875618103054694,0.6045412757036437,-0.3829407774983662
3635,3634,0.5724265226648875,0.23661372372299233,2.8987319341470323
3636,3635,-0.669449327705167,0.3371364504736535,-3.3442441883453498
3637,3636,0.6863359638657818,1.2017990135883612,1.3842451418272579
3638,3637,-2.881536783684602,0.17855989322839178,-0.10734388122453464
3639,3638,2.646760981698113,0.8169074359306334,6.243685358932844
3640,3639,0.41854680597222643,-0.6778359681106801,3.3785185537317304
3641,3640,-0.09015895827380789,-0.5031536644843805,-1.0826808504096495
3642,3641,1.1161462831591409,-1.446814062867319,0.7679753670930203
3643,3642,-1.4865203339172193,0.2287450146289159,3.373182969154882
3644,3643,-1.319095340511693,-1.5607962135377047,0.1840735214864484
3645,3644,0.45148838075112946,0.2754312402220443,-6.042306185632098
3646,3645,0.8138937162040678,-2.8698768399965,-3.188164963236356
3647,3646,-0.275646690345555,-1.4609580023579574,-2.7735616668724177
3648,3647,-0.8885965064515888,0.8989975426280519,-4.19909690003053
3649,3648,-0.5011190494159864,0.35052065819816774,0.15391459691665688
3650,3649,-0.63852543928312,-0.47030752411065263,1.5444926480908139
3651,3650,0.35059858276898903,-0.650007243581713,-2.270180338720764
3652,3651,0.6266021879836496,-1.5177816259233312,-1.990542384118411
3653,3652,-0.07796572164199798,-0.8482202815642114,-3.804301999700854
3654,3653,1.3647692156029654,0.11603171726608279,3.2991736969647922
3655,3654,-0.653578742892574,-0.9372332921874472,2.728524350928158
3656,3655,-0.32251495982327805,-1.316337324096328,-0.8556973631156333
3657,3656,1.1608661629416785,-0.20387631311752363,-3.500528989431401
3658,3657,0.8113667021843762,0.18486379001402212,0.964164695551481
3659,3658,0.370788744406007,0.42030778850048867,5.789516275282745
3660,3659,-0.505799890790792,0.8783421396474048,-3.343957932609931
3661,3660,-0.12832164418432232,-0.5087376027635776,-4.617226072051546
3662,3661,-0.6417818730865735,-0.650536330537798,1.628151836116871
3663,3662,-2.3993260993726,0.19949213653226647,2.2167802466360094
3664,3663,0.5590764856534809,0.5374987224773727,2.625226077700359
3665,3664,-0.10767194385136138,1.3244260516702293,-0.8461741347252831
3666,3665,0.4961528839045135,-0.18149107534889436,0.45418561178519634
3667,3666,1.477278009019001,1.3813624170481122,2.5175113312852413
3668,3667,-1.2428646270128842,0.16248787554894706,-0.11372683452508198
3669,3668,-0.4659231894709481,0.18912469012205885,0.13046293289424798
3670,3669,1.3506652366108454,-0.8139951317528881,0.6492006545872954
3671,3670,-0.5671207203070405,-0.3063694786916635,-1.7759294321275845
3672,3671,0.731530171040379,-1.9440217356806955,-5.126697341592948
3673,3672,-2.2225532140441726,1.0882324059986719,3.403425680064244
3674,3673,-0.4931603416965095,1.8291936852003037,6.088923695347464
3675,3674,-1.4840913731067624,-0.5968737011758256,-1.6211456340128396
3676,3675,-0.6978865026569362,-3.084227274544309,-1.9024639041403917
3677,3676,-0.016898297315020922,0.4027837866118676,-3.0707525357087215
3678,3677,-0.8891500315523455,0.07154277675714664,4.090010644176622
3679,3678,0.8093996829866843,-1.3137040062196585,-7.1874591402455685
3680,3679,-0.2864798930773326,-0.6859230218998648,0.9661533575692111
3681,3680,0.3912482829733668,0.895290111654353,2.24351873098033
3682,3681,-2.291824790735267,-1.0824163341841548,-6.794367851681895
3683,3682,0.5632217058650729,1.0790377786855991,6.06912601602896
3684,3683,-2.34000228844931,0.15344014908607015,-3.7825521664819934
3685,3684,-0.5832703070743872,-0.08279141945781272,3.4582444713563802
3686,3685,1.1210404367087272,0.12529943959337655,0.9080882884359067
3687,3686,0.2687129536206761,1.045494828885166,3.6759780134509077
3688,3687,1.5461902119749724,0.8555959350809612,4.861143094559452
3689,3688,-0.9924637354887456,-1.4732507875038379,-5.051664877463308
3690,3689,1.126416048679084,1.1333217741491148,5.497258044633099
3691,3690,2.046295470040828,1.1237781578073354,8.356160642897224
3692,3691,0.2654059034702386,0.6497936104810427,1.144946745705284
3693,3692,0.19358772072203678,0.5183092963098372,-1.4102988182626044
3694,3693,0.6359813605272874,1.7326785098980186,10.188837597923948
3695,3694,-1.9543663435234266,1.1381449302117832,-0.8572597463746907
3696,3695,-0.8884705872465907,0.25711438758435123,2.2980026538275213
3697,3696,1.087032986495905,-0.32295394062185506,1.0396952185320816
3698,3697,0.6143259059641104,-1.7045911314084856,-1.534698391652658
3699,3698,1.036515813617112,0.1874697122434356,-4.954647661484813
3700,3699,-0.7777630928152155,-0.09482865813867984,-3.0258242355957536
3701,3700,-0.5335116735784701,-0.8245857132299454,-2.4466756642422753
3702,3701,1.0365010197963027,-1.0229012386287553,3.4601785414591264
3703,3702,0.8683025115398799,1.733541764904259,3.364980642585015
3704,3703,0.029983715241821217,0.21680906281388604,0.8109547055641944
3705,3704,0.04356811438590545,1.2414809302135352,3.826483929830789
3706,3705,-2.7146747254037065,0.14690740345607572,-1.9065927001414547
3707,3706,0.43280313480159627,0.03032759315236623,-0.041051757112655796
3708,3707,0.2766168875602365,0.9620415188247896,-1.0113115443701626
3709,3708,0.027551396861167816,-0.4934568415490469,0.5188303970005881
3710,3709,1.072130475141325,0.057702747978198465,3.203711753115838
3711,3710,0.026673835697393462,0.4637046848032936,-1.3043318801191763
3712,3711,-0.522425029340215,-0.10243608219371007,-0.828482680892459
3713,3712,-0.027767331343814164,-0.5867983548076499,0.3228522329448116
3714,3713,0.8687030839052449,0.9337517206348277,2.266278505460162
3715,3714,-0.4267267101149671,0.5339455712535707,5.539219710212954
3716,3715,0.8408602047960578,0.6874650912351877,3.16629492032128
3717,3716,-1.7221266561660926,1.2015560215587304,4.50326466246124
3718,3717,0.21228881343549447,-1.5550038280711653,-3.483550727042687
3719,3718,0.14647427433315027,1.0613063405421852,-1.5067392896631495
3720,3719,0.5111401175926313,0.11883095772109176,2.6256567291403305
3721,3720,0.4354623968961602,2.2322591526037967,0.3026451168618306
3722,3721,-0.12558186349826964,1.8776815481887235,3.641211019777728
3723,3722,-0.6836825669414581,0.17485615042549996,-0.30002745776214035
3724,3723,1.0275985364037978,1.926023321306891,-1.8810715699683416
3725,3724,1.0051687935661833,-0.979274686700543,0.367323394716723
3726,3725,0.9829622066981019,1.165332473441692,6.021174768820259
3727,3726,1.0329536665828163,-0.8985944212967106,-1.6267986508550834
3728,3727,1.9443775952216125,0.2528656008194388,1.1168740231574372
3729,3728,1.6043161457877453,-1.022187903513674,-0.3814228415593569
3730,3729,-1.535091193482101,0.8165139512639412,-3.943477782276796
3731,3730,-0.19535574138411985,0.6058649801387733,-2.1252322263072725
3732,3731,-1.0780589466667632,-0.014526875410516137,-0.8904984924803712
3733,3732,-1.476694303263261,-0.2959717346224396,2.58983169692344
3734,3733,0.5638782373950074,-0.1978707535522707,0.9263273132941819
3735,3734,-0.16973929877503852,1.841059939041105,3.4236877010234172
3736,3735,0.9532493524361065,-0.16608071769090077,1.3369622078065782
3737,3736,-0.12961276878502748,-1.133412553161902,-5.39707406194747
3738,3737,1.0572878706092197,-2.085709284732756,-2.1404983783147116
3739,3738,-0.6263877486251994,0.21737627940759233,0.5980045316823395
3740,3739,-1.1021713319870794,0.28477602004335345,-0.3267653163136338
3741,3740,0.5615791915813948,0.327024788259776,2.3732421551005
3742,3741,-1.3506499340391263,-0.09383419129558994,6.381191549222318
3743,3742,0.3082529414536752,-1.599875255694229,-0.03957755871401725
3744,3743,-0.360313538771154,0.12537564633665224,6.864082745286928
3745,3744,-0.006609579401460486,-0.272738180280348,1.8174081005566682
3746,3745,-1.542432329863047,-1.2206114592224568,-5.353286827334683
3747,3746,-0.4104097193447312,-0.43373382186207765,1.9350052983500952
3748,3747,0.6889740084123478,-0.4495941315308454,8.39670816339584
3749,3748,1.6186738755588492,-0.07646170189192347,0.6686926084237217
3750,3749,0.5655823583980725,-0.28936524601948854,0.9448953216884686
3751,3750,-0.2684788429743054,-1.0102898190188212,0.4931853014796094
3752,3751,-0.014370088345253947,1.5412928930200018,4.802766849463111
3753,3752,1.087634912568171,-0.5545507840034141,4.233290009564046
3754,3753,1.079001769356793,-0.7597886822657921,-2.541797441156917
3755,3754,0.040602277891673554,-0.6177153892796133,-3.1835253347286105
3756,3755,2.211973413429565,1.2565231146526796,5.404799379353145
3757,3756,-0.05722162857981124,1.5464190387855064,2.2195141569412944
3758,3757,-0.8379487012933958,-1.3235096345186799,-0.10809409792509167
3759,3758,-0.6539553945890475,0.7622704149759029,0.5028215240519063
3760,3759,-0.7025834724112199,-1.2508379812177306,-10.456602269278806
3761,3760,0.4060732521776951,2.298250788844662,2.305407009060492
3762,3761,-0.5166112792412959,-0.7207916032728162,-7.8164233802229
3763,3762,-1.0376975260128223,1.1077127044409143,1.826877316521122
3764,3763,1.039656948255836,-1.1463691972920942,-1.3644796938196757
3765,3764,-0.15063311550172942,0.2569646770140184,4.404348501386119
3766,3765,-1.433363232349202,0.1311038944881744,-5.596290509460378
3767,3766,1.777302277495584,-0.30619396789031506,3.84867777433026
3768,3767,0.5049985544913959,1.919189225732816,6.291519489672103
3769,3768,-0.026680071287771612,1.0250016467345684,4.287145557551701
3770,3769,0.29222057492037157,0.09991798331406478,4.189380110936213
3771,3770,-0.3575442940590209,0.8241868475997455,1.8070516950549191
3772,3771,0.2031249684739469,-1.551350421217342,0.7813720269781672
3773,3772,1.5979863428649197,0.5678237082971612,3.3468956184967205
3774,3773,0.329538187940989,-0.8215851021729124,-3.1295440744789236
3775,3774,-0.6297896004842849,2.5369017867546613,-1.076559792778799
3776,3775,-0.1184649809397544,0.44382652572070325,-0.21258785732677
3777,3776,0.8971496884426736,0.1399921338805959,-1.1484752530978788
3778,3777,-0.06257994669406669,1.5612593803892776,4.277768197720475
3779,3778,0.13000904508309144,0.16736704623087292,-1.376206863518013
3780,3779,0.7998622309647481,-0.14149448401708192,0.4268831909234053
3781,3780,0.06789035177690825,0.15951192132476152,-5.190864258922789
3782,3781,-0.17247349131819364,1.0826859077019473,1.0798454143158935
3783,3782,1.521792554178617,1.8426762044512346,6.147113106243303
3784,3783,-0.6742580401977084,-0.27975216324196883,0.654676857467483
3785,3784,0.5667547417704408,-0.7549719888656221,-3.1283262236305958
3786,3785,0.5201838097922169,-0.2851661413751065,-2.9278765809907448
3787,3786,1.4054139948343982,-0.39894788614936544,2.054391047298327
3788,3787,-0.5623912984491761,0.003834266783124683,-6.6155218804800775
3789,3788,1.2327031242062687,-0.8541504661493889,2.6004236606659963
3790,3789,-1.1949378572529572,0.24934286416260326,-4.291714504551175
3791,3790,0.5794503285367456,-0.5570418728258771,-4.948555899848515
3792,3791,3.039766561920212,0.19523844370701857,1.471626391587909
3793,3792,-0.6958365999105736,0.984511581529023,1.2329218217939575
3794,3793,-0.9974093185151818,1.0970455162995996,0.6434992583070911
3795,3794,1.9771009751032362,-0.44815750528728066,2.031220261696485
3796,3795,-0.39215254622312273,-0.8299265105030946,-3.5161835089253652
3797,3796,1.053637960630093,1.0207854936876173,5.688783643682198
3798,3797,-0.8290263508182795,-0.5218125744870629,2.822161152774707
3799,3798,0.28500146104530616,-0.648200263087246,-2.2768127940366423
3800,3799,0.08534548772850169,-1.1069826268183764,-3.7424242431315102
3801,3800,0.3509426190932344,-0.8693236083956586,-1.120805794553709
3802,3801,-0.7581171768052185,-1.1488606642168873,-4.314145317278008
3803,3802,0.5141894347811203,1.28667655828065,2.276907226544224
3804,3803,-0.2585717279387459,-2.0330941537118576,-3.2277620014110604
3805,3804,-0.08901130407556843,0.4269696807581099,2.080983090706561
3806,3805,-0.6824042765056375,2.1293369908772317,6.343770352358372
3807,3806,1.2659227008879164,0.8559492911154961,2.6233041707452722
3808,3807,1.2165245778050215,-0.9812815524334491,2.562477743884294
3809,3808,-0.9874437646209817,-0.9921673029205526,-1.908805312710057
3810,3809,1.0681386650839728,0.5476134688562815,1.3040257136601523
3811,3810,3.2420966696198903,-0.24316616137273134,3.9181361516938336
3812,3811,1.4048434999197905,-1.1753741555735493,1.8289738222442768
3813,3812,-0.45996798026308133,0.11774621896903127,0.2754734164137806
3814,3813,0.3568931898042826,-2.1220282081635196,-1.7876586283889342
3815,3814,-1.0682574399994877,0.767945863924939,2.0594370383752665
3816,3815,-0.5943280482913177,-1.7230391342372726,-10.615049941301157
3817,3816,0.08190897557524855,-0.12500711288894287,-1.1144972086746896
3818,3817,1.18907872089379,-0.5939159846674745,4.285092682344154
3819,3818,-0.8299098423250936,0.6215876054717062,1.1427127997515605
3820,3819,-0.6164484883536142,0.010365416119799483,0.9143989290191774
3821,3820,-0.980285548409098,-0.8787289888368309,-1.1997279156695964
3822,3821,1.0577072366306435,-0.7867410407834334,-3.188155652809244
3823,3822,-1.1688231766591692,0.05451799098184451,-0.6484656611387128
3824,3823,1.5790366092523909,0.3988122226574873,3.67616589629554
3825,3824,1.5031809368703972,0.42298563179492854,5.7920450743813
3826,3825,-0.3673068004041954,-2.3206602447450915,-3.058105386789659
3827,3826,-0.18422478446532103,-0.29400113630551056,-4.135180665477066
3828,3827,-0.3869364799203592,-0.8553835157285417,-2.6317274607170407
3829,3828,0.6305629600459823,0.21737042031401482,-3.3560804051603554
3830,3829,-0.08788374517385115,-1.2923562926384615,-0.4904175824605441
3831,3830,-0.5655712256283876,-1.7176357645326954,-3.3575334716360046
3832,3831,-0.06440341171527067,-2.117319675799331,-3.6498980697663765
3833,3832,-0.1682073991453608,-0.1820356199844603,-1.8804379101249924
3834,3833,0.6033715892059048,-1.1589266731445655,-4.204537371561646
3835,3834,0.2786323422314028,-1.4865506107886282,-0.8308184591775641
3836,3835,0.8859124588989078,0.020662805840948584,-5.359817901092137
3837,3836,1.938086130827829,-0.749371513400033,4.61128943405443
3838,3837,-1.2845722662400665,1.9268087024785732,0.7420570715943202
3839,3838,0.2140799276908921,1.8960296577404177,6.977179064276207
3840,3839,-1.265833950385929,-0.9296023614688691,-4.992251480082967
3841,3840,-1.1742423542875726,-0.9252990835066451,-0.16300438222530944
3842,3841,0.9493186136723628,0.4649036556190957,5.995132066392949
3843,3842,1.416747085591662,-0.6917497735141483,3.3367497006722493
3844,3843,0.2276636722608538,-0.4599957526724215,3.54327611594949
3845,3844,0.6543634522210903,-0.579562347420541,-0.7178275290534225
3846,3845,0.13343160766749707,-0.6962122567712622,2.3663613171568856
3847,3846,-1.0363009436359376,1.7043340365694521,5.697590958282177
3848,3847,1.0104224985001315,-0.13929094289035684,-2.6038564624044875
3849,3848,-0.23997728219133674,-1.2794135118033505,-3.4538612526550283
3850,3849,-1.6851984399005617,0.7478452382914352,7.139110642634749
3851,3850,0.03350655679663378,1.0209012327834253,-0.24757479341162236
3852,3851,0.5647683537763886,1.9114182254516967,0.361741869755451
3853,3852,-0.052946564890133635,1.1103713054282018,-2.3665590665444363
3854,3853,0.08073610388297521,-1.351460620906428,0.34722387361779217
3855,3854,1.630869670826266,0.2093775710690088,1.4736169882064756
3856,3855,-0.3003478197681296,-0.9881565382181292,0.04828870858105383
3857,3856,-0.7287165894916537,-0.07907319593603462,1.46400403279263
3858,3857,-0.739725036639854,-0.29552930231223085,-1.5376407063190947
3859,3858,2.3613003346394494,-0.9713648718213078,2.065418735419234
3860,3859,0.5065138126889956,0.8854986916413918,3.1626178556794247
3861,3860,-0.6453392702031227,0.1617610679395535,5.730484069821031
3862,3861,-0.19022812038870918,-0.8001045791286447,1.5833356512872148
3863,3862,0.6476521955077652,-1.584985690550642,3.466053350417119
3864,3863,-0.5502545595586346,1.4725890766249272,1.1652751195519984
3865,3864,0.4886590552883298,0.9017734923958259,-0.3755485848109609
3866,3865,0.5464784425734831,-0.6178263871781542,-3.1992488780620687
3867,3866,0.238718826655361,-0.9544327825583391,-2.086795373912725
3868,3867,-0.7457275318269192,0.4981027510439015,-3.3403766966058153
3869,3868,0.3593030779964899,2.301502289484369,2.534022723857442
3870,3869,-0.7454633118420839,0.07335386547354378,2.240930271489005
3871,3870,-0.3657559158213947,1.200066279436902,-3.2323332445751176
3872,3871,-0.583864895551546,0.07195167085359948,-6.239609734967363
3873,3872,0.03051290937316066,0.8507929276282561,4.028475278167181
3874,3873,0.11750457349322176,-0.15097224882241628,0.6782259557213983
3875,3874,-1.011067985071461,1.3540618258312331,1.528167422226729
3876,3875,-0.6329543243013728,-0.7110618133701339,3.028079277563359
3877,3876,-0.4202259258187424,0.11618449180212093,0.11371510730627366
3878,3877,-1.2576148614149012,-0.03914606793966177,-1.0799930416084222
3879,3878,-0.3898737437730253,0.8351397116756796,0.5591361890491072
3880,3879,0.13400260999275262,-0.9397026390179347,2.8122267908283485
3881,3880,0.2139517473893543,-0.4846049364358294,2.1645868705394347
3882,3881,0.6172615978606087,-0.0011065077837972249,-1.684712254194431
3883,3882,1.8513088115943441,1.9896135796741716,1.0580672725251838
3884,3883,-1.018418986380135,-0.08372807495854993,1.3464013182126116
3885,3884,-1.4917680990877724,0.9365671618215288,-4.315733828687867
3886,3885,0.17837646765396553,-0.25113376424974476,0.7950096172878494
3887,3886,-1.0211319410994173,-0.11707192294985402,-0.6029105691981169
3888,3887,0.1856528807369137,-1.1971104384755464,-7.271314353234786
3889,3888,-0.9757614470055171,0.6210567269410251,4.031051437447215
3890,3889,0.5779715586286995,1.0558476402222163,4.3152858077056475
3891,3890,-0.3111527074306739,-0.4089016605926875,0.47350198830096124
3892,3891,0.013787107695580867,-0.8516381455611189,1.4672838742929497
3893,3892,0.025471683095432403,0.4054643170736734,4.801310088896904
3894,3893,2.0199331614871623,-1.5773801301785395,-0.7325077873200305
3895,3894,-1.2355045321109313,-0.17463668405222588,-1.3483076624720391
3896,3895,0.5300761049884825,0.2836147312402227,1.916874629629667
3897,3896,-0.04738074767877713,-1.1118019390587333,1.2555371271718723
3898,3897,-1.3698759868638628,-0.42451310443053497,3.554352247952025
3899,3898,-0.2607360947631518,0.3931448872961221,6.272595640242831
3900,3899,-0.9457374864636955,0.15268961487117094,-1.1070886159348792
3901,3900,-0.03738345745042848,-0.4900875334133332,1.2522801903662912
3902,3901,1.146793781527822,0.2410763190203944,-3.108451521703895
3903,3902,1.868672100335958,1.058187040458008,9.624998828268295
3904,3903,0.9472352569636154,1.099943884589273,4.383728578554024
3905,3904,0.9980142685531658,-0.6201702973753628,-3.6576634137299724
3906,3905,-0.16094810589710673,-1.1272887971805634,-5.6846450969845765
3907,3906,-0.2775516034578934,1.7080584714727987,2.396926213745433
3908,3907,0.47763380583830467,0.7676020240665344,-1.413208962282046
3909,3908,-0.32784776706436736,1.0387255745089226,-2.467907147584425
3910,3909,-0.5046365883401942,0.5002945503619023,1.9157638334850622
3911,3910,-1.2495742801592078,0.34510124846740503,3.280964956898088
3912,3911,-0.6847385964386214,0.017081601035951532,-0.5930208238485969
3913,3912,0.034193788953520966,0.6470430700750126,0.6661535935810499
3914,3913,0.916776064727176,0.15106599819861255,-0.8996935090888188
3915,3914,-0.2206518203009061,0.23496983601395385,0.7990873552256937
3916,3915,-0.8246731377827548,-0.21379737759796186,-1.389617617260633
3917,3916,-1.1075258119750466,-1.356553784588034,-0.8675142408205936
3918,3917,0.6203951033461437,-0.22439695456126155,7.881694378253817
3919,3918,0.901414097953607,-0.5740492950180908,1.4665138244919773
3920,3919,0.8319804324888278,-0.14481670103157618,3.752194929376881
3921,3920,-1.3109850962526215,-1.5812695500014338,2.1739564515349894
3922,3921,-1.0206943546869043,1.6750456501871371,1.481987225586733
3923,3922,1.7559375474831143,-1.1222110338023032,-0.17663746354162368
3924,3923,0.20267888286434943,0.8599418451382801,0.31013890839775193
3925,3924,0.7954682816225669,-1.0080019026754765,-0.829199523140431
3926,3925,1.6920780785577152,-0.2676903445406723,1.9210584582099215
3927,3926,1.561376988930104,-0.054608122468523014,6.990661807709282
3928,3927,-1.03005416653809,0.8977499821804562,-4.534437468605216
3929,3928,0.4623158432095126,-1.3456554207536715,-1.4367540360383164
3930,3929,-1.4644103479640893,0.9443103766068565,-1.9421780265390318
3931,3930,0.0723134123467046,0.014941999723148162,-2.8724632968213553
3932,3931,-0.17613046267503968,0.3854145488851732,5.249604641511089
3933,3932,-1.7846752380069646,0.4448221598776154,0.6960905279218637
3934,3933,-0.9348694367733313,0.26997898331367626,-1.503393562473724
3935,3934,-1.5677573999894556,0.0597347470289098,-0.491170810508151
3936,3935,-0.4606094658047015,-1.2954138558525934,2.740127696551871
3937,3936,-0.655391757440634,-0.04763218573090811,-1.6767795956784648
3938,3937,-0.45571211954887614,0.05204348331568562,1.1794641383975975
3939,3938,-0.6712737309757604,-1.9275604669460775,-2.084130649573635
3940,3939,1.3921990914804017,0.04597819445860787,4.822288634670242
3941,3940,0.5237404427993335,-0.21172704639939816,1.4331381058974828
3942,3941,0.15591203753938165,0.3339755528648225,2.082725106359877
3943,3942,-0.26258074426790046,1.2999458132321369,2.7448108123195976
3944,3943,0.43761723670087466,-0.12028090332872896,2.293227880458211
3945,3944,1.0051746723812984,0.6538908040857854,6.125402247025297
3946,3945,-1.2349982892789713,-2.0364338048577575,0.3547386946784781
3947,3946,1.3786046177937055,-0.1264531523948738,1.7111350286369542
3948,3947,-1.5803273140279464,-2.1762143311147724,-7.351713399527889
3949,3948,-0.04857523039729314,-1.0643910131185592,-4.8925034538510035
3950,3949,-1.1063639729645898,-1.565407499618707,-1.3916536015585084
3951,3950,-0.35918762908297636,0.010523732375380235,-4.688172513042438
3952,3951,0.015144243374300157,-1.139952093225136,-3.0026153835848732
3953,3952,-0.3872136309548625,0.47554053035082017,1.570548490833404
3954,3953,0.5062391459177509,0.47432528132811935,-3.841575523719749
3955,3954,0.9453258244735239,-0.852900534641012,-0.3557997343171426
3956,3955,-0.07899201288740904,0.2843328518764108,1.8856349133468135
3957,3956,1.3860832153625222,0.27509124429349346,0.23583440364871688
3958,3957,1.7633487295218446,-0.5006030047382292,-1.341775213261167
3959,3958,-0.0823973618326267,1.6709992268582996,6.046496936084072
3960,3959,1.5463425266881998,-1.732547559638123,-2.0387374353129166
3961,3960,-0.7589319778986893,-0.7002333487723154,1.405060081483104
3962,3961,1.8612104012721793,-1.193779419552219,0.24296521046226083
3963,3962,-2.0451706667276395,-0.5097924781048025,-1.0645683686953544
3964,3963,3.6759806101704147,-0.28030177470351414,3.3558238213539013
3965,3964,0.801335858423565,-0.4296062148701493,1.7368022068916602
3966,3965,0.14194788203837902,0.7772761541300366,-2.651071827618133
3967,3966,-0.7662371285138523,0.6950199492196905,1.1746745074186573
3968,3967,0.22392906737627427,2.359890705497048,3.942426677821269
3969,3968,0.5023357589274107,-0.3015570003482388,0.1344248357152163
3970,3969,-0.8488651008537011,-0.7606343454245702,3.265576568049417
3971,3970,0.3103213213438793,-1.4391539218680602,2.6835757852061644
3972,3971,-0.761978070991843,0.025148815577438755,-4.39470204643307
3973,3972,-0.6721604624114689,0.45075798129852684,-5.9948318868859545
3974,3973,0.29095650324328814,0.06961564985466773,7.007128608232991
3975,3974,-0.028880604167033103,2.024612191140829,2.645880041278845
3976,3975,-0.6743358877803722,-0.12976565699170625,-3.3256193214756427
3977,3976,-0.7158454246132743,0.6558240317323426,-1.7568040272794136
3978,3977,-0.4994642657490756,1.1592859220180813,-0.3600985716993418
3979,3978,-0.4081026248042919,1.770589652173276,3.0052971068382983
3980,3979,-0.9398148015165314,0.523938379584705,1.2124380129824286
3981,3980,0.6175241906527825,0.13580448468817605,0.726102575110212
3982,3981,0.8394438268105983,-1.2766294765995236,1.3256270516701092
3983,3982,0.10026412721813531,-1.0815231229018676,0.2920147073896534
3984,3983,-2.308197688752305,0.026019700507558734,-3.527573695299309
3985,3984,0.3868367496739805,0.8516773331084074,0.929212794816927
3986,3985,0.5075372149667501,0.1407401598970129,4.918780224212239
3987,3986,0.25443342212248304,-1.4707483518892315,-0.4991462470422693
3988,3987,-0.1799506017055725,0.04494894365795387,-2.144064423344096
3989,3988,-0.9065848563092942,-0.11263694569552878,-6.626577670578207
3990,3989,0.3930680498079027,-0.8484888071242661,-2.9186398095646036
3991,3990,-1.0733724569643166,1.2636930976189131,-2.895344156996499
3992,3991,-1.0350939274034285,0.11763623761961953,-1.8967911827898618
3993,3992,0.4945321062789165,1.4760692158863693,3.54704104327826
3994,3993,-0.2382795767649077,-0.6224715628736958,-10.400033348678193
3995,3994,-0.9864637871552453,-0.21321562903375282,0.9122207878772747
3996,3995,0.84025194953286,-1.932396873513122,-1.1975147653715437
3997,3996,-0.5851469814911061,0.7224152256656827,1.33652902583085
3998,3997,0.3254123658158968,-0.06914605602335885,-3.4214358171039785
3999,3998,0.5167598742296585,1.3486757119619857,1.4881085742820663
4000,3999,1.0345108530240565,1.128469556382209,2.8425811695347254
4001,4000,0.015274658452363265,-0.7761958047282863,-0.9714168020059195
4002,4001,0.5866731184930819,-1.04232729050428,3.5078075055893665
4003,4002,-1.1296589499931542,0.45183075576459636,-3.832082859808824
4004,4003,-0.14299563654152905,1.0624945824762901,-2.261588489517763
4005,4004,0.4744889900588286,-1.3896684432012287,0.44969931735595364
4006,4005,1.3579339244806603,1.2275395455955185,-3.3920964291574442
4007,4006,1.162339683081716,-0.10948854076659743,0.7813463117041591
4008,4007,0.9806817254664728,1.37166592541989,-1.762000005538487
4009,4008,1.1037074447107755,-2.315616300862723,2.6298049712054468
4010,4009,1.4794221471107374,-1.267138818265373,-0.5597930709732561
4011,4010,-0.8026764360321518,-0.2735251363112616,-1.743956446118591
4012,4011,1.3255754131339628,0.9415143819016895,-0.1610309372412122
4013,4012,0.16429094254965973,1.0087797719397997,5.298478353871898
4014,4013,1.5934396432454383,2.0285999218563684,-1.3147633322211831
4015,4014,-0.19492845906056594,0.7863138496740125,-5.9777764552482555
4016,4015,0.6471233348979786,0.6550112959010085,-1.2418716795184257
4017,4016,0.058801783804042614,-0.2938761091662006,-3.429083861802641
4018,4017,0.43504288669478974,-0.18687817028736925,2.451214614939637
4019,4018,-1.1119354138073612,-0.07270214680064112,0.9631734826366856
4020,4019,2.51655334469367,0.9383736848941494,4.060069602862759
4021,4020,-0.9562901646954158,0.3211127486644258,-7.156317433234283
4022,4021,0.12150745842698432,1.077283566239883,3.7747297430747517
4023,4022,-2.234994202943312,-0.3345440928627099,0.43956783908274455
4024,4023,-0.6818915736594787,-0.4205786733137814,-2.524059655567696
4025,4024,-2.172787151823556,0.1565895542890524,3.7839634531956508
4026,4025,0.27766804238827675,-1.9102793790779207,-1.281791539089531
4027,4026,0.4691590249500932,0.005006297573973025,3.0555736226107597
4028,4027,0.6578329634068416,-1.8313667770664994,-2.8438020791719505
4029,4028,-0.4489807586999882,-2.059937314686691,-5.1562918564519435
4030,4029,-0.2918378797653994,0.829777640164498,-2.629756703983171
4031,4030,-0.33825196447830064,-0.25282841347280727,4.681124221955802
4032,4031,-0.3645063994451734,0.9195929349878136,-0.31458062932423125
4033,4032,-1.0827510942481489,1.351955811683831,0.23068634309412173
4034,4033,0.2107054949152004,-0.1071595590080465,-3.145863261801848
4035,4034,-1.1595223568116408,1.8418076518357147,4.254494044061443
4036,4035,0.9116463107408377,-0.538735703261536,2.028866176274477
4037,4036,0.7280933486172348,1.707277506570409,3.3145101243667963
4038,4037,0.2272494972553275,0.14361253015322625,0.7247898365881735
4039,4038,-0.19579014875649142,0.3964965947886026,0.15188737651381812
4040,4039,0.11989144793421735,3.196596946900078,-0.6018224258142806
4041,4040,0.11046046991683393,0.6609010548524319,0.7839770163313484
4042,4041,0.27793625556558277,1.3461717303454317,5.390213476452527
4043,4042,-1.054838250716811,1.4444373852067656,-1.8015190359106148
4044,4043,-0.8610951093121705,0.4766022118619205,-3.834647064040504
4045,4044,1.2676671098497037,-1.6216530943128495,-1.598614320595726
4046,4045,-1.1042344330262526,-0.9196761655672503,-7.557776337139387
4047,4046,3.355683894836614,0.62199863961399,3.288944279354359
4048,4047,1.6103004126469533,-1.931794604053598,0.32637426235028416
4049,4048,0.15665623152210223,1.6782514485275593,2.834404542740235
4050,4049,-1.4676989838476457,1.586587220955663,-2.038086253887809
4051,4050,-0.6059594223088502,1.0014306850719417,0.7394869908550579
4052,4051,-0.49563292980179696,-1.2617335347469472,-2.3234780266872654
4053,4052,0.26672634947037166,-0.7041658500875307,4.586869446125759
4054,4053,1.2643247100189516,-0.8648070184063843,-4.4457673966149045
4055,4054,-0.3416198543168705,-1.6241812995365246,-3.5705038275967778
4056,4055,0.4107307890403676,0.903782240914611,5.906317467598643
4057,4056,0.3676975852084617,1.0499521834494174,-3.687942359788954
4058,4057,0.40868958879150896,1.5248056549272981,1.9660168100294526
4059,4058,-1.5950170335357978,-1.6194408143474714,-4.185561290008084
4060,4059,1.3279751032063,1.3981847603010817,2.8745775158334803
4061,4060,0.39625752140450077,1.2631888453076605,-0.06885757818813162
4062,4061,-0.24232129441964395,-0.9401454310120129,2.480811331655863
4063,4062,0.9334727058368341,-0.5168596401379659,1.0376853077280106
4064,4063,-0.9261503395870667,-0.1422571661629121,0.657435936759124
4065,4064,-0.7791685892186777,0.21179247356750014,-3.22445722078007
4066,4065,0.6014526409586864,-0.022877871492856822,-2.4786092047251778
4067,4066,1.100074410383856,-0.46840916097650304,-1.3675158481785052
4068,4067,-0.1642678618187336,-0.6082785659359934,5.765961551113554
4069,4068,0.04468389130556483,-0.4120744407384111,-3.333226335244355
4070,4069,-1.201310214020286,-0.9713426510735685,-6.392972154429964
4071,4070,-0.25695090007991206,-0.5469258341423093,-1.4190422728190066
4072,4071,-0.36601958759193826,0.9480616608066876,-2.063328061841857
4073,4072,0.03486248841777502,0.5341609279510475,2.6824353222579975
4074,4073,-1.8591174914242197,2.304230820382979,-2.6009296428855757
4075,4074,0.04529327114455817,-1.3140397116946898,-0.519151301962776
4076,4075,0.3764046272081856,-0.5975428076043465,-6.024042059397631
4077,4076,-0.651431179545094,0.5770415609758125,-3.6171834125819786
4078,4077,1.0937547791847189,0.8784271595335316,-1.1313250413559786
4079,4078,-0.673943850106095,-2.2456600897078083,-3.5608313656419397
4080,4079,1.0750354881177382,-0.679309880868913,-1.2485893942101816
4081,4080,-1.0346504728473345,-1.4010065620635352,-0.3424199534557866
4082,4081,0.6851161717195977,0.6725097900858469,0.5807962025244306
4083,4082,0.5458148956586293,0.6671077043639124,5.935365827714969
4084,4083,1.0740584697360043,1.5032512422376223,1.926297127612687
4085,4084,0.5895789657742494,1.0277879751929202,-3.376754187131011
4086,4085,0.17521604738730848,-0.28612739636206924,-2.401074967837073
4087,4086,-0.05256575096100972,2.0463494042847494,10.899447525265803
4088,4087,-0.8623281314187735,-0.13737851512324112,-4.1115103639762225
4089,4088,-1.4599517081044995,-0.30637810764528983,4.9505965589187575
4090,4089,-0.007057826330498616,-0.07562799158649558,0.38587069675936636
4091,4090,0.6340999399275875,-1.1818118737565304,2.066541394303201
4092,4091,-1.7816352778467863,1.1220389641929986,-0.6017626236822307
4093,4092,0.10089481274153915,1.3719202799644066,-1.2570301079416175
4094,4093,-0.934957920870106,0.2677423912385477,0.42129956560443227
4095,4094,-0.9632261457530973,0.3303089504758669,-0.16596916298313197
4096,4095,0.3862658002175339,-0.792788678454515,-1.5290757657864233
4097,4096,0.21291124002977224,-0.42377878101969463,-0.14789390798893676
4098,4097,-0.052925459857720736,0.19516158684389767,1.325122453651362
4099,4098,0.12759624576957054,0.8577273339721098,-3.149351664078779
4100,4099,-0.4698536949225287,-0.8992671895590879,1.5737985836178299
4101,4100,-1.131736373619235,0.9720932477830228,6.448548066786044
4102,4101,0.30002297459687705,0.9092495847986892,-2.292351908483311
4103,4102,-0.2176495087698121,-0.629524709684256,4.440395533533876
4104,4103,-0.27625664808796097,-0.1353638923443009,-1.345060787705202
4105,4104,-0.5670254636641299,-0.18613968895486338,1.0589104044267783
4106,4105,0.6615939901403864,-0.05618171313743654,-5.286463120772179
4107,4106,0.8325686067147358,-0.07069958979645351,0.22252296164479263
4108,4107,-0.682620909418107,-0.054068015264841174,-2.973822654579289
4109,4108,0.760197314993392,-0.22300522415752763,-0.16456746447384915
4110,4109,0.46031523087572573,-0.5245181076988267,-2.642559820692391
4111,4110,-0.23344337617302072,1.500944884037283,1.2914118259947427
4112,4111,-0.37720234281490145,0.8603136909972825,0.05249373899409776
4113,4112,0.47215397402680076,-1.280693784373632,-1.785332003743128
4114,4113,0.5527685688461436,-0.13830155530875538,-0.5597850637443629
4115,4114,-0.898639160607302,-1.881072066199885,-9.974192571202677
4116,4115,-0.3620977748814613,-0.9865933729250692,-0.35810691780317894
4117,4116,-0.988488753537095,0.2651064817771949,-3.269890207088741
4118,4117,-1.0852401228382709,0.6587817549159228,1.4726827462748935
4119,4118,0.0475019664174254,-2.284796261664623,-2.279700589744877
4120,4119,-2.224349796882783,-1.0672473150850978,-1.7479431097629825
4121,4120,-0.36308650353308847,0.8459872113443664,0.760204290614676
4122,4121,0.38308199561371803,0.2101692526874653,-1.140775833467363
4123,4122,-0.4430716045464009,-0.39001590071939274,2.960468544873767
4124,4123,-1.1039355141736573,0.1784947199314443,-3.5394628922080145
4125,4124,-0.11192257944165065,0.09984560987089759,6.638953733429969
4126,4125,-0.15218187971479757,-1.8092426367076413,-2.311168877886792
4127,4126,-1.5642320836738468,2.0204664257632063,1.6248530150714324
4128,4127,1.148230783636451,1.4978565065621974,3.936518072881126
4129,4128,0.8223046829564936,0.6157049840080447,1.8006441995811047
4130,4129,0.2469632761768491,-0.9345513180579144,2.5757804358900307
4131,4130,0.8249694990324848,-0.33257026606807993,1.3109975486963235
4132,4131,-1.0911834675762917,-1.7636352243161812,-1.6471083763601184
4133,4132,-2.052075382385036,2.2859920963684495,-1.1605307919756966
4134,4133,0.9075025906545675,-0.9003713650830452,6.797240810147054
4135,4134,-0.15291718692500428,-0.984077944504517,-3.8741380326657806
4136,4135,-0.3105232714529649,1.7407421261767724,-3.1669718371098834
4137,4136,-1.1951966831748881,-0.7896099014126607,-7.936573643591611
4138,4137,3.6263944036661058,-0.8690217332923695,-1.3388080243513871
4139,4138,-1.2101525686432744,-2.2046496139269727,-6.953052442092318
4140,4139,-1.1687388635537017,0.45773234763558857,-2.0668637548666466
4141,4140,1.2684336226573412,-0.45738697345891366,-0.4301893522029299
4142,4141,0.5548336862558941,0.1681382640101462,7.885648928043073
4143,4142,-0.9409758603907643,0.7132089639747285,-2.6297780321661595
4144,4143,0.3468631223192975,-0.1821573022251465,0.8130557192744646
4145,4144,-0.8001374311534439,0.39892660736168506,1.687438007423204
4146,4145,-1.5829118182312238,-0.5562957644379282,-8.603786965263843
4147,4146,-0.5332583946110026,0.4834789736873447,4.367828842078155
4148,4147,-0.621762818103435,-0.5054953392813357,0.1263885992710575
4149,4148,-0.20052985234789514,-0.12736620648703212,2.833151691778194
4150,4149,-0.0297290533273114,0.6081970028281507,-0.5491132282165139
4151,4150,-1.6694249365420302,-0.1685325970047282,-2.5166294486754897
4152,4151,0.7635958005746404,0.9034550386246109,4.091735104825135
4153,4152,-1.1835222240095964,-0.025155000923978727,3.5064770442227093
4154,4153,0.7843821575532481,-0.10303234139362462,5.285112251473157
4155,4154,-1.2719155689274264,0.07018210327075408,0.689055568917242
4156,4155,1.7931458388511796,0.7303405414057678,7.028739227855602
4157,4156,-0.8246738718710426,-0.4478697728729832,-2.2135760462868643
4158,4157,1.392907669342935,-0.2501334080209268,1.828238997262455
4159,4158,1.5259661661413804,-0.17603777732584266,0.5051343131305288
4160,4159,-0.28422061574838925,1.1759933617210345,1.2686356234998546
4161,4160,-0.3358526494606197,-0.3043332052581493,-0.42260800817751343
4162,4161,1.261361034988314,-1.641366221053373,1.8777980911244367
4163,4162,-1.0360080758808912,0.49633011081462236,1.4566087870279198
4164,4163,-0.3719729990101084,1.992971265315264,4.111606901757485
4165,4164,-0.1279191420042767,2.1687673697163503,4.06212678892164
4166,4165,-0.4482834066281277,-1.6490941139914361,-2.382862193835168
4167,4166,0.5209265374364414,0.2858996808384808,-3.783753191591003
4168,4167,1.4403032566643548,-0.7206400003404275,2.062559274280124
4169,4168,-0.9106800773530174,-0.8459529991593978,0.330659429780524
4170,4169,-0.704447787606267,0.6188358519319584,-4.789592683247818
4171,4170,-0.22395239497067954,-0.2977644248532311,-4.957525710987528
4172,4171,0.3345599568254835,-0.5846541055462301,1.4921079832211923
4173,4172,-0.13048864323167114,0.0849367354385409,0.010596898162853224
4174,4173,0.07165523554806225,0.5325569851158837,-3.1943389972216107
4175,4174,-0.5031819352475466,0.17962279821611826,-0.7289968231916035
4176,4175,0.9536952712957542,0.6948269616104144,2.339895254270707
4177,4176,1.1609139078204755,0.007074526042723744,-0.6810769294621443
4178,4177,1.7401127592286796,1.999869493899027,2.8433594247168545
4179,4178,0.8528406828715446,-1.0405714517849198,2.47024752418117
4180,4179,0.7852653094821771,-0.38950144909555184,1.8940796063403085
4181,4180,-0.4688063169684274,-0.09694888989117705,-1.0352315721623637
4182,4181,-0.1080941450765023,1.5034492299906246,2.0004780920599825
4183,4182,0.09528142018065669,1.0431338555386584,2.502478897223069
4184,4183,0.34924010098241937,-1.1680125180403582,-1.9979282849609619
4185,4184,0.7654120296768218,-2.7201892563431356,-5.383514298222309
4186,4185,0.9741735913869894,-0.5418037447913665,3.3774234637731513
4187,4186,1.4629141300724773,-1.3249672742491807,-2.5158475286268454
4188,4187,0.31909987067974244,-0.837308921677855,-8.56556902589078
4189,4188,-1.949926219252628,-1.7701663812156534,-0.7760652410679177
4190,4189,0.6406626168952815,0.3255494066129207,-2.2278893846106533
4191,4190,-0.16705692337232705,-0.36033220826252255,-1.124862028862228
4192,4191,0.5206488535460031,0.4940690691373958,2.719668746994145
4193,4192,-0.6266843866902352,1.0699707206808542,3.7094225217231056
4194,4193,0.28566318855259937,0.015907935289487342,-0.4186091960592926
4195,4194,0.331690487279674,-0.7425211599164409,-5.017478926273279
4196,4195,-0.12050200415766646,0.12804104843871916,-0.5357181132729905
4197,4196,-1.7452481277910656,-0.09698337584226836,-1.6527879585436385
4198,4197,0.682218766027273,-1.2640595897025322,8.400336746636826
4199,4198,0.07132990868223216,0.15051010098611095,-3.7529952339767565
4200,4199,-1.4651936555248162,1.1432235607849492,-0.533895895407042
4201,4200,-1.0215145829518488,-0.3079105005250388,-0.3519379017887337
4202,4201,0.18812581022239175,0.689666848667718,3.85345681953883
4203,4202,-0.5491734339031475,-0.5992265357971608,-0.6087287401619108
4204,4203,-0.8951436096272911,0.6544592982746571,3.9503631492163755
4205,4204,1.3489356778748245,0.14352797942130363,0.03492220694820758
4206,4205,0.2736459085220803,-1.000492924046318,-3.278797448316551
4207,4206,-1.2233837326794739,-1.2951592959776133,-5.073873299978268
4208,4207,0.5581945758435057,-0.11463514143213226,-0.2685831106771637
4209,4208,0.32356708164932346,-1.593462728737421,-4.77872864555281
4210,4209,-0.4271078733243497,0.9470076642179593,1.5394700128651806
4211,4210,-0.5363793605310593,1.4636443313131893,9.424793779752015
4212,4211,1.1509699167893959,-1.4945296933747954,-1.1307623076588416
4213,4212,0.43986613877961594,-0.38941496092440575,-2.5740740977475354
4214,4213,-0.5778991809184488,-0.6904701785163195,-4.796972808932789
4215,4214,-0.03638010088603134,-0.8002347375553903,-3.7067691733737878
4216,4215,1.558160112279976,-1.125984046328762,1.8602426211316327
4217,4216,-0.5492599139272019,1.9889010190299774,1.5021283798343505
4218,4217,-0.045331969389634165,0.8747738581072704,0.6357529131037287
4219,4218,-0.6884700650641314,-0.5825210219680649,-3.2996178567425867
4220,4219,-2.03045716771674,0.9999759251288081,-5.297802692709543
4221,4220,0.1655173132326704,-0.9850954950999972,-1.1342937089421705
4222,4221,-1.2963450138754569,0.4111238039495318,6.9079618563433165
4223,4222,0.711885230092554,-0.7398125094012721,1.0020910759398807
4224,4223,-1.8152226139310155,0.3768788107453328,3.0075365018502533
4225,4224,-2.1071655225971626,-0.9941409745449324,-7.6317313424969395
4226,4225,-0.466346767896096,-0.08559457484185938,2.973126571206322
4227,4226,-1.4929401369617286,-0.8966158284799669,-4.106508253837956
4228,4227,-1.1211737194321922,-1.001195013891872,-2.9872835214723144
4229,4228,-0.0746130056670709,1.1884516530424794,2.7678888325152387
4230,4229,1.5139915239034223,0.14721765378331264,3.4278331761666205
4231,4230,0.23320908039119345,0.925234305779857,5.694533589895255
4232,4231,-1.5873950659357294,-0.15726910117163198,-0.8306093938275334
4233,4232,0.20180161614888684,-0.07117385901234735,-6.265625988110397
4234,4233,-0.5306778408166042,1.1066529199023065,0.7361736716179532
4235,4234,-2.0468884291854033,1.1582284767733635,2.0410401798487903
4236,4235,-0.12496170736292714,1.4561784918401377,1.6030769504244131
4237,4236,0.2141286959362825,-0.12581837573726415,0.6843121061396489
4238,4237,-2.3365473372622514,0.006745232812964545,-3.6849874855114253
4239,4238,-0.8206111958070736,0.39091191518284557,-2.851358613711282
4240,4239,0.13830698748398576,-0.21386295401344216,-3.0246868876111055
4241,4240,0.2183905446007968,1.073609080740165,2.9656572531821537
4242,4241,-0.1282318087320019,0.22165147709523556,2.8439724154017636
4243,4242,1.1620912224578304,-0.38180108472949176,-0.925351722974199
4244,4243,0.1689122624892229,0.2826922869402762,-1.76377735903019
4245,4244,-1.245837144288884,-0.56900884598458,-1.4898575930893585
4246,4245,2.4482763067269784,0.08885083542507434,2.5350362105339634
4247,4246,-1.005595131327948,-0.25499050065136275,0.2160054189979963
4248,4247,0.009641369699574008,-0.30266796388813205,0.14443724878217448
4249,4248,-0.04018781287941166,-0.35435880501022204,7.476188364739562
4250,4249,1.7986332411827366,-0.4875897958654987,-1.830227241416926
4251,4250,0.8738210144029426,1.1785157348799395,1.5013603398040423
4252,4251,-1.0708985795464387,2.0082576444784612,-0.546174012844979
4253,4252,-0.18341688596714953,1.0217786902000001,1.6893113858328863
4254,4253,1.0755995512026444,-0.23781570216209125,2.1174641122770668
4255,4254,0.5711213715006714,-0.8274623557293561,-0.15839678695059728
4256,4255,-0.05897503693200368,-1.5389215940758962,-5.142289850442588
4257,4256,-0.5017676834369079,-0.45277003554341677,-0.7941448258618602
4258,4257,2.1341273872317803,1.504162762905558,8.437822812981391
4259,4258,0.32283448184278357,1.2284639674030786,5.325309146927887
4260,4259,-0.6352546116946001,0.7923434593757523,-2.8611012788965686
4261,4260,0.2543831146338773,0.2557524215464955,5.813065287505134
4262,4261,0.31775001744542175,0.6417456289693084,-5.730849473352446
4263,4262,-2.504185823459904,0.3265519597713897,1.1549642479956805
4264,4263,1.481149824660184,-1.258610241407888,-4.301401481480974
4265,4264,-0.4624047730772827,0.7590787166661809,-3.1344284914067853
4266,4265,0.7718308095314481,0.6277246643486158,-0.2506026822253927
4267,4266,-1.1610801292628163,1.3068438568548282,-0.8830470766456059
4268,4267,0.47601784968766436,-1.5173787122128761,0.7818383585539315
4269,4268,-1.0769766797557148,0.08154665911774854,-3.497530306542383
4270,4269,-0.9972437706066332,0.7060073023592449,-1.5634028087701177
4271,4270,-0.8499308061838962,1.6843638926297806,0.08264030472057404
4272,4271,0.7763610284718668,-0.2840896748469307,-0.6647192105895372
4273,4272,1.7135774211639214,1.4323486061642414,2.7788490051499215
4274,4273,-0.49682618516320576,0.0693092174991176,0.9033065718959409
4275,4274,-0.16654059375925087,-0.13166694221078776,-5.366477361623345
4276,4275,-0.7168170551617625,-0.814111075858281,-4.832364440591091
4277,4276,-0.7183902569957563,0.9949382323922197,1.1897731923894224
4278,4277,1.4609436383387366,1.0700510248065656,3.733043963666909
4279,4278,-0.5410649543110015,1.054965156398698,1.1685705705228053
4280,4279,0.7126491419529203,-0.1524917540996337,-1.9724138958044417
4281,4280,2.1759940810795455,-0.8993279990748007,6.228475183977953
4282,4281,-1.7605379260226548,0.1089513453821306,-4.714300648421088
4283,4282,0.0093515603182017,-0.8085254004601884,-1.6071031176325414
4284,4283,0.18641702320194817,-1.1182427285368313,-2.513641633301584
4285,4284,0.8276467477459933,-1.7941365911834632,-1.8584190186936052
4286,4285,1.6083798399356715,0.8591228411398651,1.5289097533797802
4287,4286,0.3543406952152956,0.3635323351625619,1.3046152601517917
4288,4287,0.04087654350691537,-0.7770412262503374,-1.1868888234513912
4289,4288,0.9100968944078234,-0.12187438011972242,-0.018154942957782555
4290,4289,-0.3011794756115512,1.0460346787415744,-0.7181609568308684
4291,4290,-1.2119192109649461,-0.9177566932698794,0.5537027599639459
4292,4291,1.3185670952730912,0.3174349176895709,-3.4435038474758466
4293,4292,-0.6744424551262906,-1.9335670213831555,5.198527015730421
4294,4293,0.5278986669143517,0.1368543016126866,-2.734131898937456
4295,4294,-0.9085017730361641,-0.9546583041029254,-6.970283896270121
4296,4295,0.8074898253663929,-0.16887118785287514,-0.47846690170457495
4297,4296,-0.2873987900480185,-0.4830641875918031,0.6521386516535266
4298,4297,0.16846583340441756,0.5764485508679216,9.156768568101363
4299,4298,0.09182110546750817,-1.402990246553835,0.8698039344062278
4300,4299,-1.4045281038028155,0.839381370307121,2.561282829415894
4301,4300,0.23367076025410832,0.03903598243013248,-0.4879573756938982
4302,4301,0.8223067814262184,-0.4494622690107543,-0.7301422054523117
4303,4302,1.4539848339535473,-0.4186520287129028,-1.9720256489264503
4304,4303,-0.2728574289098674,-1.4789312592384554,-2.0612985939263577
4305,4304,2.701953481320618,-1.680121906713783,0.45782295636873005
4306,4305,-0.4919865569053965,0.5501482004834192,-1.738744947210946
4307,4306,-0.12022589589105978,-1.8049832024350188,-4.5837655359613985
4308,4307,-0.7112569503171364,0.02273596407377083,-3.6352399615866404
4309,4308,-1.845258725613466,1.2947124539389208,1.2330214345843946
4310,4309,1.1619999022824214,0.27337708837173214,-0.5458060335591113
4311,4310,-0.5755236805505226,-0.4084282647379037,2.7347534328548617
4312,4311,-0.9172378630666402,-0.1342363662682213,-0.6669329182143026
4313,4312,-0.7720583756155684,2.1618498384744615,-0.8705169557023111
4314,4313,-0.8427126900489416,-1.411226221022849,-2.307708951400063
4315,4314,-0.09995246337851187,-0.5431968988285625,5.204442733041227
4316,4315,-0.5119309782227685,0.16706991291243573,0.20953325294836345
4317,4316,0.1986081687618258,-1.2904484458292835,2.9045157622531264
4318,4317,-0.5475921930909496,-0.0047995139347383,-1.3910198953323571
4319,4318,1.9597961339826606,0.7754264366248063,6.243833159896342
4320,4319,0.03630388885977668,0.3422579620312544,1.3298598301174425
4321,4320,-0.17726961195331215,-1.376486273528041,-0.3496962574477622
4322,4321,-1.30121487619551,0.45268039155344153,-1.8784815051060666
4323,4322,0.5639654257098755,-0.42079888177144814,-3.592709533306601
4324,4323,-0.587782124594316,-1.387381431186191,-7.856011606674296
4325,4324,0.30567931654023733,1.1178362123976877,0.11069065651860124
4326,4325,0.5816016380430893,0.12438662484878762,-8.907666228511891
4327,4326,0.49063359698429526,-0.8000747355241948,1.3792557703499857
4328,4327,-3.2933843082227368,1.13444143208043,-6.333578223357353
4329,4328,0.05657636673943705,-0.4308481966238652,0.44908817033155307
4330,4329,0.08532687280657629,-0.5551376909133785,0.23661965623279269
4331,4330,0.9127291355722393,-0.8030749980968473,1.3096055624899257
4332,4331,-1.0838201929263513,-0.7896187510244719,-1.6535478183692558
4333,4332,0.012746053900288603,-0.2765617653236561,-1.0290192021627054
4334,4333,-0.5441348176034934,-0.074269233947672,-1.2997939192825751
4335,4334,-0.6183998359414365,0.2957032178417564,-2.670713963910921
4336,4335,1.2600779723267201,-0.07520968611419691,-0.03215613927299599
4337,4336,0.632091486815297,0.6346375010908439,-1.118233325296313
4338,4337,-1.9470767824308581,-0.5783669050934113,1.2224408290238848
4339,4338,-1.9745504728621222,-0.9412502898979874,-4.730172124261124
4340,4339,0.05549262359620263,0.8504703204453417,-2.253107466828185
4341,4340,0.017022442573810977,-1.3210808540118257,0.8361276792416268
4342,4341,-0.07759111548068626,2.179053159362672,6.428122439731379
4343,4342,0.048991248930226175,-1.8996921046554858,-0.6888737163933969
4344,4343,0.28770925535590036,1.6029690513989352,-1.7450175707292956
4345,4344,1.648223009625857,-1.3391805734037923,-1.503175444523091
4346,4345,0.8921170696107331,-0.39964867175179203,-0.042420553328838984
4347,4346,-0.1744560307147163,0.48275680194752224,-0.43177111035265137
4348,4347,1.2986341708331655,-0.994486320098548,4.4060839358158175
4349,4348,-0.2126373776078594,0.5784064218759563,-2.9385178821348843
4350,4349,-0.01378627234286201,-0.5790577119546348,1.0330457561773623
4351,4350,0.02711329286020896,0.6764711808261521,-0.58045106835026
4352,4351,-0.5784025833962545,1.5661935002385425,5.687932587327214
4353,4352,0.7256908216924357,-0.4901210638238895,-3.0982127620351365
4354,4353,0.5728813578614472,0.9755694730037913,-1.6637780147129337
4355,4354,0.3904881813599959,-0.6801780372465512,-4.432591521651806
4356,4355,-0.34448131199488097,0.9958058568522021,-0.1261239716301431
4357,4356,1.196536320598616,0.13366031501556758,2.504543589352138
4358,4357,-1.115209509108915,-0.09916953547712104,1.4861349580075134
4359,4358,-0.22093127067943302,0.8429972844716476,-3.353398240228822
4360,4359,-0.6361854288099348,0.4920562299985967,-2.919923768119049
4361,4360,-0.4356041715094089,-1.8624667901766074,0.1476114733490701
4362,4361,-1.2924269611359454,-0.047583495548421235,0.8315109576303513
4363,4362,0.23923965800138183,-0.30075371724688166,-3.5357750418250142
4364,4363,0.40412619705559716,-0.30738442159540663,-1.2545201526342762
4365,4364,0.9205176859361026,-1.6440624465493998,1.9700326090426215
4366,4365,0.14982513601372155,-1.8811031984988982,-2.6935075439342926
4367,4366,0.13053915277860897,0.8899123564810869,6.4341735406901766
4368,4367,0.8694585244092113,0.3956031284350713,2.797788361763786
4369,4368,-0.88205521511518,-0.6306882434361494,2.476523142133674
4370,4369,0.5967288022860338,-1.7717796310693485,-3.2276912731448824
4371,4370,0.36077632277987703,1.375819077122559,1.7504720607409674
4372,4371,0.9803723843301351,-0.03600008189064005,1.1481596687214863
4373,4372,1.4020933985788302,-0.6668273138505939,1.8274729209404637
4374,4373,0.7397660122983195,-0.34786724731634333,-3.1785644053543236
4375,4374,-0.1436814575272539,1.031720125093676,4.372803594043521
4376,4375,-0.2778581938486767,-2.6020731080565986,0.8464669992944217
4377,4376,-0.5192992768589475,0.9369377490905638,-3.7312689662825833
4378,4377,-0.4934631585679669,0.0898468995222478,2.520366782936986
4379,4378,-0.8893295077069053,-0.41570893766920025,-2.6149323515196174
4380,4379,-1.2727349446544531,-0.34202947956552887,-6.893373937176956
4381,4380,0.4497858183573618,-0.9688781721189229,6.246296952859678
4382,4381,0.5593868437867074,-0.27313400833198215,4.421907776146414
4383,4382,-1.6070267745853697,-1.7887695254403315,-6.171445211014769
4384,4383,-1.696834637978028,0.228380265465675,-2.3177295739284145
4385,4384,-0.5126677874097073,-1.9084261999682093,-4.5252497793022135
4386,4385,-0.08711787908002189,-0.6969615418661312,-3.208123152298643
4387,4386,0.6046049709727549,0.620914399940401,-0.6755413802606681
4388,4387,1.328224318632804,-0.5120398590242805,-4.767007247212427
4389,4388,1.6311818163967229,1.1951676570937153,2.9491342069514874
4390,4389,-1.7967987021731606,0.06784860013292798,-4.028455410371443
4391,4390,1.3905244750725871,-1.5597826392195093,2.3078973103850466
4392,4391,0.2867447654980251,0.505087604030979,6.710038487827005
4393,4392,0.01616430510142708,0.9004902230016352,5.444896484832363
4394,4393,-0.3974334813262761,-0.46341409381044,-3.6638919682417845
4395,4394,0.3589734663941589,-0.5881881271406544,2.516170312494859
4396,4395,1.252942500406553,-0.2487196261684062,2.947221545717099
4397,4396,0.6312199820643146,0.9132541419874901,-2.9045738037708393
4398,4397,-0.9627260181534402,-1.2285804047978586,-5.976819138182656
4399,4398,0.220518295868213,-0.0333482620295246,3.0547362986040225
4400,4399,-0.9502544568162623,0.8680549023178452,3.698059012737406
4401,4400,0.7067391679535254,-0.34867796641382887,1.5117232055075998
4402,4401,1.4401762644986917,-0.8988997589654537,3.5713356256585165
4403,4402,-1.7226276057312353,-1.1116427324139453,-1.9745424050669818
4404,4403,0.9855010851383338,1.1546059713836245,0.166184165977052
4405,4404,-0.8729086037744441,-3.2725290388878854,-1.3232719193962406
4406,4405,-0.5095257049042277,-0.3548948432454687,0.5452976336197422
4407,4406,1.260256015123031,-0.6858118980151414,2.608449526972744
4408,4407,-0.8998767438698173,2.098250804092939,-0.7857606993214634
4409,4408,0.08079451733778437,0.0128091106583617,-2.652416298001633
4410,4409,-0.4053299772819597,-0.5292381184533793,0.8452385259861652
4411,4410,1.48725184251268,1.9507947472018998,5.880673254854894
4412,4411,1.718930623305768,1.8603739040870082,2.811718906295438
4413,4412,1.1818714962163266,-1.8319241675617794,-1.802920142235777
4414,4413,-1.0749552891982865,1.5657839469710582,2.1451820817969267
4415,4414,0.6916653213274875,-0.37285350232654035,4.066600627687575
4416,4415,-0.5144747893485019,-0.5976407938031557,0.7168109781632976
4417,4416,1.4007760762457582,0.10210152609106148,-0.9624629508598955
4418,4417,1.0819764999304942,-0.19572068692728267,-1.255472300845364
4419,4418,0.14163901676932525,0.3687647524836512,1.7738164198572604
4420,4419,0.3086184743211819,-1.3983157602007914,-4.582534517321565
4421,4420,1.2238926920019273,-0.13382138538000732,6.177601146512341
4422,4421,0.5330417671397214,2.243257455047253,0.6682207870986355
4423,4422,-0.21382946052910404,-0.38213418414028344,-0.20018367862238662
4424,4423,2.6925180706992276,-1.5803367825313144,0.6901981004627635
4425,4424,0.4948402426335308,0.566417462755787,2.174671756141172
4426,4425,1.6147172971277457,-0.06866748971235093,5.4742470998330734
4427,4426,-3.6262798958361,0.8187953705604308,2.04020679893499
4428,4427,-0.14516478512779885,0.8416444521287456,0.14408393632661576
4429,4428,-0.3079631453744645,0.35151845380536223,-0.2604315426902353
4430,4429,-0.3931115436838498,-1.221175997227715,-4.240758547170531
4431,4430,-0.732311065689103,2.4910848726888872,4.110543197236897
4432,4431,-0.5102366770168254,0.0021464956998563066,-2.2469464132808614
4433,4432,-0.8596414728911632,-0.10932747138403799,-0.14841209254476828
4434,4433,0.4612919668976261,0.03804858634628504,-0.45421482065586805
4435,4434,0.18946441522562268,0.5536985526190473,0.7616992574680841
4436,4435,1.7949370143196308,0.026846112407157067,0.9703446578901048
4437,4436,-0.4832950984014448,0.8059277230440912,1.0382602346886207
4438,4437,-0.5673482964028497,0.11973487039301804,-1.322593192083729
4439,4438,-0.8547109879717666,1.0374792107728132,-4.184020327965744
4440,4439,2.5741989348108802,0.2784575470887975,4.103266632700947
4441,4440,0.2546445120662122,0.09199003444691754,-0.8731467430778463
4442,4441,0.651082652747644,1.0006590171425926,-3.159664116285616
4443,4442,0.5774487741478119,0.13818911672581993,2.4925330227086993
4444,4443,0.23547140314108997,1.1381153061895533,-0.546050282440526
4445,4444,-0.671581979913921,-0.6095916163329217,1.1834529933447806
4446,4445,-0.4633861018944056,-0.13378650818288845,-1.9755991359752985
4447,4446,0.8257457848914503,1.653943036251168,3.724160381713709
4448,4447,0.591903788885277,-1.418082309249258,1.6320538200722483
4449,4448,-0.18890522974307375,0.2831035929943946,-0.040910958839276756
4450,4449,0.41179784347888543,-0.6227729944991117,0.7878935744477154
4451,4450,-1.1087521127916349,0.36799583518949536,0.6888561670489765
4452,4451,0.6585581226602838,-1.447366305229882,-2.465915135374303
4453,4452,0.15887651737979183,0.7292282345277947,9.586161345431659
4454,4453,-0.1852608193282571,-0.498470319200484,-1.0950921123362398
4455,4454,1.5263734090572454,0.5113085102244505,6.438741671890745
4456,4455,1.8786015840914125,-1.0199651326375532,4.497955536776872
4457,4456,-0.2737722517162563,1.5407400036111059,5.534196387592077
4458,4457,-0.9365841069938458,-1.9053974674661012,-3.563746464299353
4459,4458,-0.22200761589870374,0.7747641258316281,3.6308049883511977
4460,4459,-1.0593225032684936,-0.5424904511835899,-2.137357861912597
4461,4460,-0.20756636321706612,0.7376558015762468,3.363700423298937
4462,4461,-0.529302254991858,2.691310462494975,-0.5716386577532423
4463,4462,1.2191144699478387,0.48577010496344286,6.76338992333504
4464,4463,-0.25692583264489854,-0.9261236698617908,-1.969675323729271
4465,4464,0.45874248890867725,0.9065740597241725,-1.7299153947197674
4466,4465,0.9216790440176877,0.5662898154419642,0.5522578240193229
4467,4466,-0.5843107082924182,-0.3587167840063898,-4.518769760050373
4468,4467,-0.30506389274042267,-0.42018183037075,0.5669264997736969
4469,4468,0.1294415814662253,0.1081180160186881,0.3188489230669743
4470,4469,0.4891405474475291,-0.9126407169254078,0.2299564372826749
4471,4470,0.09027934357249187,-0.411566544458778,-0.2381932374757183
4472,4471,0.4083539978887264,-0.474563152053035,-0.10124751629568163
4473,4472,0.05723962076868508,1.0174197448147924,4.865813512001344
4474,4473,-0.3529138649190329,-1.374007345138581,5.193724944196493
4475,4474,-0.943512762594935,-1.0224918040258566,-2.4063075650498065
4476,4475,0.5524378677577284,-0.33366696066740426,0.7754814191490546
4477,4476,-0.2940879885076518,2.2541727863665213,3.8978307412884634
4478,4477,-1.833430733690707,0.090886485833611,-2.921444906538819
4479,4478,-0.3773440823205395,0.24727641680768347,-1.8008315187681208
4480,4479,-0.07204429697467413,1.0912789925719295,-2.993679502156886
4481,4480,-0.6577660643047671,0.9939707868050948,2.897308239662597
4482,4481,0.2884219778955288,0.49236417847275193,3.4871250462291727
4483,4482,-0.027146802663487082,-1.1756461510386984,0.37505293034971593
4484,4483,0.3731977479695965,0.20964124547793325,-5.4652018820377535
4485,4484,0.009780142142843486,1.0681706989764317,3.0056080582580504
4486,4485,-0.9014026738024445,0.7974572244618398,-1.4491589929853121
4487,4486,-0.8071078858750117,-1.2002612061663671,1.0933325438998551
4488,4487,-1.6057526427780953,0.45995077281355573,-0.6390246575783027
4489,4488,-0.3219330263157868,-0.4969387919997976,0.06100068819762505
4490,4489,-1.569474325273281,-0.8308495591216448,3.4100164619187705
4491,4490,1.338197701561802,1.0889126744468545,4.990982381357034
4492,4491,-0.39711327696749493,1.0227215646147185,0.9107699388199586
4493,4492,-0.7758575713372293,-0.37576611172321284,-0.5200549522434048
4494,4493,0.763828575035473,-0.7353442188312828,3.88940724443058
4495,4494,0.4459091076903747,0.7498488123869719,0.21849516611087133
4496,4495,-1.8086759370726853,-0.08824720022958539,-0.22761912527596573
4497,4496,-1.465908204160727,-0.32365785624924176,-2.4534335321364567
4498,4497,1.5486419870869834,-0.7938916279958566,1.6191863307132486
4499,4498,0.9281376760324161,-0.21239317418152917,5.495384008854966
4500,4499,0.049917695027107765,-0.06851369400649793,2.7646689369325768
4501,4500,1.7077331669087785,1.6622481777413647,3.353416382082956
4502,4501,1.56577006965895,1.4422938722305458,3.3290034594441966
4503,4502,-0.4679785714087491,1.616908043118415,-0.024059359363343913
4504,4503,-1.3833217960046014,-0.26406696312716416,-4.153510056197434
4505,4504,0.04793834726908106,1.333160935479196,-0.7488199650296428
4506,4505,-1.4736290503598881,0.13915104286035804,-3.331644425982316
4507,4506,-1.951338307056984,-0.006727340251822506,1.3471777411394807
4508,4507,-1.0870543348181312,-0.9079586331198347,-0.5181055161473771
4509,4508,0.7762780766956364,1.6322420323956615,5.228341492672945
4510,4509,-0.9158754221961577,-0.6060484839661151,3.0783770384819995
4511,4510,-0.6366603969932575,-0.38791636525641465,-3.8501702420659174
4512,4511,2.0668841964940774,0.3349361260764527,1.9300354980364602
4513,4512,-0.273374341582977,1.3772814789416317,-0.5163750593899282
4514,4513,-2.0062860743702746,0.472258357371987,-4.150514055770574
4515,4514,1.8349089823654656,-0.6844254060742628,1.5898121682946131
4516,4515,-1.5778088960221188,1.1898524798361099,-0.18117660840850222
4517,4516,0.4103823207596374,-0.42720744707309616,-6.410658672446296
4518,4517,-0.031513480834475034,0.5609876533190203,-2.3911171297775216
4519,4518,0.17694553848769357,0.5002342159607054,3.8342855240875116
4520,4519,-0.10726362822716391,-1.574653245679687,5.8312306602564
4521,4520,-0.5295192871927513,0.10594409434326654,-6.010094305591162
4522,4521,-0.8580806221986335,-2.0651467433090893,-2.4642426319482205
4523,4522,0.22944146791408143,-0.38418297714225635,0.5690502793547338
4524,4523,-0.9509435170314126,1.1674808357210482,3.982189809682839
4525,4524,0.1809710571541577,-1.610791942160582,0.7355813063776447
4526,4525,-0.3372074511892879,-0.7272318883964107,-0.18824773218459878
4527,4526,0.2544697021088264,0.33761057271306605,-2.1611759668486004
4528,4527,-0.18923383467163063,-1.0239971277408135,-1.2614303598698557
4529,4528,-0.43478007012388814,-0.5856606105479645,4.104201216320089
4530,4529,-1.2495492061050413,0.0870254562094577,-6.890882312385692
4531,4530,1.1446897321054141,-1.6274251150630705,-1.7302464418070551
4532,4531,-1.986838504671414,-0.6872672018768279,-4.099716366252729
4533,4532,-0.5936208237424694,0.3673868640312942,-4.592419832974685
4534,4533,0.13804699464566567,0.5379238126640092,5.873032142361891
4535,4534,1.354953212731739,1.3045595684158202,2.5277514507969605
4536,4535,0.17686253886499395,0.6824095858345788,0.0943152214929256
4537,4536,0.28887344474811893,-0.049819572939195055,-4.589231675448828
4538,4537,2.031726801116958,0.13619704236301147,-1.6120270196949815
4539,4538,-0.24956619779445854,0.22969508840128872,-0.10706353915245298
4540,4539,-1.018023378492219,-0.11047917922729028,1.3468267325197105
4541,4540,0.43415621201187865,-0.06258531568077862,-1.331556021031608
4542,4541,-0.5351317135703784,-0.40928910731095725,1.1361533937859711
4543,4542,-0.10321125918238962,0.30920358941107484,4.221464672460249
4544,4543,0.04129263878376516,0.7173906640960835,-0.9194154874263456
4545,4544,1.0868158030102693,0.4038992912861452,4.294677744199785
4546,4545,2.4555905978159784,1.3884082517836516,3.4422070026508345
4547,4546,-1.6248706697547595,0.6257519914508219,-3.7423579032981706
4548,4547,0.3808542896600644,-0.32436659804671164,-0.9864999378216393
4549,4548,-0.13377276963690335,-0.9627335287062629,0.006266910574783069
4550,4549,-1.0727630231652874,-1.506026250265915,2.2924854163210218
4551,4550,0.6433652672589619,1.1795578931219317,3.8967360812771874
4552,4551,-0.7157916734597424,1.1640543853344094,4.15468761211135
4553,4552,0.4225334236862857,-1.894163053308218,-4.141526805468961
4554,4553,1.5981516655522745,-0.8328205431215485,1.2497425218619265
4555,4554,-1.1637088873231738,-0.20931400340878326,-1.3855898753248193
4556,4555,-1.6696176775885696,-0.3240010905307531,-3.0317969913166753
4557,4556,-0.85496614343013,-0.10672904172524898,-0.7354355687778338
4558,4557,-0.6781204479082004,-0.4244576266635092,-5.249487337275598
4559,4558,0.21833168762759902,-0.09324977867329579,1.139016413810157
4560,4559,0.8510492094114694,0.16842697687923858,3.2357027135319707
4561,4560,0.5561528292115817,0.1639971280344887,0.7426472107511887
4562,4561,0.8149618350427458,-0.6780346223159016,-0.423601673285956
4563,4562,0.5098638393863162,-0.34632006646207175,0.6581363417345063
4564,4563,0.4425092610905662,2.9959382814159943,4.978508037600291
4565,4564,1.0636742904229068,1.663632589700641,-2.0630275110941207
4566,4565,-0.4285996097946806,1.4664934958259377,-1.067751214646982
4567,4566,-1.4246470697788998,1.0945637654809712,-0.021892660268454822
4568,4567,-1.6762505639565406,-1.048743620817903,-3.1438075981587996
4569,4568,1.6203461638079624,0.5294136530011565,3.617446916161976
4570,4569,-0.18667896219428332,-0.06750622177569139,-1.1872886974625654
4571,4570,-1.7623989485646538,0.31142045022199605,0.4434583975072486
4572,4571,-0.7857364690018761,0.5497928817015449,3.8724399536465364
4573,4572,-0.5114466362203788,0.8682910951840213,0.37839694657189316
4574,4573,0.7058818067288521,-0.8032953924533153,0.7434347607916775
4575,4574,0.22737764677439784,2.3043649125984884,0.9205686935071522
4576,4575,-0.011090722933888096,0.1746822340745157,-2.5008814107625676
4577,4576,0.12785704053008262,-0.18906146865281748,-0.055996872715314505
4578,4577,-2.0003699240514545,-0.22802066759970566,-0.5307255913737616
4579,4578,-0.4025103046821149,-0.43939721972616286,0.12049251998088994
4580,4579,1.5253193429045553,0.8705740417213982,1.2206794179887162
4581,4580,-1.3198882250954904,0.06975112165436823,4.854548883746577
4582,4581,-0.03227562950399844,-0.11085782190019847,0.9315864555234186
4583,4582,-0.4094223843131512,0.6106478657093518,-0.39780493455560406
4584,4583,1.0641617281519786,2.073838686081547,-2.129352612010355
4585,4584,-0.684840856805505,0.9227259890971969,-3.947909708985959
4586,4585,-0.3035763337184782,-2.478523752276602,-3.7406485398275984
4587,4586,0.3121511762844695,0.3164795447431294,0.37551799059473134
4588,4587,-0.23550722974368532,-0.3613020429258751,-0.9064580673980499
4589,4588,-1.5153698252944108,-0.9118437405012433,-1.6046569029087885
4590,4589,0.32940129647313515,-0.6404568841575942,-1.6209113914300415
4591,4590,-0.24611649508407035,-0.5934069679499746,-4.224108952243367
4592,4591,0.8248984438745298,0.2689598315540952,-1.6574944798271058
4593,4592,-0.6309762166315368,-0.7960859067003229,-5.327987563308043
4594,4593,0.8012957807140462,0.8844705932127255,3.788231287085659
4595,4594,0.5565646744111362,0.49764204889571545,1.4284610335440493
4596,4595,0.300912497966918,-0.8410961454157276,0.29264419950950304
4597,4596,-0.9864972060065056,0.23215957727236738,1.7321574383844545
4598,4597,0.7906813894286502,0.8212379705793952,-0.9766446637049457
4599,4598,0.877849478534305,1.6825579366293815,0.1683440776656746
4600,4599,1.2362156681923302,2.244902444857128,0.15580054689934197
4601,4600,-1.7097656147718958,1.029370044708214,3.770015408728573
4602,4601,-1.3258531887738463,-1.0243389175032958,-3.546358843982957
4603,4602,0.39238417513786406,0.1250906477540015,1.408471142812054
4604,4603,0.5832609270141276,-0.47527225900092973,-0.5089134203135484
4605,4604,0.5038071163494718,-0.11100905455901432,3.47240427002785
4606,4605,1.4922627317898964,-1.7386182111755635,1.2647522453589635
4607,4606,-1.181800740741294,2.354125145353434,-4.985845435244828
4608,4607,-0.47341164336754893,-0.27181616414989507,-4.202282572585759
4609,4608,-0.8723406396112995,-1.5075880566221624,-5.381952878591754
4610,4609,-0.13228012817790602,1.1180839788327142,1.3117879911328356
4611,4610,-0.3120643424717744,0.7013681448993464,-4.386264663290282
4612,4611,1.5003022981039227,-1.710876539814532,3.6940976575644853
4613,4612,2.8798738777333472,1.168461019067599,2.5818076707271116
4614,4613,-1.518026625098229,-1.0643618223682922,-4.7705270742899275
4615,4614,-1.5676501507476843,0.19668267623867244,1.2774196584567479
4616,4615,-1.0039768915035812,0.31898803257079233,-4.25581298224182
4617,4616,1.408522758817395,0.168297072927131,-0.42018022027001023
4618,4617,-0.5168028882930435,0.38168044818949404,-4.877685433420031
4619,4618,-0.19559219703181516,1.5276872740682623,4.162231943769085
4620,4619,0.7696613869409971,0.9730921271435964,-1.4224030573520197
4621,4620,-1.170051323785107,0.11054842488765278,0.7114114431711038
4622,4621,0.2703375559731067,-1.0653713621681444,3.2888036115202786
4623,4622,-0.882242296925296,0.1296269288124105,-3.470440137072586
4624,4623,2.161364635116275,-0.6770537931271218,4.456824344286922
4625,4624,-0.5603972503348522,1.0096072577820243,-0.5512768055449924
4626,4625,-0.10736547730635823,1.0574248116119342,-1.7267359783852583
4627,4626,-0.2900980071971096,1.00534696313475,1.3460709428979052
4628,4627,0.5273339571148613,-0.8152966585407115,3.6250048363314065
4629,4628,0.08030412466863195,-0.14486354423848957,-5.656401411784789
4630,4629,-0.4559579855618577,-0.916815030606836,-2.466812472231284
4631,4630,-1.7139709935145944,-0.666642855484271,-3.686963600060089
4632,4631,1.449680755020607,0.08103003543180494,4.314990975569254
4633,4632,0.3223877105775199,-2.0605310928251472,-3.507182268773958
4634,4633,0.842910672242397,-0.9163280021361638,0.2263798701487345
4635,4634,1.7965512445622025,0.7560209345003452,0.9937620616187658
4636,4635,1.550096834991359,-1.279886007343553,-0.10061454801057557
4637,4636,1.2769950808308084,1.3663894322471701,0.21673855620744442
4638,4637,-1.8126054099693534,-0.6211999505637643,-2.0789051090299933
4639,4638,0.3668527652862867,0.10361963139514005,-5.6625540589165135
4640,4639,1.7687537130047728,-0.7150981436447897,5.079956911603827
4641,4640,-0.5927227857739771,1.4063881419439308,-0.4426958596476849
4642,4641,1.2719328904667353,-0.9501105469148879,-0.3762575024094563
4643,4642,0.18314815013418084,0.8564522498120638,1.9872029995774751
4644,4643,-0.4886208367872223,-0.6478348651891322,-3.2159216673923408
4645,4644,-0.04185704378532864,-0.39908152097256927,7.4904472731309735
4646,4645,0.5063179270461957,-0.613258627026635,-2.485647828103536
4647,4646,0.22302650594305076,1.1180346300445454,1.3442361662539881
4648,4647,0.9697959266057323,-1.1784288245751162,-4.71934524424845
4649,4648,-1.370002041408248,2.0004998387567734,4.638069270471771
4650,4649,2.255496088305095,1.1131797553757359,9.625795580646505
4651,4650,0.8439961578461485,-0.630600908155125,0.2949616416886993
4652,4651,-2.0572996016877636,-1.0201774695842383,-4.940464714753183
4653,4652,-0.11056096753869075,-0.03626072205382738,2.8262286247859856
4654,4653,-0.1775930910385972,-1.3408388961233935,-0.9477139945392885
4655,4654,0.2229288729988774,0.12709875617509486,5.277980601406254
4656,4655,-1.4130250018697468,-0.3744605649818316,-5.322867705125771
4657,4656,0.5802710107737762,1.5346687332420097,-0.15503161693270484
4658,4657,0.029422816069925428,0.09589117669150418,4.444590925485721
4659,4658,-1.2644198062899776,-1.8783801674311258,-2.273945111999124
4660,4659,-0.43605697298953244,-1.7415165193397013,-3.3490519057117165
4661,4660,-0.44218054273331703,0.7215287284535151,1.8688698837141797
4662,4661,-1.356616498523653,-0.4079406848157481,0.36431901549734547
4663,4662,1.6303246925075106,0.5279987193548923,3.2185558691532834
4664,4663,0.8922718951690187,1.0943263020891718,2.281159254899584
4665,4664,-0.07456123660583953,-0.5709857807822906,0.2206154113484382
4666,4665,1.0508034448984875,0.04890449408775338,3.7151388722850855
4667,4666,-1.406373386343652,-0.909057705455391,3.0295443577056522
4668,4667,-0.5760507089192344,-0.406095806253241,-3.040798506980882
4669,4668,-0.16987830203727847,-0.44440060842775597,-0.795617671203793
4670,4669,0.11539857326751607,1.2735768356981196,5.89302509244458
4671,4670,0.7502813240438502,-0.02454071194744217,-2.8739381362421845
4672,4671,0.06766023563580335,-0.53292870906665,-7.878400384171158
4673,4672,0.9415640302955134,-0.47879581563520657,-0.9252951083238117
4674,4673,0.33820049047713574,-0.352099342792164,3.33626712656193
4675,4674,2.7103100065447294,-0.19688173064965714,1.8213604037705273
4676,4675,-1.1359362767880927,-0.012736725223098593,-5.336793527022489
4677,4676,0.30358702154740397,-0.35483331189400075,1.1946623935526863
4678,4677,0.0042143693086757845,-0.4045733786235635,-4.8699461197585086
4679,4678,-0.013347781562338797,-0.3579374861825728,2.529890889031261
4680,4679,-0.11896180804607738,0.5069616651531024,3.2000177199239728
4681,4680,-0.5337586678959934,-0.4979781779777346,1.283582124875108
4682,4681,0.6011072420705447,1.4892775499429505,1.430227857349699
4683,4682,1.1870072398842502,1.6918807133975238,1.8523564715139682
4684,4683,-0.6678410166706115,0.8147102588361446,-1.3768202511570447
4685,4684,-1.684447332185321,1.3968556212540082,-2.6920883065026855
4686,4685,-1.4059343789404202,0.06293959153861553,-1.1499876098366943
4687,4686,1.8826626830352817,-1.701054760900637,-4.473591919711304
4688,4687,0.0941306141772249,-1.6531508312335266,-4.422828201352763
4689,4688,0.32088257278906546,-0.972017667604905,4.24199427368683
4690,4689,1.4282296870654325,-1.874171137380096,-7.060656990252593
4691,4690,1.6469336923692857,0.8612151317995617,0.17254387520401154
4692,4691,1.7383533242294786,0.12943617104628344,3.9823612471511334
4693,4692,0.2566356957257799,-0.09109035332985882,0.5748766765016926
4694,4693,0.26024147772095474,0.37784357685837244,1.031436257266211
4695,4694,0.029795115455983675,1.7454115965753578,-6.35505017722512
4696,4695,-0.38921915405036533,-1.2130759132344986,1.211970718804879
4697,4696,1.1419473640134632,-1.0863889735224783,2.25862301085995
4698,4697,0.7100970049557959,-0.8367053948330617,0.6311299494225486
4699,4698,0.6430550877040195,1.8359394492268999,-0.32461270557902666
4700,4699,-0.2684574647500498,-1.0350483788899745,0.6006969342545516
4701,4700,0.4318310770915448,-1.309619351244246,-0.7977647635939344
4702,4701,0.8720393700010938,-0.6277572814358983,-0.5938574247843963
4703,4702,0.4414039965579809,0.02213195983977556,2.2080639889917917
4704,4703,-0.01443122445691181,0.024597381324884905,-1.3885210817076004
4705,4704,-0.8174472863563633,1.0669998203494437,-1.302089389692964
4706,4705,0.8067433497176795,-0.09547568394917784,-1.972686170078057
4707,4706,0.22404891166136487,-0.4274843968324909,0.7872774749720409
4708,4707,-0.5058312460424708,-0.5024851408569662,1.4537108825779175
4709,4708,0.5463919712573737,0.3037131983996899,-1.131363140258168
4710,4709,-0.11867937078454992,-0.3067993306175367,0.6375580943324994
4711,4710,0.13510458951331453,1.0947146358992246,3.699030953736433
4712,4711,-0.674759754175018,0.7063135932832262,-2.1035373279595193
4713,4712,0.927852522589464,-0.8602968484443023,-1.4659766738332838
4714,4713,-1.1033971959061024,-0.42598143523273047,-3.0341963253720676
4715,4714,-0.4197124643957583,-0.10516455204164785,-0.05810194143837877
4716,4715,0.3687349325871207,-1.2785251829721618,-1.0718907497198207
4717,4716,-0.023217905668329118,0.2736687932922786,0.09042709489946421
4718,4717,0.40679032908164925,9.271662994507807e-07,0.02061281935374093
4719,4718,-0.3531533554105394,-0.24243668209351735,0.09089541697364778
4720,4719,1.558524924831588,-1.127212851752678,-3.121727154068746
4721,4720,-0.806573402266396,0.4782281468463666,-0.6446737457141967
4722,4721,-0.46255748962277904,0.6900590761543617,-2.4826121761523905
4723,4722,0.779446427863637,0.5924748978952951,0.04228380563732978
4724,4723,0.17683744902178922,0.06619113760961323,-0.5368723594397777
4725,4724,0.021387206766900438,0.8803227038036939,2.1355636869788674
4726,4725,1.6786237784351512,-1.0932371948528226,-0.10191936932072244
4727,4726,-0.4818702337989408,-0.03176501430503416,1.5735686743363864
4728,4727,0.7741057074403742,1.7817818660826688,-0.722390948760975
4729,4728,-1.095735458267298,0.10932993922101725,0.49268224176304143
4730,4729,1.3097015261090386,-0.8821653758556495,0.5899879166849118
4731,4730,-1.9264553441809462,-0.42044876867005104,-3.071892178824063
4732,4731,3.0658857928033894,-0.2699227547148959,2.7546917251429077
4733,4732,-0.5248515012809453,0.06646429134194361,0.680986677590351
4734,4733,-0.06098892501896372,-0.9863232414177134,-2.681924006701729
4735,4734,0.3903727180628087,0.21978718299743463,-4.090679332933617
4736,4735,0.7855396210098902,-1.4073640886296626,-3.207809757573771
4737,4736,0.4170876545585809,-0.9768112557359357,2.0946750435416814
4738,4737,1.2435575929144267,0.4190616680406549,-1.5226508826532335
4739,4738,-0.6914199430416216,1.764147006426814,2.135417341563248
4740,4739,1.288165407253712,-0.17237224912817414,-1.5133115573408205
4741,4740,-1.0057239023684987,-0.04411829052701691,-2.072157508414031
4742,4741,-0.9175626181000035,0.36268015262209113,-4.155880101494994
4743,4742,-0.9493063323003417,0.04271673702378657,1.4214916931504207
4744,4743,0.09833480516774555,-0.754880113695716,-4.041546061533288
4745,4744,0.5377369800633734,-0.16266108276900187,0.9543582803344834
4746,4745,0.9121866078843532,0.28844253690518906,0.18964199772056356
4747,4746,0.5267391502468748,1.4453148160098621,3.554697432226194
4748,4747,-0.6314603547814264,-0.49564240414238714,-2.91790708464144
4749,4748,-1.5744779918536456,-1.0887799484380003,1.84448148513882
4750,4749,0.8814901472111671,-1.1468833297560133,5.416380973701145
4751,4750,0.7084184412787712,0.7398008466223048,0.09022075132043797
4752,4751,0.3815738384060519,-0.28583985616711394,1.5866345200510212
4753,4752,1.5784280973453362,1.6611754807255084,8.947199622361298
4754,4753,-1.0525313256098316,-0.33445744652464476,-5.2182144812770925
4755,4754,-0.078042677269548,-1.0998074424187458,-0.43270370570841976
4756,4755,0.6361969136663291,-0.26843945356743093,-0.06069052485369758
4757,4756,-0.6294564374289773,1.3336136902250346,3.4080341975249446
4758,4757,0.49270682721171316,1.5362199066688211,-1.6566904266846953
4759,4758,1.0167805543122213,-0.783435362317034,1.0491173559968021
4760,4759,0.4772893351990458,0.7617744809705651,9.624825947817941
4761,4760,-0.5618852623825279,1.4244414364373155,0.7120023725306572
4762,4761,-0.33368562986519706,-1.1685872324824373,-3.1785070561282436
4763,4762,1.4383340273090994,-0.7022578689471548,-2.2581735079553797
4764,4763,0.6159533421406241,0.8638652906928114,0.21729213429200112
4765,4764,-1.2161843439283657,-0.0026319162673900604,-1.6010744467642148
4766,4765,0.6320863488079078,1.142306419875046,0.2844109506068295
4767,4766,-1.304765117569647,-1.516060490395461,-2.6192279299861276
4768,4767,0.2166323191424663,0.14700318119610092,5.253570660238661
4769,4768,-0.749503594734547,0.11347569928344156,1.4325198117602362
4770,4769,0.24132751133772684,-1.7667574474158125,-4.568473763788237
4771,4770,-1.4241623315443885,-0.045684929229409775,-8.199661964440141
4772,4771,0.5441040728498469,0.5518093534046019,3.468392572537721
4773,4772,0.11745057584367635,-0.6071370270405516,-1.6499192848210233
4774,4773,0.5512628455138748,0.5649433628816977,4.445024176728672
4775,4774,-0.7345436281020284,1.5911083110988151,-4.622563952681691
4776,4775,-0.7271618078712913,-0.19514561763508062,-0.2918108984620851
4777,4776,-1.2565082502082043,-1.4418175046231365,0.7321701213201892
4778,4777,-0.4566565769486636,0.6233352637748999,-1.4956205454168536
4779,4778,-0.35620593417562096,-0.8732301459094823,-0.5490701859382767
4780,4779,-1.2681181868147777,0.37901128829271036,2.0227855537569774
4781,4780,0.9568303656949486,0.21392739676152292,-1.2628143321665224
4782,4781,0.12153420383333863,-0.36388201593188124,2.9818117897410295
4783,4782,-0.28553070507414874,0.21290815149312195,0.9132398132099556
4784,4783,-0.12869495497691916,0.14541693268030131,3.326430676165307
4785,4784,0.042630420548323014,0.30365231438335155,-0.14978291361836438
4786,4785,-0.26468392507272365,-0.23381917528664894,-3.328917194789452
4787,4786,0.3784119886210307,-0.7144127402822325,-2.333246422189114
4788,4787,0.5127127221062515,-1.243739386625901,-2.5333961729692787
4789,4788,-1.2534218062843214,-0.3264122064210406,1.0100218922819062
4790,4789,-0.016182586079392294,-0.34243952201711364,-2.1280814518673643
4791,4790,-0.001203356118412105,-0.25348149312067375,0.4182132989221675
4792,4791,0.6835340830199693,0.06441901406644007,-2.2263686971301655
4793,4792,-0.522435528365463,-2.1637816791383018,-4.5570998272975585
4794,4793,1.201949067875472,-0.49427269929818934,-0.3668481025408533
4795,4794,0.06521597987707595,0.10631730161458333,-3.3812791683167394
4796,4795,0.06025100743777726,-1.1659456896274885,-1.5135880013745524
4797,4796,-0.20849905060367768,-0.9753280218070087,2.5700650077037848
4798,4797,-0.6538787401861273,0.6554299050535856,-5.248385933623516
4799,4798,1.1824425455195338,-0.5018500271874488,-2.1804409155471056
4800,4799,0.31835666137009366,-0.6884324038871296,-6.915843065489895
4801,4800,1.3351412403796101,1.270386161056614,2.721217072287999
4802,4801,0.8356571589684583,-0.08720488402508145,1.516754978938784
4803,4802,0.11912562299598399,1.7404592157162364,-0.5714924315818346
4804,4803,2.0862205027399896,-0.4988756555104645,-2.987045311191818
4805,4804,0.13181269703612936,-1.2738462085536872,-4.341461617481082
4806,4805,2.4533444531146116,-0.938727922521013,1.4452338931256692
4807,4806,0.3087418966449404,-1.1833221148035122,0.24678916436245465
4808,4807,1.876078827369797,1.9668475157673269,4.4827177754265675
4809,4808,0.17488210082199146,-1.2307334724012577,-0.6682642971786787
4810,4809,-0.13372690498742532,1.492327453019353,2.450117086768321
4811,4810,-0.13326509590076388,-0.9318751085317981,-3.0815255393425978
4812,4811,1.0602595682115696,1.4755985141803123,3.2683715705068415
4813,4812,-0.7928002167345325,0.36246010552534286,0.5798687955465103
4814,4813,-0.3275975167406791,1.1718873470734692,3.071676529889702
4815,4814,0.48699218727827553,-0.8948421471621822,-0.8745714993203733
4816,4815,-0.6844364258806108,-1.8007123415992743,-1.2713341515998857
4817,4816,-0.6261085454871892,-0.7210530023603601,-0.23586241130400443
4818,4817,-0.4052891443040815,0.43099535712720116,1.842852027215235
4819,4818,-0.8418113608406215,-0.1038045181006677,-3.7471754847380017
4820,4819,1.184767290907183,-1.0114810230660343,-4.708004354165919
4821,4820,-1.1172251829023379,0.23953181433117282,0.41600087016784615
4822,4821,-2.1422729198558463,-0.2924504830172793,-3.921025531756959
4823,4822,-0.10981378676357516,-0.9520331838397361,-0.4730170204817028
4824,4823,0.6067937346711082,-0.38300589049369,-2.2764809426788024
4825,4824,-2.241998115168077,2.0233663454439794,0.7135739398829491
4826,4825,-0.4497107195125268,-0.7772670818061442,6.353295480561085
4827,4826,0.8543022052796858,-0.2923038631090682,0.27604903391969837
4828,4827,-0.4974702616870115,0.9465989766285177,1.9091400438336303
4829,4828,0.06345599566589104,-0.16835169294988303,-3.131185833247569
4830,4829,-0.8191593342978989,-0.40138346344003456,0.7097739508767644
4831,4830,1.2900858646788276,-1.7963935744546318,-0.7650368569171946
4832,4831,-0.7397296297330453,-0.3146533093354441,1.0173930337518986
4833,4832,-1.3780290672865432,0.7606716299406344,6.5427172811450385
4834,4833,-0.28480469513081563,0.5720717995136659,-0.07873799687383898
4835,4834,0.49415836073450237,-0.8182695315319777,-1.6399500894733814
4836,4835,1.3859163204949345,-0.42768499084786904,0.715709279843624
4837,4836,-0.19097740285818732,1.1830814418129798,-0.6875604584841455
4838,4837,0.08182927396762779,0.7969748683694606,1.2413011801018832
4839,4838,0.8226908129002225,0.42039106569744217,-3.4224137800336107
4840,4839,0.24258870109592173,2.0324265230642626,-1.5653080803742279
4841,4840,0.19002340619147648,0.2278729256920783,2.425761764423295
4842,4841,-0.1947794156013086,0.33544996125151133,-2.1006418033614027
4843,4842,0.8839724879426589,0.3975902845775188,2.7787765751768854
4844,4843,-0.21719296214304268,-0.2517349590814787,-2.538817331715334
4845,4844,-0.5959112952354515,-0.2105535996475726,1.4189196133242856
4846,4845,0.4595199610482303,0.3658529450040254,0.4349549659076808
4847,4846,-0.9894721773996359,-1.1727309455003823,-1.8385100961617624
4848,4847,-0.25910107675864685,-1.6264361573761543,-5.565211846960375
4849,4848,0.7163915648639808,-0.36965168190756,-3.1820708187160225
4850,4849,-0.9762819220523633,0.659968913890442,-1.849570690817084
4851,4850,0.5936307586149825,0.6338019057564488,0.25257919159376935
4852,4851,0.3915178886046469,0.5098271165883486,-2.1780219210497234
4853,4852,-0.37943325066815586,1.3030715683193452,3.567049978112168
4854,4853,0.7271089048259304,-0.3983115187193394,-1.9558644680065789
4855,4854,-2.3669102096742463,-0.2945390352992601,-1.6763713853483115
4856,4855,0.9769427027841923,1.4045701492917693,2.336558704488819
4857,4856,-0.5727281074364963,-0.3489283353347,1.4651110029859218
4858,4857,-0.26574153458809874,1.1115993154229566,2.519698399629428
4859,4858,-0.5861517627622165,-0.9048134889160621,-4.640269844658065
4860,4859,0.14733579688497264,-0.545654154005464,-0.8458875578569772
4861,4860,0.5914091409535217,-0.8868400965955358,-1.1401751272397804
4862,4861,1.2438799667942697,-0.5063515103413433,5.012400155965983
4863,4862,1.2051268809515086,-0.4729579035300833,1.8769294629763118
4864,4863,0.7174891531133027,1.5230024258052286,1.3378551707711963
4865,4864,0.8750936443224318,-2.4021259002982034,-2.4658521426093527
4866,4865,-0.5980397168197852,-0.31276253858160236,-3.645328777683801
4867,4866,-1.3670791953433867,0.9356948309213363,-0.31945609433122046
4868,4867,0.08130137687350947,1.078118961113291,3.633138405195168
4869,4868,-1.559849872365305,0.8644989129506903,-4.876926003229452
4870,4869,0.7383896785381996,-0.34653546612417657,-1.0956977224929991
4871,4870,1.0651209621348263,-0.7382956889192916,2.143229995759773
4872,4871,-0.7041311909535427,-0.1828422284565396,5.0959392354367505
4873,4872,1.595169251448053,-0.35801345201801205,2.5848797511032493
4874,4873,0.9845899109326287,0.9066722598540226,7.387928395390716
4875,4874,-0.3108541923222733,-2.016282435715396,-2.716274656956764
4876,4875,-1.0214447020602313,-0.0944130251888207,1.3836898079620503
4877,4876,-0.06689746439011061,1.1397752040359528,4.034394536998897
4878,4877,-1.4803978435299578,0.36689540051514846,4.440877437566863
4879,4878,-0.3940047627254626,-0.5346899835709865,-0.28944873263270576
4880,4879,-1.093096259260337,1.00985593343068,0.0035678180881388855
4881,4880,0.6916265888472088,0.08614686948663862,0.7710035051203317
4882,4881,-0.2455011155588946,-1.350031509743719,-1.4875993085991812
4883,4882,0.34064427569263933,-0.06107310038225897,-2.9061583173818675
4884,4883,2.1849027551455134,-0.6192807845531199,3.7365967237808038
4885,4884,-0.3507911674597116,-0.942580927964229,2.517387358178226
4886,4885,-0.2048581688254926,1.6969320123166671,-1.0042870665397992
4887,4886,-0.02889849828369904,-0.17532468406856072,-5.23778755202453
4888,4887,1.6494299782485455,-0.6953440028855032,5.647521831349547
4889,4888,0.1910752201773678,1.0677256672512268,0.5830054414193062
4890,4889,0.7610128899216967,1.0760898197964839,0.7057241438963362
4891,4890,-1.1956633173814646,1.053449122538659,-1.3794054823964992
4892,4891,1.4882856996688902,-1.355083085153045,0.2806185886912864
4893,4892,0.7555354544020482,-0.7453752398181274,1.5415637514183187
4894,4893,-0.9646753556614428,-1.1670055264297023,-2.779354760137362
4895,4894,0.3661229629614282,-0.6944975082668234,1.9185954232027658
4896,4895,0.40011482949609956,0.47803638423434003,-0.3399969641918563
4897,4896,-0.8982920799785724,1.9078841515379177,0.9756566735192727
4898,4897,1.270497803814525,0.6466702710364237,5.296958890741904
4899,4898,0.41635229327881473,-0.9414995169452275,0.2742676918141692
4900,4899,-1.9013615324961979,0.9884065898605933,1.5294056149861688
4901,4900,-0.3265083678054276,-0.462665537960566,-1.4512228506926261
4902,4901,-1.1454768643138136,1.4467293670554513,-4.260430025100941
4903,4902,-1.1783988661659666,0.7626743371740953,-0.7099391378876662
4904,4903,-1.243459310397464,-0.6217183243773227,-5.238929562092645
4905,4904,-1.1920476240238769,-0.40951270667435613,1.5495042950663553
4906,4905,-0.18638621226763244,0.7246530995100807,2.9709635073938583
4907,4906,0.8281637796616726,0.17516415483438216,1.2274933875185081
4908,4907,-0.5347168498497122,-0.581426104799188,2.8062461743928315
4909,4908,1.0285232739724512,-1.0691191134961242,0.7051103210210053
4910,4909,-0.4956198386673972,0.2550929222351563,4.284288588823939
4911,4910,0.47958862421186077,0.20198615726659008,4.851635096478942
4912,4911,0.4634965730039608,-1.0749612505905537,0.17488536697104665
4913,4912,0.36954536749310624,-0.19610047217628165,0.8419467676751314
4914,4913,-0.6466696024282986,-0.33574157829542284,4.44414447628611
4915,4914,0.2366424306890087,-0.08681747777433477,2.8428336110215966
4916,4915,1.512495801632574,-0.6429759131112617,0.24367048615025144
4917,4916,0.9497079557272531,-2.1358093036781343,0.13484610852813672
4918,4917,0.38583055049847775,0.236975626176208,1.3598267841221228
4919,4918,0.18013778207569908,0.5609315474584392,0.23537381658482487
4920,4919,-1.062705531102469,-0.3030963067861261,-6.193065584121297
4921,4920,-1.111141853472708,0.6563528882840206,-4.872230545388094
4922,4921,-0.1671358257496475,-0.2863990354712337,0.19453352618631198
4923,4922,0.12483594518818858,0.4381842070019757,3.085673094227671
4924,4923,-0.6685584848159665,1.1703319496710012,-1.7830667346389057
4925,4924,0.620646795291398,-0.09275013146413731,5.45334483299181
4926,4925,-0.5604301417124238,0.5483271855087483,0.3278420228051221
4927,4926,2.1625994822357453,-0.5713191700728151,2.207436376078551
4928,4927,0.13304759036903335,-0.2831425693357163,1.1112379335586917
4929,4928,0.7317210387837257,0.3828888992634626,-0.04680423749073326
4930,4929,-0.2915470326605085,0.32969210763546053,0.9388570693968994
4931,4930,-0.14786371371190368,0.21270110730778316,-4.6061158586974
4932,4931,0.0562289934792676,1.1593626400425174,-3.2028232806923382
4933,4932,-0.7858326716578042,0.9672752695372591,-4.618622170889173
4934,4933,-0.8999402192562327,-0.30329839741411324,-4.244404416293541
4935,4934,0.3395628410542957,-0.7593515000098007,0.6077621922783206
4936,4935,1.7793371009893164,1.4856055140303486,5.917532591510779
4937,4936,0.8252258369680898,-0.3226876165885185,4.969045312904513
4938,4937,-0.23931493366285997,0.6517958914536577,-1.33326326213
4939,4938,-0.3635438871795069,0.8660557609611724,-1.9234590394698383
4940,4939,0.4165946604536414,-0.9795520153468408,0.13052064538116392
4941,4940,-0.30330327941868634,-0.7414968558197392,-1.2178902527179054
4942,4941,0.22982440725422287,0.5651504183059336,-1.0352198977786027
4943,4942,1.0602712813152353,0.9679017405982261,3.2942614945882305
4944,4943,0.015611564050376758,0.11195225603235633,-1.3882753588475514
4945,4944,1.2186111839653566,-0.21319151717597382,-4.2398878688245745
4946,4945,0.19162777214433532,-1.7457305609726652,-2.3435495835812126
4947,4946,0.7198283923530201,-1.2120443313488667,2.294474886007583
4948,4947,-0.915062964793893,-0.32814775599315504,-2.1794309422892235
4949,4948,-1.545113605548165,0.3203634233963822,-1.2502345638251091
4950,4949,-0.22048964563525575,-0.09204891507359976,-2.073051803589286
4951,4950,-0.38661993917609266,-0.9006641063022556,-2.605655412239087
4952,4951,-0.06403926336834241,1.6021193471069552,-3.9655490395535784
4953,4952,1.3241306146649072,1.6998957722345371,1.0603313907053524
4954,4953,1.4806591816863477,-0.7101579237674098,-2.190227779031107
4955,4954,-0.7068337830590978,1.9895299478635815,2.218251508783539
4956,4955,-0.025344522659461813,0.26483305205739394,1.5031464385661462
4957,4956,0.8618598347034778,2.049722706480093,3.4044475346297833
4958,4957,-1.7955669847343252,-1.4314876679745634,-2.4325598158327435
4959,4958,0.522717641383235,-1.7683065832095501,-3.444012851565208
4960,4959,0.2901100273911633,2.4693811564063655,5.251057624919544
4961,4960,-1.3683424050786104,-1.7927096833436622,-1.294757062843353
4962,4961,0.3294380612133537,-0.22363189619928583,-1.652358600332393
4963,4962,-0.9197252863476433,-0.7553727150708051,-1.8619794848914062
4964,4963,-1.4628540787680329,3.0760095672423424,3.6916153434817875
4965,4964,-0.4954971712716682,1.5065706097544314,-2.7809319515469104
4966,4965,-1.2399880250252555,0.7031295623208459,0.0848021229977658
4967,4966,0.251982746802581,0.3676865875625576,1.0653429994234287
4968,4967,0.7419902473200337,-0.9087362682168937,2.7145352165044105
4969,4968,-1.0265888715338858,0.8293957840555347,-1.294620202109901
4970,4969,-0.2346852996353981,-0.3395775418791454,0.1741348741641222
4971,4970,0.6050853429322162,0.4971386345129881,2.0905344062371793
4972,4971,-0.18442618122435883,-1.7683802752567612,-7.049172459502611
4973,4972,1.1647097521595424,0.9257779700007412,5.4906506121827725
4974,4973,1.193601020606729,-0.3502545338438676,1.7688584407043801
4975,4974,-0.6612795283323789,-1.1023200022871913,-2.757821116076122
4976,4975,-0.7139948629130545,1.1882118979682679,-1.554224950561577
4977,4976,-0.9628691088174256,-0.522412688187161,-4.78738925381586
4978,4977,-1.226249465449475,0.5731587624400827,-1.898238888468629
4979,4978,-0.2446682892824895,-1.0073732343333153,-0.6298876341379744
4980,4979,0.7218729288375217,-0.989545858723943,3.412059084771081
4981,4980,0.42469136083289466,0.666287189011609,0.7196208062816929
4982,4981,-1.9778526593229848,0.5578032605450068,0.822147972511061
4983,4982,0.25968269367253743,0.8045222468286147,2.5505781239969116
4984,4983,-0.24753317499675717,-0.36204998273305955,2.989354394745967
4985,4984,2.153628522331571,1.0946563887131868,4.86914996699446
4986,4985,0.1473686188476565,0.16004940296383244,1.4848068288421237
4987,4986,1.0994991048205496,-1.1277613499392707,-1.1982896032086665
4988,4987,-0.5367505556352885,0.2918995069989615,-0.8393011524821716
4989,4988,-0.5437960178629696,0.3120846859730273,1.9325263462682254
4990,4989,0.10794124396992216,-0.6289405119741535,1.6309461862346044
4991,4990,1.1541781682175563,-0.8107680654141995,-1.1992152791662627
4992,4991,0.038596802221212624,-0.8299387044183756,2.419295659297041
4993,4992,-0.357211301092025,2.7765698766804174,4.471048964226531
4994,4993,1.5479803489175972,1.1880789335186759,-0.24951324687544696
4995,4994,1.061561699849713,-0.23977011773888376,4.258272762475318
4996,4995,1.1873522161798071,0.7511376868383175,0.7469098486623906
4997,4996,-1.0943145036257076,0.22158013077467256,-3.0824246810553397
4998,4997,1.4740625254900523,-0.6405006693542948,0.0018458399124214944
4999,4998,0.3874420070229198,-1.4198340817485602,-0.8741269765040868
5000,4999,0.562157825024979,0.6979825019376947,-2.6914086946137967
5001,5000,1.37196515996551,-0.3457757607262823,0.0763479151432418
5002,5001,0.24662489922227043,1.2984779317040018,2.6910743702241575
5003,5002,-1.3454719799876846,-2.1701982801567574,-0.08035780738010112
5004,5003,-0.6100827316011719,1.547056742030011,-4.248289921539636
5005,5004,-0.5319987867828638,-0.000798043037040857,-2.4025996116500896
5006,5005,1.2329129084611337,0.5540373945739567,2.1182498155758136
5007,5006,0.03471337170076669,0.8481944587609069,-0.35559010053977413
5008,5007,-0.35374179552168405,-0.7783524965855586,0.45225582106884055
5009,5008,0.3182850139961165,0.7582196409765376,-3.132556292091557
5010,5009,2.0014665568396666,1.0041777300764059,1.537309032626925
5011,5010,0.4572640970580836,-2.136096545744998,-2.5807091846288497
5012,5011,0.03789787979808281,-0.3632852550674596,0.853400028085517
5013,5012,0.26096034466922075,-1.2371897820861109,1.153080949889849
5014,5013,-0.3922735185068757,-1.0141787868242291,-0.9034553300270197
5015,5014,-0.8451921292316475,0.7561885086022627,4.987478474977666
5016,5015,1.5169360733234507,0.5108155035764532,-1.156230907594904
5017,5016,-1.1343189299307865,0.6541514038336651,1.05759087818079
5018,5017,1.9751663676612603,0.13547893960619198,6.186914929732622
5019,5018,1.0721854328216565,0.5697826860628508,-4.050497287661644
5020,5019,-0.8448801565260771,-0.5856411195841125,-4.301471039382211
5021,5020,0.9880394320909486,-0.03624242543324858,3.3518141440835287
5022,5021,0.005420049256240827,1.445694866379996,-2.9646338461653396
5023,5022,0.6741362709095224,-1.3032326710257371,-0.7925342433100586
5024,5023,-1.7219165020507032,0.8334042094051021,-3.4921631326540696
5025,5024,1.3190140972619215,-0.8897356492830366,0.5457170111324474
5026,5025,-0.2506751838324079,-1.2872518773025532,-0.036354233432115746
5027,5026,-0.4823875001314454,-0.2380421630439129,6.6894651980140285
5028,5027,0.27183718891579667,0.13760526220708091,-6.599354060944076
5029,5028,0.059316968657416466,-0.7530356140159002,-0.24387081096745322
5030,5029,-1.2746323966651558,1.8847851059552356,-2.808085373224044
5031,5030,0.7579523679459711,0.8040211665279786,2.4545824513056074
5032,5031,1.343724598741917,-0.11180250820431442,7.121055430194386
5033,5032,0.512692434604642,-0.17723894907771676,6.518561767971519
5034,5033,-0.07142874272097181,0.10505932418844718,-0.8552173332666874
5035,5034,-0.664620119481987,-0.2090781857275745,-4.306457364863576
5036,5035,-1.1074292453027808,-0.05772357944630747,-5.701360528142742
5037,5036,-0.2344428197491903,0.8871455053055376,2.861229077977191
5038,5037,0.3307695453491861,1.3513014961733087,-2.556012165962768
5039,5038,-0.2303553831164295,-1.5354126011888323,-6.078372514870325
5040,5039,-0.9767514603128982,-0.611809951131376,-0.9746690437551777
5041,5040,-0.4067228374152178,0.7406375104905186,2.623502329257206
5042,5041,1.06372952563081,0.9060239849242395,4.201159290779124
5043,5042,1.1972942265700937,-1.38669091921805,-0.285639357839244
5044,5043,-0.3600675734149258,1.062817660577097,6.415740292571304
5045,5044,0.893774120367606,1.030236002119332,2.281120368032676
5046,5045,2.311297137797701,-2.5426705594082155,0.5184649946583202
5047,5046,0.7034791145713186,0.14626189955782684,2.7110847835414513
5048,5047,-0.13468179172048636,-0.5716038180143738,-3.7422763868651447
5049,5048,-0.6301959460808977,-0.5710421141026985,-2.535880103263866
5050,5049,1.462752320032192,-0.004169152010027657,5.594558288351264
5051,5050,-0.4384064521619839,1.5863198384218307,-4.615863785279737
5052,5051,-0.35037632462012575,-0.21007678434448757,-2.8736715020481216
5053,5052,-1.4179953889069417,-1.3261173570469358,-0.3726866877850271
5054,5053,0.08892964875006665,0.04238954463767606,5.991019769371134
5055,5054,0.38269524224872825,-0.03884106201834699,2.79416754852732
5056,5055,-0.21479386530997355,-0.7520040725065991,-2.555229118893418
5057,5056,0.40718505699226903,0.7713614183469615,1.4995500434035878
5058,5057,0.3119016382547237,1.2387539460352288,2.3107941384079793
5059,5058,0.8277084813441892,0.745769149726513,2.670491415554586
5060,5059,0.6865649686980148,-0.06970125944904425,-1.2769894898141123
5061,5060,-0.13048693457239158,-0.1765563026130886,-1.849093040109087
5062,5061,-0.23501385076475934,-0.5396823646382164,1.0268131802688325
5063,5062,-2.530434618881709,-2.8242155509798983,-7.820821160341875
5064,5063,-0.08752284184433669,0.6160242467948709,-4.171627881657841
5065,5064,0.9971286427790431,-0.37242991868199615,-4.225691941867719
5066,5065,0.6125953266309883,0.2047386004310567,-2.433043900439311
5067,5066,-0.6258862706897944,-1.6313721656575166,-4.803363746856016
5068,5067,0.1049132737457068,0.8328911602721758,1.2488063004602878
5069,5068,1.689867759216469,-0.22602370054023393,5.503960394056759
5070,5069,0.4438471614403811,1.127194200879763,1.4043933013524248
5071,5070,2.4832627905833093,0.5686733490710655,2.8524428073617147
5072,5071,-0.627629703912838,0.658619542156777,0.16760645330846977
5073,5072,-0.05519737203064862,0.42851183558778905,-0.8753831920251738
5074,5073,-1.1837538425010445,0.5853805009555951,6.773087729498772
5075,5074,0.9946686593580943,0.43239536613323565,-4.541527675465554
5076,5075,-0.024907875178062085,-1.0099562057418214,-2.2478803728611485
5077,5076,-0.36300504513080967,-0.7944226063597567,-4.697683340955594
5078,5077,-0.1479344191818921,0.49183659841143257,-1.1958694665559357
5079,5078,0.6276326442902409,-1.2184438330752327,-2.6159212086085146
5080,5079,-0.2631525808312126,0.5461016415642027,-0.09622761794421475
5081,5080,0.7228468427891199,-0.29819057203720545,3.9836651882085694
5082,5081,-0.42129901368407235,1.1522054289743902,0.9141779411211983
5083,5082,-0.9519860193531805,0.10721829584101457,-0.723006057271782
5084,5083,1.0893109847104723,-0.5284210704391372,1.8925843176681219
5085,5084,-0.036113617507269186,0.365711879659661,5.65049158201088
5086,5085,0.8032973753834193,0.035426147336833254,-2.7753952690115065
5087,5086,0.02856855365916268,0.6518342426349836,2.983223495589898
5088,5087,0.36144520781906975,2.4348383977895134,5.345050301228368
5089,5088,-1.063037131939463,-0.9050618623268657,1.6058030397585554
5090,5089,-1.1404523080017237,-0.233213993509912,-2.146432933681364
5091,5090,-1.3804877366015633,0.5764397474974227,4.64508472170747
5092,5091,-1.8464116905201016,-0.6156755000322781,-3.0284054709855392
5093,5092,-1.6779880411244295,0.5240336050852203,-0.46848005167256646
5094,5093,-1.4008827820916696,-0.21623243451598748,-0.6543166537416345
5095,5094,0.6194157093054872,0.8070736683870441,-1.8296240585302064
5096,5095,-0.34598989081999326,0.249364614829141,5.442270606559655
5097,5096,-0.10384905145117927,-0.12715082052802235,-5.348654304210613
5098,5097,-0.8653206910035774,0.5889727426445678,5.9082694396302315
5099,5098,-2.1425721853243407,1.3817682490340806,0.5638031374041361
5100,5099,0.46307177333174865,-0.3896287297783586,-2.8458340799961888
5101,5100,-1.3982412809861113,0.16539455764650912,-1.7178095540017098
5102,5101,0.36739883377408167,-1.1454132725824084,2.8496072396653886
5103,5102,-0.2329955344223945,-1.3984578535514731,-0.6278497353828468
5104,5103,0.7555922484663928,-0.4748415764863116,2.3138621700189885
5105,5104,0.738830889131307,-0.6524784142379865,4.846530360718377
5106,5105,-2.3973562567716793,-1.855364866267831,-5.923617138457271
5107,5106,-0.46578951680138436,1.7088886520808335,2.125150066849515
5108,5107,-0.2120860164005767,-0.8599914429993003,-0.31596363978006486
5109,5108,-1.5595268131266211,1.4469443847911803,-2.0101865459222905
5110,5109,0.6679006750399474,1.3034625200335899,3.6899837871228707
5111,5110,0.11740971201902471,0.8691129726746789,-6.6187130500602205
5112,5111,-0.07089985139137223,-0.9903077890592599,-4.841213486221399
5113,5112,0.5388559135483731,-0.4866969069411051,-0.3696781076925364
5114,5113,-2.136654197257902,0.10641938801975875,1.9430850554094488
5115,5114,0.4672796119933576,-0.14025705900016588,4.0646033589429615
5116,5115,1.1173451626338482,0.0177897821628666,3.5994984200605846
5117,5116,-0.6955628114596737,0.11182919353786767,-0.9243541932475305
5118,5117,-0.7723042516450421,-1.1815843760528635,0.5430577072034913
5119,5118,0.4538413114186795,-0.48554165259729126,-0.25009561232727157
5120,5119,-1.5896143717206133,0.9751202170143766,-3.1752923426845037
5121,5120,1.6014360942090597,1.207663909816042,4.9686695567070736
5122,5121,-0.588018514388616,-1.0141591009159026,0.22329302525495223
5123,5122,-1.9415912176303312,0.45323003843375537,-3.367026938639556
5124,5123,0.04532918395113599,0.6763972519768716,-0.3895613610780466
5125,5124,0.15130352912146947,-0.5625117445149588,1.9036725124138876
5126,5125,-0.08212407833143914,-0.8836188772456215,-0.7426307897649244
5127,5126,-1.7403658709132244,-0.2689072750372014,-4.962774871585841
5128,5127,0.37697104264846304,-0.8815605373309416,-2.2627322549215982
5129,5128,-0.4577579874460034,2.7671340060559135,3.1404809117512515
5130,5129,-1.4084462599614471,-0.24577311465894583,5.353902377577626
5131,5130,-0.5638128692214895,-1.3769886148032329,-0.41638796861251104
5132,5131,0.07324017399956814,0.020599787209419452,-0.781230367174829
5133,5132,1.086664732822977,-0.7654821679215125,2.865239358330193
5134,5133,-0.09264490204143878,-0.8887533111350853,1.848272285627709
5135,5134,-0.10266125114492651,0.16429172947274207,-4.712433691422907
5136,5135,0.3058088685028338,-0.7034793621304753,-1.9029937118031919
5137,5136,-1.1118109150765658,-0.7043638212506651,-6.611772675255808
5138,5137,0.138161198266157,-1.4409298144532614,1.7783009011567867
5139,5138,1.9038036855437888,1.1009781554542621,-1.4884774054453556
5140,5139,0.900595661449902,-1.4603451942336623,-0.5957845198772798
5141,5140,-0.6638436417031133,1.2661763738091834,0.6541498725247112
5142,5141,-0.31799503713086197,1.2232928486281682,0.6382195246158364
5143,5142,-0.1484158441389883,0.08100123540862238,-0.8920872623021732
5144,5143,-0.9080559709386701,-0.5840755622949092,-3.8668391962686486
5145,5144,0.8236668663919149,-0.1567101880851621,2.57434013925325
5146,5145,0.41626786590243536,-0.9477526451150844,1.8633806000546322
5147,5146,-0.13818600822437224,-0.05747005749137035,0.8688857285936578
5148,5147,0.5063574358774365,1.3997353666139045,2.4322373403640105
5149,5148,-0.9647999245702441,0.2699229734162111,2.7831768469212714
5150,5149,1.1233956279011361,1.5526254185252586,-1.638240204611733
5151,5150,-3.031843410533113,-0.4617291558328043,-6.71633166691723
5152,5151,-0.657340737605537,0.5545998842419949,6.686306736908243
5153,5152,-0.8630454123100647,0.023022428988614996,-3.496983979171094
5154,5153,0.9810678021762239,-0.12572836095939413,5.365266141668673
5155,5154,0.2298941371420425,-0.49774118265650136,-1.8983757354441324
5156,5155,1.0081806115108995,1.327625926153479,7.509131829048166
5157,5156,-0.7846465147308745,1.3682119833806785,-3.0486411850895987
5158,5157,-1.2340664039178502,0.045255629246480356,0.6452834288404958
5159,5158,-1.2661488572679203,1.4923456033211737,2.1426674381828668
5160,5159,0.0824371183674765,-1.1378539100468457,1.3920728705849232
5161,5160,0.676786631916807,0.40773623093467093,0.8969641687563537
5162,5161,0.6345918219327302,-0.3112040134794548,6.7823722749773445
5163,5162,0.9269935733969649,0.6635679904061825,-0.5753885538840944
5164,5163,0.4579298427565802,-2.1677314122405833,-5.417885495574245
5165,5164,0.30504245167358013,-0.3874470260021512,4.523978574412336
5166,5165,0.45106240334021386,1.0809961790954516,-1.334607956598868
5167,5166,-0.9079393126275527,0.23963549058208994,1.5253987393929922
5168,5167,0.18648142228488165,-0.5613622265092021,-0.3955704558939225
5169,5168,-0.3144826352519723,1.0215486706384245,-1.954429044980024
5170,5169,0.0441141256967392,1.0372613704268288,4.999484265990791
5171,5170,-0.06744298827296535,-0.40236847799961784,1.5176354041075624
5172,5171,0.6770756205790968,-0.38549041591583544,1.5031928249808844
5173,5172,0.47905129928720186,1.5608892625390705,2.73846281690646
5174,5173,-0.5160419981627402,1.3669813694740724,-5.352909797059197
5175,5174,-0.9938397895051687,0.2939164757290203,-1.2414752249341787
5176,5175,0.013502552374333905,-0.6233764610289495,5.112178733758707
5177,5176,0.7012967720486585,-0.46432143087019195,-0.6177928985201616
5178,5177,-1.5948818092412866,-0.36485831892681486,-2.26828484119362
5179,5178,0.8831636894472176,-1.4748862014361397,1.5991108754402632
5180,5179,0.1684180744874136,-0.8949606506440551,1.8957868751980789
5181,5180,1.0869315712530594,1.4052768585725948,-4.313136236084333
5182,5181,1.8886713311025056,0.763552187039838,2.202199222515217
5183,5182,1.0237342480770941,-0.31150785781343676,7.479983682253247
5184,5183,0.9575125707121513,-0.21927717058511234,0.6070415111598981
5185,5184,-0.03928026247470449,-0.6205796686139803,-1.3527195374520673
5186,5185,0.14711587877116447,-0.5940198397814863,-4.093862030447951
5187,5186,0.9198881715545523,-0.26193947159648856,5.425113773907267
5188,5187,-1.1246862521255474,-0.10861696345905016,-3.3821810049331535
5189,5188,0.01977970098418775,-1.841503888169084,-0.9298259854079941
5190,5189,-1.142079835816582,-0.3194181087398877,-8.252335072274514
5191,5190,0.21081871085568335,0.8125048576491924,3.7794225735165146
5192,5191,-0.5696761070604023,0.9454829437444573,-7.39885315194364
5193,5192,-0.16394358301162096,0.49525741999981665,4.199185004303136
5194,5193,-0.6959626875141443,0.5106532456648931,0.13839998257506997
5195,5194,0.7712268874664321,-0.08668501565614645,-0.23686431114659912
5196,5195,-0.336228806371293,1.0911759300211075,3.978793066052897
5197,5196,0.8394568873554997,1.2499904805111604,0.6392234350779704
5198,5197,0.46303538095809255,-0.06765960381348733,-1.4142353763093019
5199,5198,0.2669264904559683,-0.47578176072353534,2.8118453644392765
5200,5199,-1.2130259609255425,-0.622217662851352,-3.2772991548062818
5201,5200,1.8041933725186636,2.136036913142421,2.0984772210242144
5202,5201,-0.2461323419278611,0.48954828400666206,-0.49341674557700665
5203,5202,0.4731418817486938,0.6975440914736769,5.0055876979772265
5204,5203,-0.681485314537886,-0.5009594920395409,4.19481914761244
5205,5204,-0.8413277427658656,-2.459234157951489,-6.224810170152901
5206,5205,1.126567109616073,0.42049463130403497,0.5094487224570601
5207,5206,0.6095960874669465,1.0269527976354271,1.603976442659155
5208,5207,0.6994574705317057,-0.3644294036539996,1.2005672861476064
5209,5208,0.5712862090740365,0.39801591231969774,5.258436921786382
5210,5209,-0.33285902238611037,-1.3673720627725539,-2.7896229705127578
5211,5210,-0.12018869862171301,0.00312085830678641,0.7241351616679741
5212,5211,0.7302343128344898,0.6781588312758391,1.5735099582602592
5213,5212,-0.23847565345589375,1.1244491711723192,2.0165696786829783
5214,5213,0.3495758364990703,0.33444547071496494,0.21819012558954975
5215,5214,-0.2569706924715532,-1.1939671490580146,-5.0874520089951165
5216,5215,-1.0265904504731795,0.5745173595205549,-0.91393245515545
5217,5216,1.483244577033784,0.4113450654915206,1.4856610321654742
5218,5217,-0.7803561282554583,-0.3271894009768366,-2.708952499158112
5219,5218,1.1050000006535996,-1.9514610600757127,0.36542802643387623
5220,5219,0.622957564362203,1.8927254610004172,-4.90948736044652
5221,5220,1.1435985061401726,-0.5523804583427663,2.2817693318862173
5222,5221,1.8582779141413195,-0.5549113027266471,-4.737459101825259
5223,5222,-0.29398882550209104,0.16091621829842195,3.0459554288881336
5224,5223,-0.36258040086137927,-0.5306058917175055,1.2296472124925821
5225,5224,0.24808412865955698,0.9098214608360622,2.101726530961531
5226,5225,0.299032414589074,0.13649691433339184,-3.734388744272292
5227,5226,-0.03149842719894429,-1.7051926781753877,2.9694603057703106
5228,5227,-1.6976595059732948,1.7312626287541242,1.6587721929528148
5229,5228,-0.12365606929947573,1.0227922863614103,1.7624732288543274
5230,5229,-0.7207561473036523,1.3041552999701906,-1.650746819222051
5231,5230,0.12900024951861713,1.806904750398922,2.031231601444678
5232,5231,-0.39490881630618874,1.2514826410553108,-0.12988996302186034
5233,5232,1.1046753963882667,0.74730644086699,-0.3554909652528264
5234,5233,-0.5222350560079325,1.6722108088036018,3.9112231417690526
5235,5234,-1.35712175764672,0.4538582296464211,2.2097739564093493
5236,5235,-1.5842329363735261,0.5664824866752205,-1.783050629844141
5237,5236,0.8669512822539208,-0.41369466520324055,2.0487525441911227
5238,5237,-1.1481518649238922,1.2099857266379472,2.614402775078926
5239,5238,-1.0571418872004135,0.8670858976102495,-2.7247334861499604
5240,5239,-0.6159591333476455,1.564332237797269,5.747997048922945
5241,5240,0.1250881549951031,0.8340093060344653,2.872495130704018
5242,5241,0.5565004808705246,1.2000656333460065,4.0957647231337075
5243,5242,-2.3255236588551758,-0.26337229141949536,-2.632892405536981
5244,5243,0.6882343457837706,-0.24079173110871313,4.46896462974362
5245,5244,-0.1818456652892951,0.4870544790142509,2.6033814111078004
5246,5245,-0.23316936673585487,1.3307287652831963,3.266143758677346
5247,5246,0.9772159849257351,0.7900608943236125,1.9302240344447221
5248,5247,0.2118191009520432,0.6771906364291936,3.274271024273355
5249,5248,0.0026340587557680175,0.10588342178086582,1.4279758398206117
5250,5249,0.1592820184462092,0.8454292146533205,1.030414011030996
5251,5250,0.7245826962167609,-0.6814313679133446,-3.541188172073911
5252,5251,1.2097166351066766,-0.8669817574973692,-0.48977329099725786
5253,5252,-2.3165135637426304,0.47976763761787233,-1.9720669744264716
5254,5253,-0.5719297760253818,-0.9088025029594212,-4.399605759163086
5255,5254,-0.006572293992021747,-0.19082603739104212,1.562533723481613
5256,5255,0.5214405927700334,2.5642410684010506,0.5707339979264897
5257,5256,-0.929937792681144,0.6506847916344078,2.66071790537388
5258,5257,-1.1196930861902556,1.1921284866667203,-2.17623341101448
5259,5258,-2.514256800991846,-0.11501652283365464,-1.354826088997778
5260,5259,-0.06318722992182717,-1.4387762172517036,0.5165435958261226
5261,5260,-0.694067793246132,-0.5553934004374165,-3.800558328793326
5262,5261,0.9270774322119522,0.34531394986520264,3.1021547766939235
5263,5262,-0.308998392111612,-0.5987515027022411,-2.472271139414298
5264,5263,-0.4085140498000711,0.7278132426029885,-0.5976501874797356
5265,5264,0.6514578758652557,-0.7265895515316645,-0.47469578430084935
5266,5265,-1.4131352359336633,1.2881480375480154,4.563682171937004
5267,5266,0.41985373063901255,0.29969572722770094,-0.3628232050546699
5268,5267,1.0580070183284305,-2.0122028537929664,0.2661901180930345
5269,5268,-0.1390606850335676,0.0024007052652011964,-0.914387967960294
5270,5269,-1.9644510177474745,2.008147553333571,3.933170040705499
5271,5270,-0.8120124367398128,-0.44057807525456366,0.11609390741693937
5272,5271,2.3706890098043623,-0.6762394238387794,9.200372969966567
5273,5272,-2.136053027632784,1.0852456494288123,-4.361234381300643
5274,5273,-0.08951674183326777,-1.2798707896769124,4.170682985876231
5275,5274,0.7627269219728546,-0.9500516490096773,4.3910980606846834
5276,5275,-0.3340427553561417,0.6363684819175829,-0.7876299007790596
5277,5276,0.46110063441657767,1.8306055526462501,2.2286347255598677
5278,5277,-1.318325781749099,0.6672152515836315,1.8647428555264085
5279,5278,0.23321683599581583,-0.21814272516217198,2.508782522995625
5280,5279,-1.0296269710624815,-0.2616642421211937,-6.3171962135946735
5281,5280,-1.4950900036814416,-1.4452701134393613,-4.500448421447873
5282,5281,0.0660245746983249,-0.5777486781298204,-0.569662459590881
5283,5282,-1.4642924801430788,0.8123903347957085,-3.941395628297162
5284,5283,-0.26304719185125497,0.36874010928611417,-1.6335322411295368
5285,5284,0.026081794758624842,-0.03653591101062331,3.2592561367249573
5286,5285,-0.013141428411937503,-0.27286326445143094,-1.1107039637033078
5287,5286,-0.614263816811548,0.4944836489864358,-4.829410924048855
5288,5287,-1.3126082812252005,0.21228869164607847,4.16606519057733
5289,5288,0.09552759763959306,-1.0695165201837682,0.5963606487983535
5290,5289,-0.44752450325488263,-0.7110394913093384,-0.45134940914072386
5291,5290,1.4376849915582286,0.5196509850008786,1.9612929008676339
5292,5291,-0.8264111533964938,-0.21033484881474934,-5.276452376412913
5293,5292,-0.4794080824468176,-1.1362698682493897,1.491288133073797
5294,5293,-1.6006990137748986,1.178934869775596,3.2986528790782383
5295,5294,1.3549477611467684,1.2962511567347959,5.333106297204092
5296,5295,0.18103349833251614,-1.7474536204163948,-2.8612448843825713
5297,5296,0.3349641471967497,-2.615827840565359,0.1543629724472988
5298,5297,-0.47395207386134935,-1.0468826451637772,1.3218724837774438
5299,5298,0.3586411306606356,-0.6150283702691541,5.1157461646273354
5300,5299,0.005805693823471516,-0.19074104359912003,-0.18060728541391002
5301,5300,-0.07157985586431438,1.0546994050309455,-0.721833664058011
5302,5301,-0.7462496854216272,-0.15429253357057948,-2.70713001257008
5303,5302,-0.5519735923043542,0.706642265800877,-0.5806715870915735
5304,5303,-1.1461080324989357,-1.4720302716217004,-4.4117647681854715
5305,5304,-0.017127828641628075,0.16237684149268397,4.063424680191047
5306,5305,0.5920059614183781,1.183272455124003,5.271498660881766
5307,5306,-0.9141321627376634,0.27957902363951803,1.8829118076410833
5308,5307,-0.5456954686126061,-0.41445460453978494,-0.8522421547532855
5309,5308,0.5851935565040507,2.1484818444228644,4.113307958241392
5310,5309,1.3147462445532874,0.09576812051732865,-2.405541181446885
5311,5310,0.31185676030092674,-0.22860836701619594,5.688129998499697
5312,5311,-1.1785671343902728,0.18242047021806893,-6.601283801415437
5313,5312,-2.0637185118366066,0.3687583201596713,-2.360716731522551
5314,5313,-0.9820366986433252,-0.6460590331995307,-2.545452825718071
5315,5314,0.8534349775564862,-1.2872546407823122,-3.194395290086649
5316,5315,1.0928873885247326,0.49408504554048294,4.475802587004293
5317,5316,-0.11831094928671985,-0.120818132818777,-3.465174191216164
5318,5317,-0.41236392287647566,-0.36523782327552856,-2.904380550384709
5319,5318,0.49776802421813526,0.17482229426619225,-0.03810071085454003
5320,5319,-1.0593250585079739,-0.7936854182118028,1.2430503972737648
5321,5320,0.4108494500471326,0.8836616086585588,1.522473500351149
5322,5321,0.2413256507100932,-1.1803571439774614,-0.4075177117040103
5323,5322,-0.8860253720694183,0.5823550538779574,-5.220271782750806
5324,5323,0.012305393462142895,0.1634246472511032,5.236897561038611
5325,5324,-1.3735431004621999,-0.13751067164976133,1.3142101276213494
5326,5325,0.6738186870584044,0.6793655232740877,3.507794374747685
5327,5326,-0.6131278409111158,0.22093990349126816,4.103078712290417
5328,5327,0.06908454279054856,-0.34339553342793905,2.0288535316760488
5329,5328,-0.2545485159082298,-1.4637533884119487,-3.0791457555666923
5330,5329,-0.12205336659164243,-0.5681310014921844,-1.156946520884596
5331,5330,-1.073459115121153,-0.388196934021066,-2.2731951694413315
5332,5331,1.2473596807525402,1.6314705066793633,5.360685071543489
5333,5332,0.37396168443131766,-0.09529692908895303,0.5569738457122937
5334,5333,0.3252908387021509,-0.3608983935690238,-1.2066453183553474
5335,5334,-0.7129220510067389,-1.1285541254510765,-3.652590908073524
5336,5335,-0.056051621291284714,-0.1784782062316229,-3.249257263035692
5337,5336,0.6366608964950985,-0.06462995111573937,8.836390109074532
5338,5337,-0.6063202974494518,-2.5185902802440348,-6.099963069121006
5339,5338,-1.004085112990975,0.6208576864323482,-2.2974901085096042
5340,5339,-2.925190704577326,0.5278902189746555,-5.241050209107218
5341,5340,-1.054737704889468,1.3397014732553312,1.2160729662654055
5342,5341,-0.5096151169814851,-0.9135985617098469,-1.1672763019459804
5343,5342,0.8872180318182887,1.4190592657605348,-0.08129910366875293
5344,5343,-0.18983957346493335,-0.041352765251165546,0.3601602033397699
5345,5344,1.6111532508634543,-0.022210490858007456,0.6706362815767561
5346,5345,-1.615333540993025,1.293371752257203,-1.2791790757270673
5347,5346,-0.47306202698278166,-1.1201817019030569,-4.3656809964789725
5348,5347,1.2538987490310407,-0.4171645745156065,-1.529189316212729
5349,5348,0.3585744963795706,-1.916286375072977,-3.1038025590640013
5350,5349,1.847009248247644,-1.3187056309757517,1.591224337799472
5351,5350,-1.0378043058616957,0.09302843851077068,0.485057284117131
5352,5351,2.585977263083224,-1.3730837916198084,4.585839053266185
5353,5352,0.4687776373071357,1.091749174008985,5.8624781561401305
5354,5353,-0.39215399777232984,-0.5228083572609283,-0.651195963195988
5355,5354,-0.2020133317784892,-0.9899189153829203,-2.067141008983868
5356,5355,1.89256623696647,0.9526606082668795,6.0208613709400485
5357,5356,0.12053901202210283,0.8181249780209727,-3.277700698840589
5358,5357,-1.1155059442594681,-0.0691990048039211,-3.2237476491285144
5359,5358,-0.3761900842843679,0.6099091198642101,1.696686642872614
5360,5359,-0.884926978966726,-0.5171393196179644,0.9822123503544627
5361,5360,0.3806239752154406,-0.10076868445430623,-6.029784995368816
5362,5361,0.6652488936835077,-0.5868966459663086,-1.9339163660907879
5363,5362,-1.07476935807514,0.07492297678662167,-0.2591094370544593
5364,5363,-0.7441855427701916,-0.1627747707064115,1.1442314645166507
5365,5364,0.37876782228646627,1.5588952433713121,1.8760105272345
5366,5365,0.22642176622542226,0.2179980024221831,1.6499317813155838
5367,5366,0.7521811495745523,0.38064320948042224,6.1662182764320566
5368,5367,0.07261417746344201,-0.20111210106366134,1.2558554310827847
5369,5368,1.1756796337971351,-0.47387754129211196,5.496807933344926
5370,5369,0.8090091129894484,0.2575845141905243,2.386188827065363
5371,5370,-0.8734787166451305,2.57240893679681,-1.3495467538808645
5372,5371,0.08999894622766473,-0.8727479038021662,-1.6951290643376697
5373,5372,-0.23630967128978442,-1.0480415620790913,-0.8372886830940477
5374,5373,-0.1254268637586714,-0.6124980025291763,-0.9550385294278907
5375,5374,1.3436319944853365,-0.17894939670326224,3.5382633750770704
5376,5375,0.8397995608967376,-0.6811518219942264,3.9722163446253926
5377,5376,-0.32298944991338346,-0.027627216305471273,4.308617780469472
5378,5377,0.8485745546586452,1.222769398654459,4.955597149088281
5379,5378,-0.24500035354451963,-0.07459210774923504,-3.6784440697947707
5380,5379,-0.3547100812795764,-0.7522058426447834,-3.6851228565502536
5381,5380,-1.6592947511323162,-1.0620811692588517,4.856327532443645
5382,5381,-1.9998151091970247,-0.6343968727423199,-5.205635365173819
5383,5382,2.6113930699168755,-0.025322502889889957,9.399349155855562
5384,5383,-1.037357155872754,0.17053738846731895,1.9973961794450081
5385,5384,-0.451243112009259,-1.4377876405211558,-7.547851903543088
5386,5385,-0.2554473679080247,-1.0674460088405187,-1.3824821633762936
5387,5386,0.1452494753700949,0.5803876672835097,-2.1476722898375247
5388,5387,0.3726816699023967,0.13197716993105144,1.6651090066775607
5389,5388,-0.47668453515760384,-1.3946559421519942,-0.11661959192733928
5390,5389,-0.8247595042181065,-0.9067348106891447,-1.6840926494517905
5391,5390,1.594308851357298,-0.5874759186911827,1.9766934307452022
5392,5391,0.38638334017892734,1.3920874630385014,0.021520568770874604
5393,5392,1.3610011980110304,0.5551286136181819,4.8535516924386135
5394,5393,0.22744554953026339,-0.7965451109278036,-8.023122541117145
5395,5394,1.361375791567122,-0.12671022881021876,-0.32749560687145496
5396,5395,0.8315934088560006,0.9929182442045026,1.40384724032402
5397,5396,-0.3068944805559546,-0.4590463761180724,3.1868945783966973
5398,5397,0.08042734597841673,-0.6342643122802211,4.6477153821115635
5399,5398,1.0005194714909602,-1.3099857054801651,0.17264327411374225
5400,5399,-0.5595045617332247,-0.9743659274357367,-0.03602740144837158
5401,5400,-0.9833912524862162,-2.476679940680466,-4.041350053201947
5402,5401,0.32413642423537736,0.5546847457309243,-0.9813939298186679
5403,5402,-0.3444859745473894,-1.0585123781816557,-2.8420329842476737
5404,5403,-0.9253651924625996,1.1159801059774834,4.226390958454507
5405,5404,0.15617144238458205,1.632358234499871,4.306660651695081
5406,5405,-2.1588268596573066,0.09382260882617889,-4.646878859992717
5407,5406,0.3219607817536007,-0.36111279542420904,0.12769462241287188
5408,5407,0.17909293314067679,1.915749461961785,0.9850508626238832
5409,5408,-1.5498815459479545,0.7907013177570392,-1.3064884881870285
5410,5409,-0.2358926920282649,0.40592428449140117,4.926691272671625
5411,5410,-0.37517071007414765,-1.9435962823029214,4.0230057674278275
5412,5411,0.16651685689978546,1.2223025664574083,2.456469132264613
5413,5412,-0.6940895422145019,1.6657008834006473,5.271338376160918
5414,5413,-0.31055956388964007,3.115288883410445,1.1376511858363705
5415,5414,-0.38306757334217123,-1.0949584842784992,-0.30224087073405814
5416,5415,-0.6708111497037169,0.5634441293531267,1.4219140065417815
5417,5416,0.5627037569398549,1.7798804487099646,5.148069093518407
5418,5417,1.3175452718705374,-1.929453777925297,2.2534811436934032
5419,5418,-1.6369481099245105,1.5456169070688899,-3.572255792314428
5420,5419,-0.19378214856416992,1.010635143437936,0.09937049828679934
5421,5420,0.7087150457234245,0.6742987922431989,4.167705690534159
5422,5421,0.1748980876632465,0.07985614254334014,-0.9738275286207115
5423,5422,-0.22992862296414893,0.0728585343646282,-2.8838350687437035
5424,5423,1.0025575197276118,0.7903054414969615,-1.2399194502234254
5425,5424,1.64761194532887,1.3184536893652847,2.6147678154728498
5426,5425,1.8911931811743126,0.4283458523161503,-1.2267426452400358
5427,5426,2.232756530989224,-0.5091329002771581,1.948466458455552
5428,5427,1.7299150046585174,-0.03959732851060667,6.418311597784056
5429,5428,-0.4032069482340615,-1.4663215169746018,-5.682551328632095
5430,5429,0.8701327675660563,-0.5866027240519553,0.01978854574599953
5431,5430,-0.08539617633596588,0.6805212808250387,-4.774675550872896
5432,5431,0.697057866054669,-1.4027567125252984,1.625105877120004
5433,5432,-0.9029970729999846,1.0898706042187156,-5.320576314927224
5434,5433,-0.4816255545272357,1.281524512332922,4.4018831120452315
5435,5434,1.2277028089082795,0.8542503955162438,2.5419981382031063
5436,5435,-0.6831472887269229,0.4445756756979622,-7.602468686373455
5437,5436,2.2420218796685902,-1.4533583151233131,5.673778612359165
5438,5437,0.31734240238587835,-1.1228415180212863,0.2686729661865054
5439,5438,-0.5885179136340286,0.5849979677231537,-0.134329195920194
5440,5439,1.5017970282906286,-0.6497388123899714,5.6703194103818
5441,5440,0.2060860049096017,0.7600972842555891,2.0642960820864396
5442,5441,0.31842777086013,-0.858026558419226,-1.2129609082120225
5443,5442,0.39722252564203125,0.3555454984088086,-0.3999159705417167
5444,5443,-1.2622647447464521,0.22903360608813567,1.8641815046583943
5445,5444,-1.3371924676620786,-2.75428102562603,-3.26107381440132
5446,5445,1.3492413489816086,-0.3022963888795852,1.0864547748792777
5447,5446,0.8007337459827072,1.176891320202096,1.2250323757100796
5448,5447,-0.5408956671126876,1.1187471861162792,3.064514242331466
5449,5448,-1.8113229488154956,-1.3024696084605336,-3.1074939971262734
5450,5449,0.9094396983976699,-0.8378728410399539,-0.12202475182282302
5451,5450,0.8329087431076162,-1.5735788985272623,1.1599013297301315
5452,5451,-0.07354089120578175,-1.2441929126506357,1.3062792552631421
5453,5452,-0.09762619649973435,-0.304008276125075,0.26436933571491006
5454,5453,0.5225087620929549,1.8273673455253232,1.9605025293672362
5455,5454,0.5221771466096116,-0.309031567568336,-0.4030619225693287
5456,5455,0.35902883974925837,0.8581753728238806,0.9201460711776596
5457,5456,1.0209402458115686,-1.3443358653114128,-0.521340970209268
5458,5457,1.3320058649629454,-0.7057862920649002,2.383283237545725
5459,5458,-1.529837815769485,-1.0426006813814628,-2.341024262363552
5460,5459,-0.8993621354333984,-0.8473417135906202,-1.7413169191845341
5461,5460,-1.002294180393948,0.9435526505404394,-1.5639728049988844
5462,5461,-0.6350876931568814,0.6229661732329224,4.8520914820038366
5463,5462,0.3778485626517838,-1.2146201343600873,-0.5363383312062997
5464,5463,0.18421370891784986,-0.48059459453150943,-1.904572663643028
5465,5464,-0.07870563129755981,0.6796907433237728,0.884173140733068
5466,5465,-0.17364319857441118,-2.0404390390945277,-2.8308441957602284
5467,5466,1.5287987930180638,0.022690566447312193,1.3785612329627435
5468,5467,-0.29921930769953026,0.22751836306469192,-2.8564538496707685
5469,5468,-2.261531872791557,0.06764342963262465,-0.44654816253919305
5470,5469,-0.39032869465008513,-0.7444830485207257,-7.179722134096544
5471,5470,-0.8839755453803387,0.38133557147602504,2.7499997196440953
5472,5471,-0.359054036538536,1.467414065358195,-3.466518939432159
5473,5472,0.6982268849680895,1.5711709341428362,2.8710018540645468
5474,5473,-0.6238004360411192,0.13414481802401498,0.7379342043312168
5475,5474,-1.737051860039398,-2.0858170308900688,-6.276831433151549
5476,5475,-0.6964068094803386,-0.6629684227957217,-2.3142025017862937
5477,5476,-0.9594879674702095,-1.7349859119080573,-5.0093914468034075
5478,5477,1.1225576826675618,-0.0144541102015151,-7.400509924285298
5479,5478,-0.8233384367153114,-1.5620869057259859,-3.1536246474715126
5480,5479,-1.5302329691366454,-0.29471094519090396,-1.5457695288769093
5481,5480,1.3786554502809647,-1.8097106202741857,0.08554218956940596
5482,5481,-0.007002629768072674,0.24619855497321552,-6.734209149914473
5483,5482,-1.33102735151252,-0.06712686334807738,-2.2131632109852704
5484,5483,0.6743088988044464,-0.4116080465632931,1.5322586839359975
5485,5484,-0.15905259620919357,-1.7603498443620331,-1.657405115862345
5486,5485,-0.8362534469796566,-1.188532535862027,1.9347889697190688
5487,5486,-1.8919122047539016,-1.0964303477340167,-8.838606609905703
5488,5487,0.18942974828009096,1.3446506244584773,-0.09708849100280989
5489,5488,-0.7626295907908452,-1.0651877885045073,-6.241752101560903
5490,5489,-1.4783130650912133,-0.8752414687489515,-3.243955174303083
5491,5490,-0.10683195175537738,0.05390591267357712,1.2089097253976029
5492,5491,1.6957522704672439,-1.006202960915054,3.168259336751476
5493,5492,3.362090200858209,-0.32009591761491135,5.782120645542842
5494,5493,-1.0929359889956791,-0.7985811772150145,-0.039028211781039365
5495,5494,-1.1647944277022104,-0.9624628018447631,-7.3676442870731975
5496,5495,0.12541700812706988,0.909360529210476,-0.6783060277493123
5497,5496,-0.4373223058462501,-1.6739492072220974,-2.1227822711905655
5498,5497,-0.6809568177777162,0.6284929751946775,2.27585226350227
5499,5498,1.5144985955142585,0.21820436225816597,5.758431242864519
5500,5499,-1.1563955335872669,-0.43701652398412794,-2.147948617926856
5501,5500,0.8667578971063714,-0.7340685236171528,2.773208327721797
5502,5501,1.2670051991743978,0.4607879420638998,-0.864915776830808
5503,5502,0.8706994979507411,0.9645468809092133,0.24499364392192846
5504,5503,-0.11817994954762656,-0.6569823919689467,-3.2259714976449385
5505,5504,0.18519212403391486,-0.5572763653642857,-2.2267117890194337
5506,5505,0.8036829392420842,0.49979840711133067,7.927096371328961
5507,5506,0.25756230555246723,-1.2737695408157934,3.4532113762355476
5508,5507,-0.14543524907741476,-0.04148439473762271,-2.0382871032196133
5509,5508,0.9088410499204376,-0.800425928887015,4.666327228979361
5510,5509,-0.08353037680696497,-0.05759937605408293,0.7808424557449027
5511,5510,1.1704746683493081,2.6194848017270123,2.874152210001614
5512,5511,-0.08550937762411366,1.9466653565190497,3.7049760767361715
5513,5512,-0.7018803507319238,1.5853892145555861,1.1073734389107028
5514,5513,-0.10425534196535804,0.19706275189350897,-0.34814228264345165
5515,5514,0.7914605502834612,0.1888009184549086,-0.11718651571647198
5516,5515,-0.9548697786754553,1.3859507203294792,-0.9821530398439823
5517,5516,-0.40742372288724693,1.115474007321899,6.873740697005672
5518,5517,1.7776557695450492,1.6064431517517952,3.4175969860807607
5519,5518,-2.0300638200756067,-0.1590404904651863,-3.6590247158047586
5520,5519,-0.7572217540778277,-0.279930398107421,-1.6790795261958094
5521,5520,1.9879111333219903,0.445588844515098,3.544829065402298
5522,5521,1.4979060304048837,1.3336515645260634,6.3280655495900735
5523,5522,-0.09997555603589768,-0.5142558706200404,0.01189922810409988
5524,5523,0.22204792290947634,-2.2097299161302835,-0.6945267133077148
5525,5524,-0.3885514632261549,-0.44117588343301534,0.31659777523493315
5526,5525,0.4171423950548521,0.44415740332254594,-0.12589117379870157
5527,5526,-1.6383182265659644,0.13783143586916996,2.5781324890215958
5528,5527,0.881130975846656,-1.200011417481983,-4.036757493039172
5529,5528,1.5822973553585753,-0.7648081532105993,-1.8389903449011995
5530,5529,-1.204538562518101,0.15946334826064018,-3.92499759355638
5531,5530,1.2262411954494634,-1.473118673435336,6.827733020981364
5532,5531,-2.20188060407435,0.29416574305905296,-7.395465773435497
5533,5532,0.21374105827718548,-0.5291871951812587,-2.4000064304934936
5534,5533,0.09141922383433723,1.51922090584108,1.6121547647752452
5535,5534,1.0343134296996934,-1.5605530015621525,-1.606586688626967
5536,5535,0.297426519637304,-0.5072534863660664,2.082014052787677
5537,5536,0.46957623558535344,0.6310659791265936,4.275294954352483
5538,5537,0.9818534635520678,0.02948766101752475,0.22841657317827552
5539,5538,1.213703131584129,-0.050445531027726094,6.235366975176426
5540,5539,0.2934373204205682,-0.10821139310310764,-1.3210370648522602
5541,5540,1.3342159218078,-1.3622344043386851,0.38852756912456443
5542,5541,0.49224209476447295,0.3383932813887182,-0.09700285396568076
5543,5542,-0.22393841716750795,-0.5331086747901248,0.31679544775074153
5544,5543,0.8944296802114654,1.0403135380129576,1.1990232496798356
5545,5544,-1.8462973239987166,0.1419016519636249,-3.5002489970552357
5546,5545,0.7334856003833367,1.0034996585513456,-2.8971754638560516
5547,5546,-1.1046418229571624,-1.1301672993551695,-2.137448447459261
5548,5547,-0.3502955036687337,-0.1198772308714583,0.124379500871457
5549,5548,-0.6172083334345426,-0.12920111083744446,0.7161510519175773
5550,5549,0.28007243619986255,2.3232784679920013,0.9584312730500324
5551,5550,-2.2068346964085523,-1.4244456337626474,-4.03165467645754
5552,5551,0.1733711431651675,-0.1102839139847184,3.629403406875402
5553,5552,-2.528270345374489,1.992560341736529,-3.5339977826558266
5554,5553,-0.237353150587435,0.6433945850807712,-2.459058266090302
5555,5554,0.8035813064618675,-0.5361632698141949,-5.597454953093951
5556,5555,0.8815092828057212,-1.3196343247956617,-3.4608504962216697
5557,5556,0.1083010102658245,0.19268471387090225,-4.994331550046237
5558,5557,-0.11545966621791408,0.1739374495585295,-0.6566985634679334
5559,5558,-0.2311123619872307,0.46005236419425116,2.4066582845917255
5560,5559,-0.6674375005791549,1.4637282505701308,4.181822480525594
5561,5560,1.2998073220133635,0.11701625051633557,2.4217729479982273
5562,5561,0.010623768471040412,-0.7100758395068887,-3.3259627734791284
5563,5562,0.11586609260654522,-0.8909153613886964,-3.535590969505896
5564,5563,0.24948689025787982,0.5966381277345959,0.8255484655546059
5565,5564,0.4199946994556779,1.3012900840661066,2.532414329267024
5566,5565,0.22754887868368873,-1.9489863630363877,-2.2679419030913968
5567,5566,0.42239454310377994,-0.5566239129612057,-0.4855893327925588
5568,5567,-1.0113307602661628,0.2520156097082912,-2.290601655495475
5569,5568,-0.19571373514757023,-0.21325799604054377,1.5420329657527183
5570,5569,0.04437730436073639,1.6485203238280435,9.649906305360743
5571,5570,1.1094725745452454,1.013979694812958,0.9907030256541871
5572,5571,-0.19750487574529146,0.8031662055019169,-0.22498074682692848
5573,5572,-0.5233873875693629,-1.8382703797965425,-1.8231041133959796
5574,5573,1.1522811130229687,0.3125708436246867,4.530006399505076
5575,5574,0.38060817328807456,0.41765899235398374,6.408368564920198
5576,5575,-2.1081366084015754,1.3659680953627071,-5.962623980628006
5577,5576,-0.16353237570412535,-0.7608056441603835,-0.1653560249197421
5578,5577,-1.590159208957399,1.0154254199879282,5.018956776602972
5579,5578,-0.19133251945488394,0.9578051379419751,2.094236125372973
5580,5579,0.1352266658317018,2.431935571422348,-2.3267145414146184
5581,5580,0.2034448089316921,0.4314217716190496,-0.31677254938567034
5582,5581,0.4440095696603641,-0.7745851119263734,4.19323314974042
5583,5582,-0.11719527917194825,-0.7749021025651169,-0.8055932248459879
5584,5583,-0.5987283760399544,1.4709924066844275,0.718374077382193
5585,5584,0.6078640007454686,-0.2897946004131357,-1.8168119415220205
5586,5585,0.4309232081428321,1.3027290310776665,-0.4628061363213497
5587,5586,-2.1612367029681043,2.970919261139155,3.167347546805435
5588,5587,-1.0171075003203673,0.7976870497375114,-2.9037291833951038
5589,5588,0.8195044651177256,-0.8720167139291637,-3.12864272147383
5590,5589,-2.2471234021471336,0.6163796843377826,0.05197352259211607
5591,5590,0.4263013378432201,0.25031849098442394,1.5378986334606186
5592,5591,-1.9888151774033913,-0.14805465894600595,1.6979334900217242
5593,5592,1.0996579294830224,-0.4648454588590149,2.749746405613654
5594,5593,-0.4009847654044858,1.1468276036623875,4.008536422233114
5595,5594,-0.3548743092278488,-1.684128629701012,-4.955589929886413
5596,5595,-0.03151531364463968,1.0999744844347044,6.122846588932436
5597,5596,-1.197274298407089,0.48360558172972995,-2.6606339423243894
5598,5597,-1.3188213135751619,-1.261025915962173,-6.215329954633532
5599,5598,-1.8550147125393357,0.5150424152883178,-1.4812361742370665
5600,5599,2.1185957180275317,0.6215933457584923,2.377366733809529
5601,5600,-0.5938034172163462,-0.07952456985375327,6.156525249999588
5602,5601,-0.7839768806358317,0.029964823695348683,-4.65979482377699
5603,5602,1.8262012809795523,-0.993126589672955,-0.8494053602482922
5604,5603,1.1990690454253459,-1.176177776371376,4.671868182116799
5605,5604,-0.7635189136642268,0.8732412702428102,2.184582309954778
5606,5605,0.5569762944873946,0.27170234831423423,7.206011630797845
5607,5606,2.1575186371830264,-0.22023417594928857,-3.5370104708394043
5608,5607,0.14620514379699784,-0.8430536829332498,-2.2701962095025126
5609,5608,0.5526345079250823,-0.2754327944920078,0.43918334178704144
5610,5609,1.7732391752881593,0.1744222579158673,1.1566910731286795
5611,5610,-1.0687012167831627,0.5393546621799581,-2.0850490940283226
5612,5611,-0.214680477753878,-0.3005593095250139,0.16430683161669712
5613,5612,0.12601831334197267,0.743683568226556,6.084875185083963
5614,5613,0.1607693203100814,0.097992760894335,-1.2118157587979406
5615,5614,-1.3087434762109893,-1.2603833720190611,-0.39334498131591616
5616,5615,0.47082626943229766,-0.32714616061603075,1.9446431012214533
5617,5616,1.134373416663509,-1.8471416926730768,1.8372763864862363
5618,5617,2.017452936340999,1.0971488805304384,4.656503370125866
5619,5618,-0.2364979973166941,-0.924232294766949,-8.954474043181175
5620,5619,-0.05403998100830311,-0.14099391018893023,-2.3970002106971795
5621,5620,-0.9538388246601314,2.663755016826766,2.9557383886957824
5622,5621,1.1284276258128072,-0.41076372645699555,1.8855698199236204
5623,5622,-0.5715970821076872,0.3091823224571762,4.261715808025071
5624,5623,-0.6233551169511685,0.2697526657006012,-2.824268913319001
5625,5624,-0.47806143833717596,-1.0316920243445924,-1.611881240438603
5626,5625,-1.3038715716699527,0.7864279283133698,-2.9261929230928247
5627,5626,-1.2471773529639114,0.4708608967668498,-1.0297549726244049
5628,5627,1.5108553594051077,0.697020020033186,2.642304325151686
5629,5628,-0.40043835393675287,-0.06853290230198286,-1.7000195945143801
5630,5629,-0.9810024450413739,-0.392094596349148,-0.8911607553370293
5631,5630,0.9576004597010017,-1.7042653995322299,-4.259324451450768
5632,5631,0.4980762951727758,0.39693231871785395,1.960986655025515
5633,5632,-0.8207235570630905,-0.6450858173440341,-5.3549321461630415
5634,5633,2.5307161537026857,-0.5121858603562122,0.8546389784261441
5635,5634,-0.17249691407202644,0.037602338889296115,1.309439472556987
5636,5635,1.7468882038064921,-0.5319927239613434,-0.22768693359770698
5637,5636,-1.6073619059304942,0.16365585518087705,-2.3650076901492527
5638,5637,-1.202119442956866,-0.5201950466932886,-5.3090322966417
5639,5638,-1.0235941403252233,-0.6731841728644956,0.33728975647590387
5640,5639,0.43042594280467794,-0.7321832993835297,1.3248242862754667
5641,5640,3.3913818733645167,0.5983911541464902,-0.2262372768742794
5642,5641,2.1491932457831306,-0.9106690681535482,7.995758567372856
5643,5642,0.8655792539588105,-1.3566012846926376,-2.15354366526579
5644,5643,-0.5273378081236084,-0.5786715093335113,-2.37910346361832
5645,5644,2.355564182845509,-0.9547183137744104,-2.541049416528944
5646,5645,-0.8966140457288068,1.7560910449380747,3.670988432400777
5647,5646,1.5456234457644225,0.3673468109251067,6.631684948961305
5648,5647,-2.4035500947634296,-1.422394350136652,2.9612140739491126
5649,5648,0.5929035419561534,-0.80780033703537,-0.44362135602398356
5650,5649,0.3532495855994818,-0.08037893331184134,4.06285620048665
5651,5650,0.5936384800740286,-1.6057528444875389,-1.994166383908118
5652,5651,1.5988220726922555,0.5309157299306342,3.8016496128789283
5653,5652,1.1829686619010922,-0.4550648751687623,1.5895746654682514
5654,5653,-1.6357889070555764,-0.3559314151023662,-1.6173417916369885
5655,5654,0.06073355395194944,0.5695179388523667,6.728340672794581
5656,5655,0.17396019503758628,0.15073897325066965,1.7494252681414724
5657,5656,0.7460405620763686,0.4718989496582651,5.841416520116896
5658,5657,-1.64978761993241,0.05411055537151761,-8.860349730548014
5659,5658,-0.8152861118735134,-0.5327191923272632,9.202213901215584
5660,5659,-0.7350960443365208,-1.1864762328852876,-0.17718044460437243
5661,5660,0.09122251193925802,0.15038865102058266,4.323401190832277
5662,5661,1.8666146367284362,1.2911874924739437,0.9434292615273017
5663,5662,0.7688390932079752,-0.11264877608693977,-5.852333014995806
5664,5663,-0.4950069622704813,-0.06324860410265692,1.961832211320436
5665,5664,-2.708021138359716,-0.6339733787986582,-0.26209887280151856
5666,5665,0.8930097104306804,0.3264516699026539,0.9806027087567932
5667,5666,0.7361102825004741,-1.3812955217843166,-4.000174713283322
5668,5667,-0.8306177199128245,-0.3740677971228774,1.4312668139769937
5669,5668,0.3365481889989373,1.3690698094202947,-1.712198253340593
5670,5669,0.9000572025747525,0.8635515342946679,-2.949010140023833
5671,5670,-0.874754458107249,-1.9886843703583135,-0.4387750481566036
5672,5671,0.4560035099246695,1.2925668177199647,2.2210579078496737
5673,5672,-0.26516731337463123,0.17655059992901184,1.1100491521975269
5674,5673,-1.1294667103674754,1.564797067912358,1.0112827689007677
5675,5674,-0.5503699311165166,-0.38309509255081053,-2.01799846501634
5676,5675,0.8823649490386305,-0.5194067895540808,-2.5859967868556755
5677,5676,-1.2935952730124485,-0.9248315435230443,-0.5140923897200906
5678,5677,0.2128856718076866,0.18142627956689453,-0.8413524159510031
5679,5678,-0.4405952957066528,-0.7274931356275472,-0.08928891826556584
5680,5679,0.6350350752831133,1.3884989462805173,1.3486595218054267
5681,5680,1.1831096937418157,-1.206071319164772,-0.7687340394977449
5682,5681,1.6225119731537867,0.37499562845004736,-4.764087957063751
5683,5682,0.6984833318343944,0.741127032995777,4.559346907611254
5684,5683,-1.0068423011720529,1.2194489705318636,-0.5225313885099788
5685,5684,1.3293597810750826,0.9835331776753509,2.3957673096865246
5686,5685,0.5703880449009465,0.640586791776796,0.6102675676568111
5687,5686,-1.8234541716829833,0.39413326951543964,2.1155593764503817
5688,5687,-1.6897942139152737,0.7695250427589289,-3.561910260086937
5689,5688,-0.26408807038887094,-0.5545536982222325,2.323985621217675
5690,5689,1.6299847810916033,-0.162212701709949,-1.1757190361898102
5691,5690,-1.9781767795844516,-1.1425844428646368,-2.06969527350595
5692,5691,0.3851834102840973,-0.778265319349563,-1.9819141539865577
5693,5692,0.009012789159204828,0.12590966295052508,3.3175470703382057
5694,5693,-0.6655647370219182,-0.3293482156437539,3.2486198378498057
5695,5694,-0.04805084552270453,-0.06796252065380019,-5.633110185050156
5696,5695,-1.047812958550727,-0.1500315023413245,-5.389052136595161
5697,5696,0.5867838063183601,1.2386438941287072,-1.1261679324810157
5698,5697,-0.4005378401804183,0.2897672493909208,0.04436765771005424
5699,5698,-0.0777402531027692,-0.2746804516659632,0.29096637081367605
5700,5699,-0.36942435036910465,-0.8920665875589243,0.011455185579127614
5701,5700,2.024634958014738,-1.241400267224609,4.876817393467192
5702,5701,0.0687469972723801,-0.37803844084216376,4.407947451844269
5703,5702,1.297437356413568,-0.09917332207405088,-1.0713574551718272
5704,5703,0.5174271031903076,-0.025226796269479507,-0.42987635896408394
5705,5704,-1.1729841943566461,0.537381935989428,4.607753885918323
5706,5705,0.6599288547911392,-1.3245519535768193,-3.4479520373037458
5707,5706,-0.47204411467768487,-2.233807891110605,-4.771103421585276
5708,5707,-0.21977519172795465,0.2911932334666984,-1.6632842218003872
5709,5708,2.1740550937386875,-1.4784112907042377,6.679490396468969
5710,5709,-1.1314261758359543,-1.0084681889480347,-1.0154328775909374
5711,5710,0.6210375683924547,0.9567833683313679,6.691680399509588
5712,5711,-1.3974951597987795,-1.3163682772697016,-1.9137480512915173
5713,5712,-0.4036463277300251,-0.1315279541683519,-2.8951967036351514
5714,5713,0.5916319991545728,-0.1052371606849127,-6.1858830661364355
5715,5714,1.8640589800573322,-0.770660058050846,4.087835811889278
5716,5715,0.4892704931105946,1.3595198899771395,4.542708091389711
5717,5716,0.1878728318137905,-1.0043679877149525,-0.20511477076603607
5718,5717,1.5462894885769614,-0.5151080192853278,2.192349467686822
5719,5718,0.7706387663544633,-0.12626004815792122,-2.9498734414466847
5720,5719,-1.3223302534466244,-1.900759515404032,-5.520859660139074
5721,5720,-0.6281763760011992,0.6809372326596389,6.383639669871963
5722,5721,0.7413965513047135,-0.11206500118405763,1.6389934339791554
5723,5722,1.1995762855517857,-0.6957173224017327,-2.3581936556937144
5724,5723,0.8299162042571363,-0.17053605881320377,-2.1732292443780907
5725,5724,-0.32873460453617714,-1.184381470218429,-4.3023358434905825
5726,5725,0.14076167177957236,-0.21736811467775388,1.1820414296588595
5727,5726,0.4793488262345638,-0.6664026008634775,5.878629500810548
5728,5727,1.5677031814962967,0.8637753915267761,6.421252580095071
5729,5728,0.6718515603641686,-0.44949458347893484,-0.4141598961176298
5730,5729,0.23597638651728553,0.7069467172906853,2.0086779149881204
5731,5730,-0.7960706632545136,-0.4931416153628783,0.5960545517575229
5732,5731,-0.9610007989613935,1.625966045250973,-0.9584562720010072
5733,5732,0.16705195323485547,0.6936487859326246,-3.5658823027167483
5734,5733,-1.0222091215206586,-0.5663219804292108,-3.0072836300560986
5735,5734,-0.7882257480755981,-1.1696920779479045,-0.10658187924488957
5736,5735,0.7500136795029758,0.7473567334708753,-3.4863170593201653
5737,5736,0.3430055421251051,-0.6455329057087842,1.9604817367736527
5738,5737,-0.6905844302590471,0.43477289300268757,-1.692650054635654
5739,5738,-1.545983896640331,-0.442456389667079,-0.618906657682582
5740,5739,-1.1701503130866562,-0.19958714434781094,0.578696381318576
5741,5740,0.1165641910539546,0.6476950496082413,-4.218645786251459
5742,5741,-0.25148914786994975,-1.3528787214451976,-2.061535965397966
5743,5742,-0.5734701000879071,0.3977854898576422,-3.297475325380042
5744,5743,0.1404781871562546,-0.280737864300889,-3.225661632278141
5745,5744,0.32924217689051494,0.21122843224075072,0.31450544100660394
5746,5745,0.49980721643244624,-0.6033641874055554,-0.04200252858338036
5747,5746,-2.296930528048987,0.8993168815741442,-2.0808194431244598
5748,5747,-0.2520992328782509,1.2887097338715385,-1.5263494871759744
5749,5748,-0.6000813843768708,1.6979255374969338,2.7289174260628255
5750,5749,-0.21298758087407169,0.07670855044930716,-1.8447511629064208
5751,5750,1.227193241182807,-0.6137201789936245,1.0208817252708187
5752,5751,0.09224773423559962,-1.0921751131145248,3.452063292021425
5753,5752,-0.5475551293893539,-1.7898664969154237,-0.4921524944356328
5754,5753,0.3844609519523187,2.3068543837022575,-0.3540656424023534
5755,5754,1.3267177333956095,0.365920018200843,-1.1965013393661295
5756,5755,-0.47354075449061406,1.343979964054604,-3.5076061761240465
5757,5756,1.9356971610157492,-0.5523746673509011,2.481227351764631
5758,5757,-1.1919724691759088,-0.1924576223781011,1.0197873564429694
5759,5758,1.6380797102770852,0.08487893250651755,5.890923029046799
5760,5759,-1.0197110070242994,1.072270839161992,4.3390624333145995
5761,5760,0.18550584605673867,-0.8079385667992484,-2.036778499086907
5762,5761,1.9470895806847996,0.6174200479412293,1.1770073475654892
5763,5762,0.060883831359661016,1.2113094569302116,-0.3493105352775614
5764,5763,0.36133092524124627,1.8312639658390988,5.740660470770005
5765,5764,-0.43348859891600544,-0.5599280007775468,-1.4004390298868334
5766,5765,-0.31173270985702645,-0.36217807329570073,3.042855464473962
5767,5766,-0.9160159667843221,-0.5116635021657331,2.0991198771855224
5768,5767,0.5264944442142369,2.0503850833923054,4.928110973232516
5769,5768,-0.7916675714118767,0.4311230531583918,-0.22759393105146408
5770,5769,-0.7540512877269462,-0.21314805937750494,3.5038642584611615
5771,5770,-0.879776313423765,-0.36778863193711925,-2.5169298061600047
5772,5771,0.9449603755041541,2.5697512218272496,-0.3946195510072852
5773,5772,1.3219739125107615,-0.2950971711670967,0.9582324281003481
5774,5773,0.015629239341078724,0.7099309197256677,0.45292149306070106
5775,5774,0.843395347271617,-0.8753485922542698,-1.058976916890205
5776,5775,0.650151448365394,-0.3726666488470504,-7.547621566196699
5777,5776,1.3664314177017884,-0.3800908962707315,1.9911227586470803
5778,5777,1.8501231704445569,-0.08389677575656845,1.6161695479437865
5779,5778,-1.4816907542911386,-0.4126637748245163,-1.8484266087743664
5780,5779,-1.1474003030623536,-1.1285370213195751,-2.408242727453163
5781,5780,-0.11943395875220919,-1.667875793668444,-3.8234888744994713
5782,5781,0.13583212540663656,-0.4713219241188788,0.6789699182912361
5783,5782,1.5295641752004538,-1.512207261538625,-1.7223809232196148
5784,5783,-0.8438918692691862,-0.7500941413173625,-2.0857422726241968
5785,5784,-0.3766429194292884,-0.0802056820099398,1.2123223134172472
5786,5785,0.4990320982041647,1.7162777058079959,1.4404071848144877
5787,5786,0.06861070840987445,-0.16751394976365072,-0.527300251058727
5788,5787,0.650106339365713,-1.558579092402451,-2.040528110319288
5789,5788,-1.4676253353998676,-0.22925883107703043,1.6798508471004694
5790,5789,2.289006662994517,1.0440996024202152,2.5317391729037078
5791,5790,-0.5661252007413403,-0.9857716425740604,4.484574996108339
5792,5791,1.6495435699678291,0.15545239837227265,2.3213636751963267
5793,5792,-0.13201487502193854,-1.021433563735193,-3.0064729211076338
5794,5793,-0.8026486675851349,0.6733771859647374,-3.5641624138092167
5795,5794,-0.2445860985928143,0.3037288763895204,3.538770927024916
5796,5795,0.5464994592142781,0.03691146227465466,3.692924205007878
5797,5796,-1.4959411484526817,-0.2943028119794202,2.2388930025075258
5798,5797,1.2777931385142538,-1.070750228516021,0.9978286931780627
5799,5798,-0.43631779655986885,0.07253974691768286,1.1042243744129732
5800,5799,-0.19101617854346062,0.14611775386960438,2.9763712339416184
5801,5800,0.4952306305484305,-0.381648339862858,-1.263961443734201
5802,5801,0.37519736173633983,0.17595371578494987,-2.562464573308152
5803,5802,-0.09248903636255339,-1.0101947027864289,4.579070155692648
5804,5803,1.2347254832703696,0.03453272545956998,0.923738924499645
5805,5804,0.43949586709155747,-0.6898470532721758,-5.542936848883183
5806,5805,0.06620644434816048,0.2785513998011139,0.03435458813436326
5807,5806,0.4170519586234912,1.0402429055877174,-1.0482400646782084
5808,5807,0.12115496023782765,1.0255063872873946,4.410152757200656
5809,5808,0.8935747945626301,1.7890439106044347,1.9642250705474231
5810,5809,-0.15494731624598015,-1.752236385252143,0.9093342182260158
5811,5810,-0.46945620168229824,1.2117998718740834,5.3744091173795985
5812,5811,0.2803234042810328,-0.901138463816538,-4.92540233458789
5813,5812,1.691230134935082,-1.1585784443546048,0.1829976071574036
5814,5813,-0.2065060830838309,-0.10120998303056658,-2.287055317643073
5815,5814,-1.7470001767474768,-1.0843472589278003,0.18143492997776478
5816,5815,-0.4256821624996182,0.5954856839762541,1.166227374398864
5817,5816,-0.6217770653361419,0.6128523833724276,0.8957237090337478
5818,5817,-0.16458299778617014,0.5155839424325767,-5.496869888045561
5819,5818,1.1848525989346546,0.4566382257394849,-0.6540920064675144
5820,5819,-2.842981311133536,1.8675120831651895,0.5673851149116149
5821,5820,-1.5181583540783028,0.3453123406838884,-2.749891863169024
5822,5821,0.5255036741668346,-0.4126697817343992,2.1302383137355276
5823,5822,2.1495584684130677,1.4142733619561252,3.2785393426503835
5824,5823,0.03846750693443022,0.19215846531536687,-6.626240205451592
5825,5824,-0.6709746323311347,1.0781097352886355,-6.011350337653825
5826,5825,-0.20167377645832354,1.0948055927564373,2.4027383419537602
5827,5826,-0.496013601301544,1.5216105132466657,0.5669035819015686
5828,5827,-1.24709657792891,1.3543546613141892,2.4910484968086837
5829,5828,0.20369851822140445,-1.7275336323516628,-5.69825950380095
5830,5829,-0.7571870000532518,1.27034468552953,-0.09023990819496763
5831,5830,-1.6068538949047997,-0.8274280023421626,-2.2188386811198013
5832,5831,1.3658504278470769,0.5083781968853955,1.7073670700877586
5833,5832,0.020940085057299246,0.831739137101178,7.838734232256941
5834,5833,0.4132027905257957,-1.160718112186363,0.35084985705610094
5835,5834,1.212377766930946,1.1506659593156618,0.2793781703111833
5836,5835,-0.2043641752341686,0.420634428387061,2.3191449088398026
5837,5836,2.228538207140093,-0.660962628498994,2.1439554309742195
5838,5837,0.15847653199636683,0.18019294662312732,-1.3559124928667627
5839,5838,0.29667569105795416,-0.861974465825864,1.380446578270735
5840,5839,0.22591035054494626,-0.9503340348747868,-2.7891426351144557
5841,5840,-0.7817856237429609,-0.3506014315371371,-1.8066436899752718
5842,5841,0.31412854333151674,1.541607950162471,-0.14654521857826408
5843,5842,0.09457354622500815,-1.4941746715808886,-3.4130873601688156
5844,5843,1.318083573100597,-0.5306759250873211,0.984527462787407
5845,5844,-0.5383768102006388,0.5182999380981029,0.8566088352044632
5846,5845,-2.544560349687437,-1.615372216469164,-4.686332164215051
5847,5846,1.2965850016432874,0.44614818876579887,1.406367281621736
5848,5847,-1.2272212238391336,-1.4206430325490629,0.4075975795657063
5849,5848,-0.45003928920085956,-0.349704499935926,-6.586649032244404
5850,5849,0.3794867921462517,1.1277207899012427,1.0588715137431437
5851,5850,2.270264960712056,0.5705032598932137,-2.2283233869659105
5852,5851,0.8617499728815319,0.8646339099231232,4.105659172885434
5853,5852,-0.9325499751551679,0.9700123260116668,-3.0363958695929822
5854,5853,1.283727348882495,0.4185083508921976,-2.4955671556819445
5855,5854,-0.011150170257991155,-0.33404081871837454,0.2538392554294778
5856,5855,0.929377408443098,0.6632720294745394,10.360964335521526
5857,5856,-1.6611306502396634,0.28140490305951305,0.991603995869619
5858,5857,-0.9183226971164951,0.7610050346301132,2.3337736525439166
5859,5858,-0.9270599113171145,-0.9830212907549433,-2.145514625029147
5860,5859,1.895573649064957,0.21367797850962128,2.5282271318405205
5861,5860,1.8514352050937966,0.9882053552871094,-2.3685665168687136
5862,5861,1.8368346596724507,0.8751265845092732,4.193260063541092
5863,5862,-0.1671063318535851,-0.6047452061200398,-1.3342933714984435
5864,5863,0.22878182296535693,-0.5072160827495676,4.688047589258205
5865,5864,-0.5382704127924803,0.7246040325325511,1.3057653900338746
5866,5865,1.2297212865483942,1.7606896724824963,6.235600044457028
5867,5866,0.9088326647716746,1.0473487572351419,2.417162340510176
5868,5867,-0.19687736626833008,-1.1012625173158115,-0.9988761801417217
5869,5868,1.9856254198880208,0.5657624702730448,4.918038599646276
5870,5869,-0.28542854659291694,-1.728713925406374,-1.1376299192808246
5871,5870,0.12719960069499428,0.6215603870473498,4.227494275828425
5872,5871,-0.5088853132410713,0.5349972669658146,1.043599128107053
5873,5872,0.9618613164675396,-0.8780305837167124,0.5907118086717056
5874,5873,1.3313766014139288,-0.6679819328499464,1.659249310821795
5875,5874,-0.4242231843541613,-1.0819858116247887,-1.1424717871632963
5876,5875,-0.7892792847771974,0.45556814852971855,-4.801679580539519
5877,5876,-0.1682753472214257,-1.7406451752000311,1.8762194643520054
5878,5877,0.13248708665467282,1.3609014940276762,1.0844817752868485
5879,5878,-0.054614300652075135,0.45560726125700013,-0.8046684325089508
5880,5879,1.0112509774696499,-0.06840388385957347,6.139537606117227
5881,5880,0.3753741303419585,-0.07560026665517468,5.676380269560185
5882,5881,-1.1186836482368976,0.3824460046166031,0.12744952689135314
5883,5882,1.9158306758458883,-0.352277069982442,0.9253925563194414
5884,5883,-1.050399215357071,1.2886826067253543,-2.8941675406972083
5885,5884,-0.5113462196952792,0.03367793492717822,-0.9230579672266732
5886,5885,-0.7468787392512931,-0.6106809397184577,-4.037804024342094
5887,5886,1.8118026728718708,-0.3831502769955724,5.235763375880366
5888,5887,-0.603804887941015,-0.18186619549531866,-0.9518994599480939
5889,5888,0.6213311300677447,0.7080782368764009,3.8398288144868973
5890,5889,-1.0673200003724594,-0.6509920036191038,-4.5264619853374235
5891,5890,-0.9314884101133046,2.0555174266847844,-3.134152820749319
5892,5891,-2.7562017767230134,0.903716033786378,-1.1156494304720694
5893,5892,-0.8675646425169127,-1.0075683247655662,-3.3484415425822305
5894,5893,1.2441821154784192,0.6177637833969947,1.9920948797338403
5895,5894,1.0751749263185,0.4269823114282894,3.009584640066514
5896,5895,0.4495634862740432,0.6160075791257464,2.5774334879554
5897,5896,1.8323095582046534,-0.9297543616473573,1.92097955915175
5898,5897,-1.1323156463810575,-0.936357124579388,3.940928930344834
5899,5898,1.211693678501307,-0.006865408004313368,-1.0060628608732944
5900,5899,0.38642791600797194,-0.482435483989995,-2.5356544288327387
5901,5900,-1.0802354821102158,0.40787000261845435,1.200787755388497
5902,5901,-1.232233002104754,-0.302133650490748,1.7418033025853967
5903,5902,0.6579823808984874,-0.6513932780491029,0.3875050313682238
5904,5903,1.162207003000077,1.0031673650082722,0.9124308076833895
5905,5904,-0.25439893624076154,-0.24278289180947815,-4.349802371581958
5906,5905,1.7324910606226716,-0.11967844682896257,1.2342375807829895
5907,5906,-0.5539664618066585,1.283967372077798,-1.8376602752288551
5908,5907,0.4546445739318408,-0.14196493643780655,1.467860681698256
5909,5908,-1.611602001959931,1.889725609131682,4.2884329756415775
5910,5909,0.3366100839751307,-0.3397113640293828,-1.7033540776765512
5911,5910,-1.2754470495302908,-1.5393641267528675,-3.060599894167518
5912,5911,-1.2618913958064046,-2.21405018457472,-5.620572014269322
5913,5912,0.45073820007300547,1.547407507352253,5.518776556772273
5914,5913,-1.0000053532990276,0.13146473278949988,-0.2888431482327758
5915,5914,-0.47549958725679736,-0.24996429647018045,-1.9011052190909035
5916,5915,0.37079835817938234,-0.09365295933758881,0.24228089957183252
5917,5916,-1.5568810888994935,-0.23065352758421961,1.3622648304503775
5918,5917,0.024263128313891602,-0.5175292942856402,1.9849538845991423
5919,5918,0.9658074637927898,0.7754624733636826,1.9652945809190645
5920,5919,0.5401346912749526,0.6590299339889681,7.357396436230397
5921,5920,0.28130111512211603,-1.0741392701361372,-6.842447446890858
5922,5921,-0.8416769003650388,-0.9131674970763396,0.1805666405391877
5923,5922,-0.19884902806753751,0.5958075489609772,5.923012082219694
5924,5923,0.9867968417744227,-0.3332498006189966,2.643062865888931
5925,5924,0.09069289415514192,-0.42645809785324307,-5.654146387738414
5926,5925,-0.8051452978624147,-1.9975220095818464,-1.466836718738914
5927,5926,1.9103454401018207,-0.5622773799680457,3.795595486110447
5928,5927,-0.48068873689256597,1.1523561975126884,-1.2141012597484653
5929,5928,-0.773683370052462,0.3251819638513693,-9.792203714458518
5930,5929,0.5535657427772244,1.4875716455103365,-1.9353642461889822
5931,5930,-0.23050298369429512,-0.025837631317751675,-1.6028021127897145
5932,5931,-0.04586575512010107,-0.7055673882259461,-2.4068113706169045
5933,5932,0.5098500144287851,-1.1252597785382255,0.1026277062630565
5934,5933,-0.00038204508018789427,-0.9921995752744669,-0.5675630373376329
5935,5934,2.091416194069326,-1.3697286881527233,1.1387732724866766
5936,5935,1.4533982440030202,0.22205522213084003,2.743983345177087
5937,5936,0.7442109541870118,-0.021375101003211754,-0.5686933465873433
5938,5937,0.3708196139197375,-0.8250637542217015,1.6648598932510372
5939,5938,1.550378851166961,1.5247455768610345,2.428869350481638
5940,5939,1.36946317768962,-1.3040862348594777,3.3799594856369986
5941,5940,-1.0280042648953158,1.2503538666444942,4.613654746978587
5942,5941,-1.9487548750282822,-0.3277284722477716,0.0500853286137386
5943,5942,0.8973438084021916,-1.7299759995824429,0.314300324227643
5944,5943,0.7988008009962755,-0.19853582402354375,1.4053478235607944
5945,5944,-0.8290848850197581,-1.4249282230928277,0.4998473705045951
5946,5945,-0.09712846143289935,0.062299593459542835,-0.38663247526546485
5947,5946,1.6617959375814928,0.6839158845889939,1.0915390805002514
5948,5947,-1.89131226376408,-0.07907660386446558,5.115190816498808
5949,5948,0.05017608851790604,-0.8891490534113923,-5.673733967339569
5950,5949,0.23970713037444333,1.1513344919164061,-4.83115058936659
5951,5950,-0.10996576392594806,-0.7386323482610477,3.2581337463164624
5952,5951,0.4456634446562703,0.2554001470491891,2.0635283759989154
5953,5952,0.36023133537401253,-0.7334756474614361,-3.0342362847088946
5954,5953,1.8705092978659326,-0.16736551950012687,1.1540493636554428
5955,5954,0.6147578563801174,0.6709186560574402,1.2012700495150237
5956,5955,-0.3483720415881795,-0.5793681007966739,-5.646935237309304
5957,5956,-2.4270158987559998,-0.039616295358951274,0.12085247338506233
5958,5957,2.1690014838494687,0.35302886047572707,-1.0431423613409407
5959,5958,0.6468109596948529,0.15143626295884602,4.583428748058496
5960,5959,1.1508773941148742,-0.36939312586451073,-1.6746792201628253
5961,5960,-1.0520500115946512,-0.0709204068642134,4.881748052741773
5962,5961,-0.7975202530279819,-0.3291195242066483,3.921750732375892
5963,5962,-0.8331531299363707,-0.34408342943872383,-6.96676607898381
5964,5963,-0.4638020997759462,-0.45432784769383655,3.086458264393823
5965,5964,1.1221922338465196,0.5523933654308594,-0.5303307053707195
5966,5965,-0.8349998774157128,1.6990839084852531,0.8690584865864579
5967,5966,0.8668314515604227,0.36452306594893086,1.7792073813810059
5968,5967,1.0450838749193523,-1.590428877833117,-0.5630904511631867
5969,5968,0.4500499379182739,-0.3790941219568474,-1.4372792235447
5970,5969,0.6772397183980438,0.343228511014686,-0.432471378941487
5971,5970,-0.29602143708663636,-1.2804316151924782,-1.5537306174824141
5972,5971,-1.7877118265372203,-0.7741829424865215,-4.4915271598798805
5973,5972,-0.9838047743236794,-0.8696397472331872,-0.78776980267698
5974,5973,-0.3169439092252786,-0.41919817971047646,-4.782848125363779
5975,5974,-0.3286981030522364,0.0544157253330642,-3.1609407807367593
5976,5975,0.3483965753483608,-0.3807639027074718,3.4968221387201694
5977,5976,0.5598293532542656,-0.5241374026507075,4.581322777813992
5978,5977,0.1328338148408473,-0.631702399086319,-0.3475245373911717
5979,5978,0.17111022098745057,-1.1223635217889452,1.5844410319947055
5980,5979,0.33613204923250056,-1.316669437812488,-0.9863365044593346
5981,5980,-0.32814882317786126,1.3017016123719356,-0.21075814177386568
5982,5981,-1.538935736832195,-0.06259640816180032,6.009791496354115
5983,5982,1.8522956672701034,-0.09622284064317362,-2.493161717427943
5984,5983,-0.32882047450174456,-0.6460230048346005,-3.8585330849790194
5985,5984,-1.5109325412780605,0.25971953728554575,1.0549937279710107
5986,5985,0.709895908880882,-0.31953065590007934,4.380797376382482
5987,5986,-0.15539693876007,-0.08177925727132722,-0.24776912051818634
5988,5987,-0.41334750677292326,1.405598696635503,-0.1517074372909406
5989,5988,1.0311752362951652,-0.00029312850928096324,-3.8448849063399884
5990,5989,-0.1392830135169063,-0.41633752789808026,-1.3807287906771606
5991,5990,-1.3847671353284305,-0.1237364587063552,0.5581470929066805
5992,5991,1.085946333417706,-0.37193623166139916,-0.17685519477593692
5993,5992,1.1313592172287132,0.929875052491871,4.486813441996232
5994,5993,-0.3157760566154221,-0.9206669345486151,-1.5299015267304805
5995,5994,-0.9054207593879079,0.7454138820603384,-1.56778293513667
5996,5995,-0.6245370333804378,0.4193880331159589,-6.315184418984745
5997,5996,0.16567944351005265,0.9899626654029124,4.513339013286556
5998,5997,0.48898331702554704,0.1808936574204002,-3.239719267193574
5999,5998,-0.0842860064680286,-0.48666236898937454,-8.713977353867328
6000,5999,0.242720968864616,1.587951059938227,-2.388347506757954
6001,6000,-0.19965785899874597,0.26762033115583556,2.945604963967427
6002,6001,1.0371885786364847,0.1478445093100118,-2.964182265439346
6003,6002,-0.09958541806942607,0.8068162599494417,-0.02630441644767334
6004,6003,0.9976861792121159,-0.398105634049476,1.22953219057964
6005,6004,2.2377049426850144,-0.8598634680202399,-0.20987723137236702
6006,6005,-0.09459590567698517,-0.3912490038134878,-1.656154976183319
6007,6006,0.03560871525719009,0.14991380949499974,1.094050072320036
6008,6007,1.7281533904714996,0.4116776678339833,2.021599386952529
6009,6008,-0.48181453566119287,-1.5395134090550102,-3.1294916573377067
6010,6009,2.0748310564866124,0.27855476189991724,0.834141075791746
6011,6010,-1.6519275879940978,-0.6173416199177859,-5.979130971996365
6012,6011,0.07124880690586585,-2.19094789816258,-3.070246478750724
6013,6012,-0.1999170253309381,-0.4993319471971631,-2.394496424894215
6014,6013,0.5263218670740151,-0.8044007279502122,0.7811222942978016
6015,6014,-2.8345086746277617,1.4994376328207744,-1.3494495380605867
6016,6015,0.5485697903429874,1.416041934827541,0.10170404371372554
6017,6016,0.12327562589113887,-0.943723467558604,-4.006651090831821
6018,6017,0.339409918785574,0.8563827559133795,6.120110670636271
6019,6018,-1.5286002224037207,0.8283719151601724,1.7704484303070762
6020,6019,1.606377082026408,0.7843324150419599,4.940681669624807
6021,6020,0.27479913306696796,-0.598616914514081,-0.9263993718225045
6022,6021,-0.7044684531287231,-0.8016500363819873,-1.6520622618275747
6023,6022,-0.03220876729722972,0.10572303303634906,-3.4944160556794834
6024,6023,-1.2896971052846735,-0.9832088102267764,-4.269525152053159
6025,6024,1.277069854102436,-1.9278877597068365,-1.8090810215856628
6026,6025,0.7020098082400581,1.4343211482431684,-0.0007421565368033178
6027,6026,-0.4481169677015532,-0.29798531404801826,-1.7952731289148027
6028,6027,1.019691580392223,-0.37685308784032073,5.354412225545777
6029,6028,1.4462431980900687,0.5183059589652218,-1.184722766926954
6030,6029,-0.16190198608694226,-1.3002450268363395,1.431618928211741
6031,6030,-0.997867207645195,1.0800623878196096,-2.4074486897560727
6032,6031,-1.068128986938343,-0.19751266555966465,-5.954905633154363
6033,6032,0.6423785018772601,1.006838238940724,1.9287266542600092
6034,6033,0.20948347283426105,1.5846851274746818,6.159585303551518
6035,6034,0.37164260313055614,-0.8321223650193016,-0.6603570225682409
6036,6035,-1.4010072422959923,-0.6277537589952528,0.20541278599728607
6037,6036,-1.545238168915888,1.1660904269278562,2.337719718884915
6038,6037,-0.593397211962283,-0.2296025066760253,0.02062755656132831
6039,6038,-1.8195340678135676,-0.0825686199625902,-2.6717146463131343
6040,6039,-1.1075543596051447,-0.6909522442589434,-1.8584192923575062
6041,6040,1.0888327114197187,-0.45615333303457445,-0.8814684036214355
6042,6041,-0.0161235277055189,0.14865036746392632,-2.536510470288577
6043,6042,1.157114680602248,0.15384992146022106,1.441070439794582
6044,6043,0.9926981298414167,0.8502768372954568,1.6121162799088968
6045,6044,0.18530599762552322,-1.1401028567543285,-1.0370145031523736
6046,6045,0.5568645699742351,-1.3197109266130336,0.4224561099606732
6047,6046,-2.002232732612874,0.805020389300441,-3.8891789151264797
6048,6047,1.9673631481373193,0.5096983240997217,5.422789491485172
6049,6048,1.0447756655023777,-0.3719111504915537,1.7656405794522976
6050,6049,-0.8398082426852097,-1.8469402357774278,-4.786608754705169
6051,6050,0.7146543398262193,-0.4354075735934982,3.2599795444916366
6052,6051,0.22926422813026193,0.7462094718370107,1.4143413257431887
6053,6052,0.6207932303712028,-0.5539800236230884,-0.8825535468432073
6054,6053,0.04813750379669049,1.818478577480449,4.7159225880031475
6055,6054,-0.5937373312162976,-0.5037882175214881,2.0944421746539508
6056,6055,1.7079900928275704,0.06939612198282011,-0.8693874314706518
6057,6056,0.7242240087110965,0.4519862112305812,7.316213385569957
6058,6057,0.6104502323864496,0.9433481499804753,-4.530499516755545
6059,6058,1.5227121067191547,0.9351777960071181,4.369908175892623
6060,6059,1.4419259989896405,-3.572503880206539,-1.4386038718345373
6061,6060,0.10256258366042195,1.4370319661568047,-0.912932853904855
6062,6061,-0.3438591009156829,0.5302784765746873,3.686488609617267
6063,6062,-0.5905038497516805,1.5226161242719274,0.012510538727479759
6064,6063,-0.7486450137017086,0.6121365475758809,-2.0255966799028826
6065,6064,1.19108351873234,-0.6444636437842457,0.8445048226440159
6066,6065,-2.132849421718548,-1.264860995684409,-4.9180346921749605
6067,6066,-0.6820597386899808,0.059460795675533765,1.8731812801512038
6068,6067,-0.05713721223833232,1.156145522056286,2.0399879050734224
6069,6068,0.11417901431094742,-1.397664304962191,-0.990925689723553
6070,6069,0.07060550106641725,-3.0683190310519617,-2.794018726736711
6071,6070,-0.777398153644533,0.8930583269697218,0.14914202309188562
6072,6071,-1.587775014633711,-0.5942625899629915,3.149897729845636
6073,6072,1.9308756444664552,-0.22123666507100648,4.059489236812753
6074,6073,0.3395491917203187,-1.5004917488061695,0.4984746390321614
6075,6074,-0.3155515387485105,0.7319324869467455,1.5424242231601253
6076,6075,1.9206541744887589,-0.9758160818245205,-2.26516294078517
6077,6076,0.09342272121116126,1.1761468973116411,-0.28073904657443643
6078,6077,-0.5633896769944396,-1.1973391698197104,-1.416965871708956
6079,6078,-1.3070822984825896,0.6065583264262013,1.0797890219245518
6080,6079,1.0761643325296175,-1.2287079079315855,3.1196329220127117
6081,6080,0.10796872591897727,1.2084362033170872,1.2189405593852032
6082,6081,1.7391513606635909,0.9942107288793587,2.3061148171456
6083,6082,0.6546581097837052,1.0011572380812221,-0.45394267147979195
6084,6083,-0.29975538400480894,-1.2750553837193144,-5.0475454417350045
6085,6084,0.6766156869766,-0.4299790399572802,0.38459217437639315
6086,6085,-0.12127440455160818,1.9345565904471467,1.7699669013118542
6087,6086,-0.485697755351923,-1.0664150087946687,2.644096627896082
6088,6087,0.24693252742091082,-2.0204208207544827,-1.672637737715572
6089,6088,1.5687905775289006,-0.9327300373676807,4.571973018424759
6090,6089,0.39057361274855595,-0.8727093548324982,-1.1066105938184898
6091,6090,-0.5786445327378135,0.6486319801164723,-4.209114466572503
6092,6091,-0.6048261313748605,0.3730922580966708,-0.6339077106701635
6093,6092,0.4857479152388662,0.8322534041515419,7.519584201834015
6094,6093,-1.0099680149509893,0.41407877692536127,-0.6715897444329149
6095,6094,-1.101898186698873,0.01107805873957442,-1.2194019628798565
6096,6095,0.2811374038302445,0.5804838109590276,1.1622196266827356
6097,6096,-0.8278345933301742,0.8506817546935262,0.5431433638060646
6098,6097,-1.1719704859242275,-0.3102344704614627,-7.596111539092211
6099,6098,0.6269318135543799,0.3747211231381446,7.569841059369533
6100,6099,0.1899563220465426,-0.06144126799538588,-0.669377375178668
6101,6100,0.5328726496133172,0.46955446188885414,4.951122745517661
6102,6101,-0.045752594416777315,1.6984668608105964,1.061877633256177
6103,6102,-0.26771637993977715,0.5605452748579351,-3.197242805483026
6104,6103,-0.32253136011160394,-2.827427878215427,0.4761755690167728
6105,6104,0.18434028506259115,-0.8343923036456613,2.144430861121999
6106,6105,1.9310549277667615,0.37177421345484263,4.346270801975184
6107,6106,-2.224034716287482,0.750163970190719,-4.386455133259469
6108,6107,-0.7092324186907706,-1.0733342779777542,-1.2728706177834246
6109,6108,1.0793438605455425,0.5354979630422075,3.291813278989239
6110,6109,-0.8283599175171507,-0.16008128304055658,-6.056375781432649
6111,6110,-0.29239868255821055,2.0912328939314575,1.4843785649720236
6112,6111,1.4886957899747253,-0.4154986449028384,1.2313143749500837
6113,6112,0.032938952952334496,-2.301895729719388,1.6823076555268743
6114,6113,-0.2005209953403298,-2.3052875646228888,1.958645207080658
6115,6114,-2.4625878891970006,-0.31090541731063853,-2.3443825854767724
6116,6115,-0.7840495377976049,-0.24513265543659266,-0.9195752508723172
6117,6116,-0.387489462434206,-2.4632079598693393,-0.9196889077835477
6118,6117,0.6762924890319411,-1.6985115690099122,0.3589935177831074
6119,6118,0.3303586720266421,-0.6000340966784081,1.678642696250333
6120,6119,-1.727503086677832,0.1933873254338383,-4.234974607525732
6121,6120,-1.3534269319082866,0.31505603983990227,0.9712094434819317
6122,6121,0.3275557868051436,-0.6796752201136093,-2.6666632631405576
6123,6122,-1.012659957729141,-0.748914943591703,-4.976074592528597
6124,6123,0.01343361296082483,2.6656311547380858,4.001940974306626
6125,6124,0.677036409589677,-0.5758251508103802,-0.7926874168015023
6126,6125,-0.2693629906705625,-1.777652263425688,-0.6286689726212626
6127,6126,-1.1399688612090355,0.5745475089666607,-0.6095773719762851
6128,6127,0.8551166587264402,-0.23906335121090644,3.6264922862195226
6129,6128,-0.6401548877203619,-0.030473834590720977,-2.909734905603937
6130,6129,0.8379087756462569,-0.7711337223833175,3.5673301809548255
6131,6130,-0.4112456761144749,0.39035592181242323,-0.07615809669717782
6132,6131,1.284289630857656,0.04176871215110446,-0.47127226251509097
6133,6132,1.728421139522756,-2.4951680791576583,-0.1883719687052957
6134,6133,-0.7037012770647285,0.8984222882693708,1.9233887515229307
6135,6134,-0.06670738694073404,-0.7556647447840372,-5.565348394699815
6136,6135,0.3573478717699618,-0.21489141866496253,-2.7009599730124254
6137,6136,-1.856171550313771,0.8799437753908829,-4.090425734040764
6138,6137,-1.4435019352321627,0.5272309145165295,-5.017359459688793
6139,6138,-1.093957271575726,-1.6515493512095654,2.1458786495263107
6140,6139,0.2691872055746132,1.2037727736804875,-1.9660997472170203
6141,6140,-1.804986084728055,-0.6367507352820402,-4.399843092505349
6142,6141,-1.309054659807955,0.14017399451193477,-4.162182034140566
6143,6142,1.2898192461763267,0.9303986598132946,-4.020672392760548
6144,6143,0.6764979129139457,0.8481506162627559,4.392875000239096
6145,6144,-0.9616087015947332,0.151548759477359,-7.582386457001617
6146,6145,-0.6682202937583077,-1.1412419752773537,-2.5304018784820714
6147,6146,-0.36309632454552093,0.49877458542170006,-0.16876193418447002
6148,6147,-0.4274134006098417,-0.7610617292200124,1.6311869630555687
6149,6148,-0.16165270972410511,0.7069685793819964,1.392475909401806
6150,6149,0.2613488258305358,-0.16669355175708894,2.50960474327311
6151,6150,0.4877056499745335,1.0996747964241989,3.7127890732319417
6152,6151,1.750436236508664,2.222201040054864,4.166124391857936
6153,6152,-1.8503739472390686,0.031852282753820425,-2.947319498669513
6154,6153,1.3664708247825605,-2.0002868127664315,0.6614996353727765
6155,6154,0.7264986244116353,-0.4229426954945231,2.9579268543511263
6156,6155,0.6453462008109347,0.2714522310425746,5.682893211689849
6157,6156,-0.500873324549763,2.7549373690135326,4.005788234706168
6158,6157,-0.35180278656557734,0.7200397229302286,1.8672542485486054
6159,6158,0.6984031804295743,0.7403377764839347,0.6566151990907615
6160,6159,0.4278515989977572,0.2751891730389123,-0.6019466294449881
6161,6160,0.457659801366409,0.25027844247251174,-4.225685787047377
6162,6161,-0.5789631060541055,-0.05994640442536049,-3.292053751336555
6163,6162,0.13859076150358332,1.5039625595042023,-2.988576674498165
6164,6163,-0.889694779317129,-0.34965718790292166,-0.2678997371477432
6165,6164,0.20817205056482646,0.640862182986944,0.8686404439379053
6166,6165,0.5629213982553098,1.4501610003464311,2.2739076999642793
6167,6166,-1.161110135270438,-0.4958902034983356,-1.5181725227110119
6168,6167,0.16501574706925184,-0.5711994584241609,0.2202936691850124
6169,6168,-0.013582485320345006,-0.16542555005437073,0.5269364753753513
6170,6169,0.7616793636293603,-1.1908749351745869,3.394218397056136
6171,6170,-0.9918086802654502,-0.6092542985464077,-0.8049389221848429
6172,6171,0.39034327462339785,0.9824427260952117,1.6096119697486082
6173,6172,-0.07979120090391639,0.10270906965713145,-2.7078485289545884
6174,6173,1.1786380064443431,-0.7278627035205757,2.9897233029727426
6175,6174,-0.3743113062193736,-0.8100174086805584,-2.7444236466783174
6176,6175,-0.18000141553861085,-0.3898009520995215,2.4664026366355114
6177,6176,0.26704663194261274,0.7035605734275027,0.8008145687860269
6178,6177,-1.6676743395970588,0.9758257682899482,-1.7321223967208281
6179,6178,-0.6934576397735519,0.7653531795268539,9.37437936596795
6180,6179,0.19926719838509907,-1.12173469563543,2.60035970195072
6181,6180,-0.5400763924727767,1.6025165198458176,-0.49401161452318443
6182,6181,-0.6855222784265503,-1.0058296536956004,-7.5509825114515685
6183,6182,1.0577332965355801,-1.0255498754023484,1.3744298889840567
6184,6183,-0.1364935273507059,-0.42776243374313205,4.2571070786438625
6185,6184,-0.6579256544745776,-0.7637737040367042,-1.7079252802642269
6186,6185,0.24385696990150096,2.4690704432689157,-2.079086009798183
6187,6186,-2.020490572381014,-0.08978505464578071,-0.7559248730540536
6188,6187,0.9778720046365489,0.2102530981968856,1.545480617109862
6189,6188,-2.099476183517168,1.0081393361607769,-2.0942572165829283
6190,6189,1.231033489020594,1.3092230642926073,4.316147680901735
6191,6190,-0.8078125522349258,0.7244056294061206,0.4151937340611049
6192,6191,-0.1159212364440764,0.5637463719191739,1.710271593815031
6193,6192,-0.29420775415683076,0.052336279888277895,-1.286065706600378
6194,6193,1.1296888316724794,-0.80295964852092,-1.3229464014469885
6195,6194,-0.6700716257943267,-0.8453002733673904,0.42368971486020435
6196,6195,-1.018153785236424,1.9736429684463839,2.3808162153805985
6197,6196,0.4109540608830414,0.5072911367407135,0.8947077486138133
6198,6197,1.5727839197005002,0.00018890383457979552,3.6532175821977044
6199,6198,1.717199872379041,-1.3984257378624252,3.1852847624835974
6200,6199,-0.03108885081501861,0.9266674593295837,-0.5748499764074648
6201,6200,0.30280728391822703,-0.14723791867788974,-0.12607048943837496
6202,6201,-0.45219463615726374,-1.6562413872633008,0.5569366311352969
6203,6202,0.713261355200276,0.4612936563447127,3.742323057430319
6204,6203,-0.9069553005790815,0.39346239297393765,5.379828916302738
6205,6204,0.7630130659116998,-0.0851991708152179,-1.2122494128072336
6206,6205,1.561020868055203,0.19166037505791397,0.5473957414454661
6207,6206,-0.7921390945666961,-1.2558345803700883,-4.014011727002214
6208,6207,-0.45359604142627036,-0.2217627096757194,-8.664123528215889
6209,6208,-0.6495757097575969,1.0176655357484854,2.023806951791277
6210,6209,-0.7072444381697537,-0.5438830659721675,-2.3826192969159767
6211,6210,-1.0836066401475237,-0.6912658567880013,-1.1804760739040223
6212,6211,1.9084843981679016,1.5105585941693664,-1.6971349240584577
6213,6212,0.648643335272471,0.9309857022841588,-2.2889446479018987
6214,6213,-0.11425905953016599,1.6441539285444478,1.5587516331164795
6215,6214,-1.846668714209351,-1.4973935961990528,-3.5396184287271613
6216,6215,1.8957504746919462,0.47461568810997834,1.1000176633128131
6217,6216,-0.2167887670576881,0.5068041973207789,1.3020410476215778
6218,6217,0.21079620462881055,-3.738620225688238,-0.6230362789462769
6219,6218,0.32315706678334216,-0.44830764770069614,-0.8369908923163176
6220,6219,-0.6370141188577112,-0.2071570426975854,-1.3438916303189183
6221,6220,-1.5790314489334352,-0.6352755070046274,-5.506062493358783
6222,6221,-1.3385851749826645,-1.2915781370461372,-5.536117846660448
6223,6222,1.2593066503924237,2.404028877113126,6.407695239832434
6224,6223,0.15665608017927007,1.326027753138441,2.683142090193451
6225,6224,0.09472156550252095,-1.0700837913476948,-3.7548001445338755
6226,6225,-0.2755135320982539,-0.8182299869143732,-0.9303448590333624
6227,6226,0.35949083590982694,0.28828761901679817,1.3976787874304848
6228,6227,-0.36673926059705614,0.8230921358805975,-5.048267674364621
6229,6228,1.3696751497410327,-1.57994242351462,4.99305398461275
6230,6229,0.040425215762503325,0.1768114070902314,2.9328665737504562
6231,6230,0.8739612706364637,0.16897766388582608,-3.1494979051098855
6232,6231,-0.47868667343138516,-0.2125005258671155,-2.1003220440121564
6233,6232,-0.02281475048522331,0.05648972236599374,-3.3636730791158165
6234,6233,0.9397288696408898,1.3611902317050704,-2.2506339784256837
6235,6234,0.6183122933530286,1.4319426320947817,1.2757010047030732
6236,6235,-0.27005073919502487,-1.0108563223483547,-2.155266529182354
6237,6236,-0.23810329003544653,-0.7744682063983794,-3.118783941823212
6238,6237,1.4177126674910412,0.688069893416876,3.9633129765239983
6239,6238,0.7607271370273594,-0.6890242104799447,-5.107100566241382
6240,6239,-0.9524034005694986,-0.82264024848933,1.7570048090920651
6241,6240,1.2694491222074717,0.28514681553724475,2.9679493584319916
6242,6241,0.6188173097410635,-0.798580492094709,-3.214137084445562
6243,6242,0.39281582667237674,-1.7734550775553595,-2.5486741007207048
6244,6243,-0.048510949087988565,0.05442645879390272,1.1815212440397205
6245,6244,-2.0906448799988664,1.7806053406144733,-1.8274899387983723
6246,6245,0.34018974707080235,-1.3787452018976563,-7.4244804899296755
6247,6246,0.07453106624430753,-1.7940599569820137,-3.503469360856591
6248,6247,-0.4612686537041208,0.9604102016251904,0.8883911008010692
6249,6248,1.4564217500835144,0.332904590619018,-0.25756416472732796
6250,6249,-0.7426363106043803,1.1425369169084887,-1.127139414044235
6251,6250,0.5664769420115832,-1.026449776514957,-4.109562412082955
6252,6251,-0.6669165553214352,-0.1880509335940801,1.2133642528501394
6253,6252,-0.5263579103900883,-0.3056501491540835,-1.0123177663855474
6254,6253,-1.4228178739751385,0.18834836063217147,-1.0756589853469176
6255,6254,-0.6201422906579271,-2.1295677391069274,-1.9309100072092882
6256,6255,-0.414788537725783,-1.0076107020932674,-6.335653902547244
6257,6256,-1.0627234650023736,-0.4163764682591222,-3.9878573587718416
6258,6257,0.21439259520034437,0.8913321334933045,-0.08184957869472442
6259,6258,-1.04912678926901,0.11905478276475309,1.9931414008288255
6260,6259,0.1574080323905141,-0.26174310332928535,-3.3606608466707844
6261,6260,0.31386720314808214,-0.3231899950405454,-0.0772347592534599
6262,6261,-0.19010517453163342,-0.8525341411123444,0.021080320109001627
6263,6262,0.87708131111466,-0.48311752790551915,1.0159558786091867
6264,6263,-0.01061231285693771,0.0539642422127491,-0.15678162649425004
6265,6264,1.2712354129384325,0.6369998947833055,2.9997546276706912
6266,6265,0.1858953252927198,0.7295525831435373,0.6882920552421082
6267,6266,0.8917059573089393,0.36076002648036226,-0.16585359040620415
6268,6267,0.08346237787059198,0.1018643465076032,0.2782963875399591
6269,6268,-0.34905299008401897,0.9674697248398628,3.6268006656224974
6270,6269,-0.9392902951313893,-2.1045132827049082,-2.9528480593101527
6271,6270,-1.3751230327456572,1.9779268902340876,5.35992386420582
6272,6271,1.8400828640048366,0.33630692451668326,3.2026015924718685
6273,6272,1.498291625443475,-1.408892472792407,-2.7787736480724785
6274,6273,1.2702592864300248,1.4709911480027336,1.9766668024334508
6275,6274,-0.9824581744438077,-1.2777819951951979,-1.444450402511397
6276,6275,-0.2164096711476582,2.2831019460374606,-1.8637279238827116
6277,6276,-1.0972076665215518,-0.10475135533113483,0.14805866549800428
6278,6277,-0.01512878487331439,0.765132909012092,0.05305735469721995
6279,6278,0.8198354556584798,-0.5390966076462,-0.24154085422900323
6280,6279,-0.47546210701740127,-0.4513289590126641,0.8730222979678818
6281,6280,0.19722382923584963,0.029705453428802278,4.3093781368787925
6282,6281,-0.16690596611685704,-0.6325482786805816,-0.8857976197412575
6283,6282,2.379788655510643,-0.9038516710999553,1.621293285176984
6284,6283,-0.015763565751595942,0.9659663439064744,-2.9155062953736133
6285,6284,-0.9084411233543047,-0.5341801217453682,-0.8329885318204164
6286,6285,0.2747144056044286,0.6449345899199596,4.62573959337842
6287,6286,0.9616897736945134,1.2032626766464467,0.48150189208804217
6288,6287,0.5236889003129082,-1.7870159528484175,-6.904985516463251
6289,6288,-1.322991871109222,-0.11571047079064677,-0.4372636419938061
6290,6289,-0.752301997425871,0.37010252449963993,-0.6528254298203173
6291,6290,1.6332524374393587,-1.2247047377789244,-5.400188074930266
6292,6291,-0.58011956365502,1.5350612520888558,0.8005819161569141
6293,6292,-1.3807715105991891,-1.0303815927913709,-8.616537346165194
6294,6293,0.280375955452848,0.26010262468873707,2.4048327845015596
6295,6294,-0.17793560888738802,-1.0552936234452983,-0.028640854551438555
6296,6295,-1.457627274766697,0.6525009693235821,-3.5849498341562573
6297,6296,-0.291638370814392,-0.30548206145210405,0.6682629140798493
6298,6297,-0.6159243486956015,-2.2109369452668006,-0.8571192097855734
6299,6298,-0.3738575861091905,1.3089249065862278,2.8656674678972878
6300,6299,-1.0920714938830596,0.08131889820455972,2.681933024126081
6301,6300,0.4793557230079544,1.02429548458613,1.6889239362747557
6302,6301,1.1049635363354473,-0.9047928547144771,2.8837315972603457
6303,6302,-1.8496796634040173,2.7053869862259297,0.03735134646411131
6304,6303,-0.05719458895241709,2.153889952930514,1.3634442209177537
6305,6304,0.7422266213922789,0.15551785545508662,2.2426868883895152
6306,6305,0.5549054256650684,0.11628178953675153,3.466594028242743
6307,6306,-0.6573118406191714,-0.026350039238734944,2.4194248505564397
6308,6307,-0.17051672456906852,0.0904668853028147,-3.4986209689001884
6309,6308,1.6336450736746695,1.0317712522095104,3.1976287531393384
6310,6309,-1.1391111430925125,-1.314006287086103,-4.595956897807195
6311,6310,0.3538308763045678,0.4892651078359807,6.607677429243978
6312,6311,-0.6823586656295231,-0.75187694059293,-1.8970334897188874
6313,6312,-1.0440790609772923,-1.0577064990327403,-0.687332736790923
6314,6313,2.183875318355125,-0.5385174770986878,-0.5665970855660332
6315,6314,-1.701394185745511,0.9520843775412647,1.777098935102095
6316,6315,-1.5277509985953757,-1.4245000274888775,-5.306483812555144
6317,6316,-0.8004019928073923,-0.9071090242009727,-1.884720800207584
6318,6317,0.47096287928958913,0.037749994067109265,2.7352310261817485
6319,6318,-1.7805845512414407,-1.7100353562343171,-0.8077453269160388
6320,6319,-0.609715205490134,0.33541170214443766,1.0998867469710594
6321,6320,-0.2897044769888633,0.081851266435699,-1.6207388289966302
6322,6321,-3.1654483921551826,0.34100812185828383,-5.496345578742394
6323,6322,0.5115201967072517,-1.064581138759796,-4.898551903793872
6324,6323,-0.30551010127684913,-1.1268976089670406,-3.8950890928546134
6325,6324,-0.40551885976727714,1.5670747534418168,0.12212319294825033
6326,6325,-0.6938384990027479,0.5715008659093657,3.808271684104269
6327,6326,0.8163670349261157,-0.6298791303073995,-1.9449707088675552
6328,6327,-0.5399694164513902,-0.34869527889268687,3.075261987344799
6329,6328,-0.25839132863088815,-1.1863318335891906,1.3143923181388086
6330,6329,1.0878414229517597,-1.0511096416715098,4.5428197822291345
6331,6330,-0.5763512291060896,-0.41553704607164155,-3.9268218744599
6332,6331,-0.05988668873606352,-1.830080417418746,-3.2220479629478644
6333,6332,0.0805753180766442,0.25019247367627756,-1.005637369344707
6334,6333,-1.4392155787586594,0.34902855850590736,-0.7678941407482501
6335,6334,0.766772252832255,-2.181020144738146,-0.48959310021178026
6336,6335,-0.3202982728096282,-1.0769140112045632,2.1829343939879267
6337,6336,0.051907764147097676,-1.20066985306767,0.8885491992283168
6338,6337,0.18752870351641654,1.2508685936083792,-2.139844173767062
6339,6338,0.09934859709067108,-1.397981227731315,-6.160175877348125
6340,6339,-1.2657853922746738,0.8304516078686945,0.6260450731331149
6341,6340,-0.46865390965787973,0.5664237666479985,0.23863947585812806
6342,6341,0.47044559370930683,1.0214928395571534,1.7589179033756612
6343,6342,-0.2165629324686018,-1.2054258865731342,-4.306007649096998
6344,6343,-1.6592582142157393,-1.458453582898102,-3.6620740154515787
6345,6344,0.023465965860731176,-1.5926683812635898,3.044046357598405
6346,6345,-0.6513171703747079,-0.8239196518696325,0.9071996863145468
6347,6346,1.3011120312026023,0.4269424729441167,0.8602835338580727
6348,6347,-0.43878459913483975,-0.20285414649280506,4.7770060622192325
6349,6348,0.8526519590862476,0.14612222127666902,0.9248332615576647
6350,6349,0.43364773516373845,-0.9083851197338138,2.675495459101546
6351,6350,-1.18835784479002,-0.6907209848336148,1.0240678292708358
6352,6351,-0.29096098528734865,0.6775268497860552,6.270768999829439
6353,6352,0.9832553538972579,0.7746544066670122,2.6439453794464445
6354,6353,-0.709051934940969,0.0013751377039068148,-3.9511294235441086
6355,6354,-0.29028153157556646,1.4453873116059215,-2.5978708208408974
6356,6355,-0.512576660468191,-1.7681448716237624,-1.8395332093573793
6357,6356,-0.8856683797213512,0.7206927192831636,-4.5449995315808
6358,6357,1.0875484086756655,-0.08546665933435983,1.1894144270027427
6359,6358,0.3106923394941229,0.8003790263607066,-0.011504519863557938
6360,6359,0.42098027842785585,-0.10934323340168825,0.8922496244507738
6361,6360,-0.8427442986238391,2.013794011457325,4.151184230674241
6362,6361,-1.8453664756610728,-0.06006568609174196,3.75648542494756
6363,6362,0.2160496017881506,-0.7128586595901121,-0.589706338257299
6364,6363,0.6644461494985359,0.9292895231686101,3.609825276877257
6365,6364,-0.21263204477907793,-0.42691805029211133,0.8812148833987126
6366,6365,-0.9166581383239953,1.0122497031696913,-2.6248186444148827
6367,6366,-0.1720527229616387,0.3732647972209622,-2.4477122672187863
6368,6367,-0.5065454783194452,-0.5086887038112307,-0.9061353057326784
6369,6368,0.9451203241135664,0.6298895800845498,4.959537841712304
6370,6369,0.16336421704244336,-1.5779491943965434,-1.9276888045384437
6371,6370,0.05251406183159745,-0.11070429322020978,-4.3705940512343
6372,6371,-0.2394220834396007,0.4033466959933183,-1.8156398116666828
6373,6372,0.7511718472114509,-0.14969240859131228,-0.39020712265981705
6374,6373,0.7549149299918695,0.44810852413408475,1.9080773982650632
6375,6374,-0.833905188594114,-0.5615501944472017,-5.753750750980534
6376,6375,-0.17157418193557405,-1.2383011107948363,-1.9235498918421756
6377,6376,-0.8827238907762806,0.5677836728908215,-0.47430910891100114
6378,6377,0.8603994898586759,1.840900251201509,1.4238698571563408
6379,6378,-0.06885696078092321,-0.6688843187435446,1.176839366692457
6380,6379,0.3407365898522517,-1.5933105115831199,1.1552444850390908
6381,6380,0.17933190504321328,1.3340511433115356,0.2270960926587678
6382,6381,-0.32494864143449953,1.7630861631590273,1.9213076884854883
6383,6382,1.911401917405275,0.9725037899630348,0.9894630788754343
6384,6383,-0.9358016851645655,-3.13669884543263,-4.054479511288732
6385,6384,-0.344206519167151,0.13719311309134183,0.5288112301751987
6386,6385,0.6274231780529433,1.242534647964134,3.7110842935298227
6387,6386,0.062388567640198955,-0.3591604812161639,-1.029151537352944
6388,6387,0.1633181571088788,-1.5175502356604285,3.3114162331998767
6389,6388,1.10439127881828,1.558840894617215,3.888242152096371
6390,6389,-1.318885598815021,-0.23090964070391956,4.119827612546952
6391,6390,2.161844654101857,0.4323257693931788,6.394340319840633
6392,6391,1.659266400057839,-0.08109804273407832,-1.2080269171892235
6393,6392,0.7569083591042041,0.9296009399968983,1.9676941392933727
6394,6393,-2.755992323982649,0.021496478228057486,-2.5349764745439707
6395,6394,-1.1751368705203582,-1.6374230983724387,-3.171648198813656
6396,6395,0.983234296489092,0.905295738958633,2.690159489862439
6397,6396,-0.628214997498444,0.5061573212718553,-1.6227641051163912
6398,6397,-0.42661893973238735,1.106776091575452,1.5248077692036106
6399,6398,-0.0962867461245963,-0.5855695664947487,-0.51503284877443
6400,6399,1.4572878255168915,-0.5778388005717469,-4.895077868362758
6401,6400,0.3795927716993476,1.7452851995267324,-0.4185610119560672
6402,6401,0.22305347063195496,1.4267918554538763,2.162686863799366
6403,6402,2.039510324214651,-0.22173740418201998,3.016242258900605
6404,6403,-0.24436323356580084,0.4789236674964317,2.34609031338107
6405,6404,0.8699731903784254,0.8249017313413578,2.5375548544437723
6406,6405,-0.9916515762107591,-1.3603662545158426,-4.5633253349992575
6407,6406,-0.22098250466708522,-0.1479852865481598,2.3127202459334466
6408,6407,-0.3721273101989035,0.6410199947356393,3.6957059947897126
6409,6408,-0.0991952563461407,-1.5378059083063307,0.631567801892335
6410,6409,-1.7705696299815221,0.6898905042238309,2.27239607867681
6411,6410,-0.5517717839057181,0.7125908580883591,1.0019181931484098
6412,6411,0.07260712827195007,-0.060216624912113555,-1.9320328659030914
6413,6412,0.9768309583065478,-0.17939766155335432,-4.268981354537285
6414,6413,0.005463306738756134,-0.5211946507408997,2.268369518739373
6415,6414,-0.03276439424856789,-0.4511689160249532,-0.6576151312777828
6416,6415,0.037364628408794225,0.35574138174881076,2.0004909861928657
6417,6416,-0.7479749255705754,-0.27308549397820164,-7.25122100133242
6418,6417,-0.826138886676897,-1.1148067025235742,-5.675033891218899
6419,6418,-1.280155331599732,0.9235700162205658,-1.7819156909359322
6420,6419,1.4155381962018738,-0.6269106126570928,-1.2772703276952317
6421,6420,-0.6508904569052657,1.341941097195586,-4.014247798908109
6422,6421,0.2700892342251941,-0.8516604106882133,-0.7968017672540488
6423,6422,-0.7068860713290603,0.48815667629455173,0.2980343680406812
6424,6423,1.0618757337863418,-0.047963493186221874,-0.34811470753120466
6425,6424,-1.7959487852780782,-0.1463297650302264,5.674000983965671
6426,6425,0.3933806641573021,0.5769243323930953,0.1096501633379513
6427,6426,1.309939504999852,0.7101182949046144,-0.5603031519085904
6428,6427,0.12417044619599198,-0.20972180530915147,-5.3595170590298675
6429,6428,-0.1309468499215188,0.9143922299860417,4.059498657604376
6430,6429,-1.5008610706736927,1.8900322864636827,1.2142810558686943
6431,6430,-1.034461706998025,0.384271638626972,-0.41086934416657733
6432,6431,-0.8521191171045253,0.7700454836696753,-0.02269899079073001
6433,6432,-1.7935257639992566,-0.44292263918042535,-2.243815678354431
6434,6433,0.5279061386396044,-0.01587916134815856,4.990354464217142
6435,6434,0.15141462372543082,-1.7572200864881329,1.1751040706005214
6436,6435,2.787603340375983,0.17764035180152304,2.564130754807109
6437,6436,0.1888075110793695,1.0067053900028746,2.7267793931114306
6438,6437,-0.7186274776062558,-0.8817821226033447,-2.536234696396042
6439,6438,-1.8130831556610194,-0.437782810669719,-0.9595985906326945
6440,6439,-1.3409481779827548,-0.034392032652630286,-4.859299086217225
6441,6440,1.0201682084037373,0.40478256755279923,3.923781092709725
6442,6441,-0.6336069288214926,1.2674497028086036,0.14606676055347967
6443,6442,-0.3817283624829639,0.49601795733953813,4.827573476367818
6444,6443,-0.16811701473218235,0.6930229592107613,-0.7294429823393753
6445,6444,1.135166506934223,0.10022577897259873,-0.7740422780543643
6446,6445,0.8789296091020338,-0.49601516835711196,-1.1443044997135767
6447,6446,-0.19627139182769435,-0.40767985011001034,1.8482149288661083
6448,6447,0.3377560316955081,0.10191914203010503,0.9243481276699534
6449,6448,-1.4162532364056115,1.711555805680336,1.0467132352146573
6450,6449,-0.9865068610227791,-0.5038193409389393,8.365280690904216
6451,6450,-0.18674370189853512,-0.21286377318888097,-4.069796258999785
6452,6451,1.936161668084755,0.26748774340653014,-0.583678394758559
6453,6452,0.3951527670738552,1.0438584927154382,-0.6851470467173917
6454,6453,0.026081353915392465,-0.9888328872887928,-6.367943895034273
6455,6454,-1.720453265761297,-0.457222277539523,-5.93360790882193
6456,6455,-0.029089235695807073,2.376336819471042,2.479197272579275
6457,6456,-1.998942194149883,0.0883171019093901,1.514674891798593
6458,6457,-0.24187257251582073,-0.5123549957020446,-0.7213356403132609
6459,6458,0.10390446813575624,1.357501696227803,5.603715306820446
6460,6459,-0.11978470252921514,-1.1432094363619065,-2.8811178156897377
6461,6460,0.06427689723646166,-0.4373636919791908,-0.4507033285753109
6462,6461,0.41325155632846844,-1.780178830042996,0.40739533515880344
6463,6462,-0.6893682630980581,-0.5149102942650591,-1.4726483372847354
6464,6463,0.7740930157094184,0.05975135898095979,1.3549258413292946
6465,6464,0.3031401923341915,-1.327177130745105,-0.45209343965868176
6466,6465,-1.0770160751325017,1.2481975494191557,-3.2335224327542056
6467,6466,-0.9509281404818182,0.20441647629832127,4.473656139452076
6468,6467,-0.7650289346861981,2.008483389105107,-0.7325984802457071
6469,6468,-1.3261822353529018,-0.32934329850854915,-2.9716093488023514
6470,6469,-0.9561811875595596,1.9027670240433046,-1.8652461088846746
6471,6470,-1.6998294231239528,0.8584517189499208,1.7452197417054265
6472,6471,-0.15702010806341635,-0.4916702122587781,4.47046234504444
6473,6472,1.5718253141281526,0.9474872680079052,6.335295132586635
6474,6473,0.023842886326502263,-0.3239171259672741,2.8469548204235195e-05
6475,6474,-1.0782398993881575,-1.464479359066525,-6.163416454966324
6476,6475,-1.1907531026218494,1.5046297053614095,-0.8229588727901774
6477,6476,1.0623212639962938,-0.10222683327621024,6.260962468522146
6478,6477,1.7046741789920519,-0.39125519228464056,0.8874350880909666
6479,6478,0.2916444939019121,-0.5029220838669993,-1.6631016784282076
6480,6479,-1.4343955169025586,0.17583885689927667,2.4301492337547583
6481,6480,-0.3043143550573227,0.3646616088926131,-1.2399107294335696
6482,6481,-0.3398269313012992,1.9843184137922467,1.763078693249377
6483,6482,-0.15483846938658505,-0.7311647196109027,-2.232223714475605
6484,6483,-0.81633876679755,1.5716715969095134,0.9735231007477497
6485,6484,0.6031354666722405,0.7461117362855219,1.318366582926636
6486,6485,-0.454784052047775,-0.4981991765496182,-2.108648001704936
6487,6486,-0.15296078698631924,1.8316020513869207,-4.406947418688584
6488,6487,-0.2789104240852929,0.7725610018053066,6.59342993499515
6489,6488,-0.40687957919650414,0.06442386039049666,-5.5090639107267165
6490,6489,0.24058768246156922,-1.8703815321185095,-5.902704487763526
6491,6490,0.5965651982285871,2.2919752576384407,10.21601151716186
6492,6491,-1.1042069460109245,-0.6651797908307585,3.9522616319202215
6493,6492,1.0285086098345952,1.2856580051922333,0.6804517429269714
6494,6493,1.2006122981792513,1.1689375186160045,2.7172929570365905
6495,6494,-1.2605361766911656,-0.6854571896601988,-8.543115728656272
6496,6495,-0.16699234985221653,-1.3059945676080427,-3.508281167632572
6497,6496,1.8695429398488337,0.7178998019715882,2.094316005303605
6498,6497,-1.0497843185452902,2.3918291156241915,0.8651341127207823
6499,6498,1.0685328197600974,1.4192819550141222,6.218993350522517
6500,6499,0.7575493999051837,-0.24648058716303092,-1.2317919264066257
6501,6500,-0.6333366454715528,1.306711590033085,1.636498730886487
6502,6501,0.38035899761377084,0.7890953425059533,-1.6206563820994613
6503,6502,-2.3571914620390984,-0.7266019815065066,-1.8938650956707415
6504,6503,-0.21884978600974908,-0.21489170242318956,-3.4688161674211546
6505,6504,0.9996225866565339,0.905802375758859,2.8286432192569455
6506,6505,-1.1645236072654006,-1.2099336288947946,-6.007626878529961
6507,6506,0.19542934411274826,-0.9359686760728791,-2.340044353811869
6508,6507,1.8609810691847855,0.6056975232915923,6.6274255500822035
6509,6508,-0.4432450771562895,1.2593639624324247,-2.7319971553864875
6510,6509,-0.386949679153181,-0.3725884117524763,0.10257491447372313
6511,6510,-0.5981575875363869,1.951497089778305,4.585189024730239
6512,6511,-0.6339635350878603,0.8018720558936305,0.7276110437172325
6513,6512,0.34992457741592375,-0.05227456740740495,-5.288831718291242
6514,6513,0.37712733955798383,0.6709371869460924,5.697157330101595
6515,6514,0.9003571099989564,1.26541793318244,-0.5465833475934011
6516,6515,0.9916507289078097,-1.6387417261917465,2.168162433297631
6517,6516,-0.1583067861831293,0.3362228552994663,3.208173831438904
6518,6517,0.6049746781841983,0.2708821623385807,-3.8033484481159325
6519,6518,-0.5242637568451693,-0.3865212143999813,-4.52972362612814
6520,6519,0.44433005253263796,-0.2921728373384123,1.3345597500132518
6521,6520,-0.1848168446218071,0.015474928888578267,1.9393343833329886
6522,6521,1.4592745916004923,0.42266687648780077,-0.6958821641064787
6523,6522,1.467645311765406,0.5772787351545892,4.102637492686781
6524,6523,0.4974545888441902,-0.3945088181510524,1.7087527871880428
6525,6524,0.791454976240957,-0.7301427534343954,-1.8480690869283802
6526,6525,0.04207789412973486,-1.182563297916669,2.3575023090551435
6527,6526,0.7577083120348461,-1.4663075437521162,2.9899717484088106
6528,6527,-1.0955063255738604,1.624340093747276,1.070050313991129
6529,6528,0.462699170943718,0.11154794144932126,-2.060765372513967
6530,6529,0.6267493019124197,1.5490392934278632,6.638480733766212
6531,6530,-1.082793847103017,-0.24771496060595868,0.6900309697799814
6532,6531,-1.020045423680298,0.5451531826200636,-4.1372798978373115
6533,6532,0.39549622572115045,0.5702351848742636,1.6975033894555838
6534,6533,-3.329412325292395,0.8913755475666867,-3.3668876318207532
6535,6534,2.385136106829214,0.1668711906273586,5.066946660668063
6536,6535,0.0533211199084763,-1.1745777846745347,0.7164455361576629
6537,6536,1.9425420417287036,-1.3296097111977054,3.083114104433092
6538,6537,-0.7307550698335322,0.2977857088027761,-3.865289118411103
6539,6538,1.2400016117678316,-0.08361764690091751,0.45499065139144323
6540,6539,0.02570190089037794,-1.1978522071863764,2.37002425455699
6541,6540,0.7742239905187707,-0.9315676613215025,1.3815248530311437
6542,6541,-0.8419471685115342,-0.7415403751292983,-3.3450016534896188
6543,6542,0.11033254838150104,2.610040596286001,3.7371954428189373
6544,6543,1.3876992324652873,0.24525367328945397,-2.3354668837572223
6545,6544,2.0264803446640656,-0.9718516006374714,3.1276575416325514
6546,6545,0.8468301110952634,0.594654945480857,1.4903548846851613
6547,6546,-0.22831158897354897,0.5744957967601295,-1.7887402388692153
6548,6547,1.324189999594749,-1.121952180043982,5.769816602597702
6549,6548,0.401805108333005,-0.6713531804528043,-0.869258046565297
6550,6549,-0.8456789187831536,-0.546855226007352,-2.646112020030839
6551,6550,-0.9881243103021035,-0.20067769026983204,-4.20001150136914
6552,6551,-0.30327086835483624,0.7442357614481588,1.2048449138583575
6553,6552,-0.7676836486668962,-0.26245036668327787,-4.113961948595764
6554,6553,0.22249501941243718,0.41493827104826736,-0.2539890999358345
6555,6554,0.6199472033727499,-0.2530512636741259,0.3885801797071189
6556,6555,-2.0083835920888546,-0.2865184190618243,-4.956947564917382
6557,6556,0.5746499085967541,2.541943486846249,-2.143291869923636
6558,6557,0.032688920941291194,1.856188532637003,1.264575662910699
6559,6558,0.12836685923529179,-1.0705269192032167,-1.297772832187751
6560,6559,-0.9077573208350337,0.2026013284615526,-4.828744586590483
6561,6560,2.979841135443208,-0.10473993720424205,1.2175708693753402
6562,6561,-0.37214992947625203,0.06085287730020311,-2.3246716819375735
6563,6562,-0.21578711859185956,-0.07580109900215587,-0.5553061304798874
6564,6563,1.4793562171611725,2.1879215827369847,1.9279093542536612
6565,6564,0.42129863176191634,2.0789495868766847,-6.9331218718774466
6566,6565,1.5043060396742536,-0.9907250410742322,0.31387137603537957
6567,6566,0.7839215803978077,0.8998152538547637,-1.422580407616064
6568,6567,-0.8666220163305114,-0.4805267164403551,-3.8488085758998034
6569,6568,-0.2866761092331954,0.5679344160682247,3.009530665460445
6570,6569,0.27559618446809997,-1.9116123247554415,-2.344374111214051
6571,6570,-0.048843678602035076,0.2929298525601425,-6.774740725226671
6572,6571,0.08936181685605885,0.7033386067850144,2.4559192731850072
6573,6572,0.345971356255993,1.0229421596897126,3.7096117620276545
6574,6573,1.337584497981645,1.0151317561503772,1.6769193435047796
6575,6574,-1.12027215290557,0.4030209774301453,0.10147090809119508
6576,6575,0.3297713074492773,1.1966026954212514,2.1506622836373643
6577,6576,0.3447911944794549,-0.14267098564997624,-1.334060533129936
6578,6577,-0.8786664590062151,-0.43434206012367044,-4.211747345867353
6579,6578,0.1911355950968301,1.1648237335738667,2.2251749492127257
6580,6579,-1.1686695600404151,-1.1246077386971147,-1.4505753532236398
6581,6580,-0.9071344657782495,0.15230393532957626,-3.7944236678242067
6582,6581,0.08869045307400503,-0.2929001072606299,1.957411297326518
6583,6582,-0.6849629479132019,0.9767020714844544,4.726078096319551
6584,6583,-0.6773603907122888,-0.6064322066853933,3.7187062997118847
6585,6584,0.5627062361920033,-0.684273936469197,-2.9970472915434474
6586,6585,-1.9139246469324858,0.8358645403062727,-0.7068266441701805
6587,6586,-0.7790396996198329,-0.5415095322578658,-0.7748021140587356
6588,6587,-0.29896721688894046,-1.518639889071589,-1.6895137650473855
6589,6588,0.03253840326703568,-0.8185799053540616,-0.5918336415148224
6590,6589,2.0172243151346736,-0.7258388988005495,3.5833696524504877
6591,6590,-1.366914549301338,-0.24943000831419623,-1.199587808026279
6592,6591,0.20977198437220781,-1.3840788288050296,-5.3133395127065635
6593,6592,0.7188471253658626,-1.3069809961752281,-1.932167301578549
6594,6593,-0.2585666687593951,0.10903887087997717,-0.13403693169215558
6595,6594,-2.6435185770418452,-1.2680467948180916,-5.481555819456337
6596,6595,-0.9617914760586731,-0.2792584822458374,6.111064959698423
6597,6596,-0.7473086262820382,0.3704431560040158,0.9101130919152309
6598,6597,-0.14977499601353,0.23037500327463362,-1.7834575435167124
6599,6598,0.4181420081409346,0.19867029817658893,-2.494566708982288
6600,6599,-0.9740864552956293,1.1493984379430293,-5.067767357796614
6601,6600,-0.8706862238261099,0.7111553786228442,-6.281789464746516
6602,6601,-0.017060079496104805,0.5485589703652463,3.515005398685541
6603,6602,-0.1843873484645532,0.7710161498838243,-1.784822543372941
6604,6603,0.2389562919932333,-1.7708496943985388,0.059945628688690134
6605,6604,2.3873625748508234,1.0911591240599274,-0.03428016319436977
6606,6605,0.19944373600896473,-1.2308884024017421,-2.683354992309909
6607,6606,1.3790851870066319,0.7353756698096351,1.673301646973318
6608,6607,1.557075296550847,0.22214200894233885,-2.6776600552157985
6609,6608,-0.5858212537909252,0.588229005251415,-4.081015929132238
6610,6609,-1.4934050701028825,-2.8383845495332247,-0.17399207597326652
6611,6610,1.6420747673679983,-0.24602012265548726,3.8203399323660747
6612,6611,1.0385600730546818,-0.1638421948495555,-5.5692036586623255
6613,6612,0.701604486722156,0.5975569975157193,-4.939567979557725
6614,6613,0.9539375472492898,-0.9804514042316467,0.9747787731018211
6615,6614,-0.008423177994920044,-1.1498125594733635,-1.336904922968956
6616,6615,1.3068139005391033,1.5278331988858105,2.168125467448132
6617,6616,-0.1788565547102279,-2.2333733278384416,-2.7856057357257624
6618,6617,0.7291719618567595,-0.09671239612373062,-1.064639100901245
6619,6618,-0.2890472288154887,0.523200243240844,0.7416511691324116
6620,6619,1.818674180705963,-0.07204573748051564,0.9170029709668213
6621,6620,0.2942463312148472,-0.16136683393250995,-0.05879915092600185
6622,6621,0.42996391643257015,0.1538465016989748,2.5780268434202607
6623,6622,0.5106421853296617,-0.16284627955854283,0.6858510811497983
6624,6623,-0.3612451826275711,1.1165469036793232,1.7986901131550082
6625,6624,1.4065341195377015,-0.7529872133683245,-1.6638118068158074
6626,6625,-0.5815398838550245,0.5623097211601369,0.5606008560056623
6627,6626,-1.6978454725393823,0.2630548857586844,-3.4892601646789667
6628,6627,-0.02109123690155167,-0.7814712934744813,0.6739436186950702
6629,6628,-0.2760402541940722,1.36066927083382,-1.1501976847924626
6630,6629,0.8381310478560545,-0.03578614033219689,1.2404432117929023
6631,6630,1.3678969381003379,-0.9856927776811311,2.0800904201169246
6632,6631,0.10958496669161329,-0.9319425645132272,-1.5831053602733096
6633,6632,1.2754749930035718,1.4293897461689238,1.2622667814638602
6634,6633,-0.05193602715167135,0.9769094625056963,-0.046163854815739314
6635,6634,-1.079022540889491,0.9070702643392832,5.081945210277171
6636,6635,1.0780511534274029,0.2813173528375973,0.4588910160911782
6637,6636,-1.1691486657746684,-1.9870966024968955,-6.156578620588797
6638,6637,1.9992088086493611,1.9257814016320665,-0.8907824419633235
6639,6638,-2.153371886419554,-0.9241903142548762,-0.8175309164248836
6640,6639,0.12056739784278246,0.6395878743037055,-0.80150912853164
6641,6640,0.6440279139800092,0.35496224625109435,0.847870371360534
6642,6641,0.17928442520849597,0.3598962964540565,0.006421814118773905
6643,6642,-1.5268582827881958,0.20342118899865486,-5.6450271874940015
6644,6643,1.7010664547747634,-0.38599830035158783,6.3882120752079405
6645,6644,-1.3708088725541465,2.0906998553220273,-0.3525363833907137
6646,6645,-0.8016093703688544,0.6039420823893586,1.2705655258362534
6647,6646,-0.18479582152685467,-0.05683833912027779,-0.13104142183304446
6648,6647,-0.13149189270793826,-0.5875592901885922,-4.299718023246806
6649,6648,0.45869742995347773,-0.07597643928428342,6.471600292977399
6650,6649,-0.8675427472157518,-0.4065266359233924,-1.4895180603983462
6651,6650,-0.023799523467792554,-0.40842643640983317,-7.1056460889245
6652,6651,0.837014751235252,-0.05720584562079606,-5.227282281357352
6653,6652,-0.6921734571955601,0.05233724981383068,0.7032827097865617
6654,6653,-0.6939159464654469,-0.8405690718550871,-2.8477215135114955
6655,6654,0.3541684927830201,-1.8133464849186696,-2.4955414161965246
6656,6655,0.3286128547016827,-1.373536846848362,1.2103199578808517
6657,6656,-0.8436711675281904,0.42913690355329315,-0.06953889146580527
6658,6657,-1.1105155005208245,-0.4800548760096733,-4.985896907844997
6659,6658,1.1401481197744352,0.4892551458582986,-0.8907698184431839
6660,6659,-0.983422557883763,-0.9049157408675619,-2.3020377834557375
6661,6660,-0.42322176117958094,-1.3536624257955918,0.5843365505635343
6662,6661,1.3871584765821277,0.47375519260417465,6.122921697663932
6663,6662,-0.053571410429201945,-2.6462267539636275,-0.22309704658925633
6664,6663,0.4140901905166099,0.573853061424553,0.9166657966733842
6665,6664,0.5117881190464605,0.18842444110490902,0.5883896643318265
6666,6665,-0.6053719370125876,1.0176849441612594,-1.7884773520509278
6667,6666,-1.3821932620979305,-2.372355518706383,-1.8191464214153736
6668,6667,-0.1820928237921818,0.44462117977689475,-3.6647669971489565
6669,6668,0.7100655835453833,0.6026611331215566,7.188767982713101
6670,6669,-1.2153322240122089,-0.7864434224370459,-2.0132562601274695
6671,6670,-0.12564830015433437,0.9000033762751148,2.2945992302401135
6672,6671,0.32822403275057244,0.7839613809412478,6.556492286491958
6673,6672,0.0996916669581669,0.917357833690184,-1.3492265154276062
6674,6673,0.1381651776048821,0.10485435561718265,7.35187130877657
6675,6674,1.304623909145512,-1.0688373338330406,0.6393888547605857
6676,6675,-0.21506561812800054,0.9489689160361632,-2.327433537107779
6677,6676,1.634211256936418,0.1913470774606861,1.2408548173547804
6678,6677,1.4401777046107544,0.23609795878794126,0.15937641306371653
6679,6678,0.11607003911081527,0.918648627362558,7.081930661447529
6680,6679,-2.276317403024033,0.9597646783344086,-4.583440065395737
6681,6680,-0.5963214810508747,0.2777415494094067,0.3652984593807675
6682,6681,0.6715136006261518,1.2645240848067312,-2.6218163433642685
6683,6682,-0.6313722433393888,-0.2558567101858759,-5.106660289613836
6684,6683,0.23772857504909256,0.28956138370233336,7.667073727654283
6685,6684,1.3259799391965126,0.31982380085553497,3.2178093744281346
6686,6685,-1.951745718423769,-0.7403177459653874,-3.2459002171563194
6687,6686,0.5206421512881155,-0.8391945721319265,5.807553501659339
6688,6687,0.44529897128832724,0.12113754719226165,1.0523245074731287
6689,6688,1.3610847955349323,-0.45851475435842987,-0.87149351388972
6690,6689,-0.447098617058738,-0.019098221782288493,-2.2838190413938566
6691,6690,-0.8645697053792054,-0.48159599514365214,2.1925913652727314
6692,6691,-1.1017451282008217,0.9365185286395173,2.6987072412031474
6693,6692,-0.417733922633626,-0.5460633049972349,4.4762071166474815
6694,6693,-0.3102225018612661,0.4046159836012027,-0.4741659945346106
6695,6694,0.3507130331197543,0.9535743796337721,1.1523793796025545
6696,6695,-0.2607838695874035,-1.019304585360143,-4.185285762807221
6697,6696,2.1299564614763318,-0.8989296461397484,-3.719748125264585
6698,6697,0.4920420725209116,-0.6275069552212172,-0.21498622025664138
6699,6698,-1.0153972232555715,0.16213719057127432,-1.788119637402358
6700,6699,-2.2622865583347647,1.1493859059416935,-2.703003407332172
6701,6700,0.5793252856391397,-0.6827206508599818,-2.9571798458169325
6702,6701,-1.1396108370704459,-1.4645209196970588,-2.952097298470434
6703,6702,-0.757927000729536,0.44235325549926635,-1.3940445341705188
6704,6703,-0.0486778278470856,-1.2451695934247977,1.7245529812018365
6705,6704,-0.2988719872681468,0.8643223730278468,4.674469543291668
6706,6705,0.4115314021590189,-0.03638766120518357,1.2139740306510258
6707,6706,-0.4936473066996095,-2.107676810658567,5.530186930735555
6708,6707,0.9807410906527985,-1.1837646814440945,2.1960733374107404
6709,6708,0.22080124494028872,-1.792483988968309,-1.7967162332453435
6710,6709,-0.2798430188125973,-1.7391223093512655,3.173695523261333
6711,6710,0.7438769571628713,1.519314713691209,6.384152710111641
6712,6711,1.5605963891241614,-0.9691585995340228,-2.8840458843604186
6713,6712,-0.5647481504366709,-0.16931541494583427,-5.952564756349975
6714,6713,0.05668203866297482,1.8121297301344796,-1.4703272400619498
6715,6714,-0.2364045080628175,0.12496013913010189,-1.169902066014693
6716,6715,-0.5747251103324363,-2.172095291124535,-1.2595494381034054
6717,6716,-0.7887465832564953,-0.9343570880108305,-1.9039716865368144
6718,6717,0.7788666013202956,-0.5768633608142614,3.0327700437391067
6719,6718,0.05946855175611714,0.3437074861124547,-3.3934936926635726
6720,6719,-1.1758505915241868,0.3224239757189003,-6.266133024252113
6721,6720,1.8233840446292686,1.8005508631791207,-2.1947295156957143
6722,6721,-1.4331956015979923,0.08512818003622141,0.06272580632515756
6723,6722,-1.1254216197811788,-1.2863175332393433,-3.184028031118883
6724,6723,-2.193780838560202,2.419875012820871,-9.826568274894871
6725,6724,-0.027901169314421544,-1.234641757592824,-0.5240691952679606
6726,6725,-1.248730217398083,0.12044905435577011,-0.8304679580686041
6727,6726,2.2180064728260005,0.03824529842270398,-0.5191308864139632
6728,6727,0.8192514351745339,-0.1649864647704756,0.6508273782759466
6729,6728,-0.40861460765046653,-0.8049534737084143,-3.227297336356908
6730,6729,1.1629257102932486,-0.047791340632523584,3.2662155821557146
6731,6730,-0.8449938316588109,-1.250863661951577,-4.543938038119019
6732,6731,-1.169271396416838,-1.4135688555764323,-5.986160145761758
6733,6732,0.38994140605562283,-1.5182247591411702,2.6503411361457365
6734,6733,0.6141378267440499,0.3461599306490018,-2.4572429675549046
6735,6734,-0.9288942545862741,0.36773905380677013,1.6496980123666076
6736,6735,-0.9519468891217151,-1.1410091335121924,0.24530017548225103
6737,6736,-0.05730752906080989,0.9274919140212167,-0.7870695553359747
6738,6737,0.7155828940492396,-0.5491460164120422,-4.387499581825965
6739,6738,0.09123000665348568,1.6786918095464682,5.422905902924359
6740,6739,1.018419438645717,1.1514758535692302,1.3796538431739933
6741,6740,-1.1938831305473006,0.8661753970218954,-2.330483186212693
6742,6741,-1.7281471211450197,0.9112285666458759,-3.8523530798358236
6743,6742,-0.11352381758231782,0.3246870728068546,3.4234430376466394
6744,6743,-0.9115712829156559,0.07344799825353497,-4.946132637869265
6745,6744,0.7292367239777897,-1.2942069592642518,1.7335787276950798
6746,6745,-1.456466582522362,-1.041655604402721,0.4010094915281235
6747,6746,-1.1466732871424619,0.33695995139114865,-1.8574768360307738
6748,6747,0.4913256849247707,1.3526330053702735,6.314299359142775
6749,6748,-0.8822055608298226,1.5341380356915266,1.109262313683067
6750,6749,1.739914369695291,0.4373752299316196,4.9541353943275235
6751,6750,2.040127338418926,1.4124320715822425,2.3775621034085797
6752,6751,-1.2201082553006655,-0.5911492323214931,-2.440564650344491
6753,6752,-1.1382437145821862,1.62591268578338,-1.5669248455383071
6754,6753,-0.6143606944957951,0.5360910001007247,-0.7981481359925782
6755,6754,0.7529330005818754,-1.0715520432091463,3.908494049793564
6756,6755,2.1508204900894476,0.5719751019793752,0.7878529011863366
6757,6756,-0.7185166854274833,1.0410638418465181,2.3655237439551122
6758,6757,2.0074781001127175,-0.42312418941638935,-2.7206408895222074
6759,6758,0.10328645356665489,1.025674171699376,-5.177864712545089
6760,6759,0.9487263483109825,-0.08607027202520544,6.9600766525676265
6761,6760,0.4203145907501453,0.9465218361245782,4.308824463502615
6762,6761,1.1627832326501504,0.658532309084438,1.549556999663546
6763,6762,-0.05512930741965663,-0.4071901716607813,2.9058462531863753
6764,6763,-0.8710948293833003,-0.9065285491654328,-0.429089786808265
6765,6764,2.0960805294923066,-0.2729906837617857,1.3816708351176523
6766,6765,0.2965888884591009,-0.32743917464389605,1.4887813821458604
6767,6766,0.3635006637280597,-0.8772531727741459,-6.273695290730565
6768,6767,0.5802271933655637,-1.3330271156205797,-3.906490647368446
6769,6768,0.7418697740060294,-0.7758113492903284,1.6275924796268668
6770,6769,2.007865717391939,-0.15222001723524498,-0.10211968108283243
6771,6770,1.692267698094463,-0.9586501645346176,-1.317746452518917
6772,6771,-0.44536834079811,1.1908391157547509,2.4217156640706987
6773,6772,0.4454051271672465,1.3660539985950007,-2.2882860366673943
6774,6773,-1.4469182566225203,-2.3472343625916405,0.11581723060758398
6775,6774,0.7683117235641336,2.105768813516548,2.8288357855261492
6776,6775,-1.674722998125541,1.010591190628649,4.137467680928951
6777,6776,-0.5931448235958121,-1.836408410490791,-5.970580029572197
6778,6777,0.09563191585498228,-1.0339980809738436,-4.50790864951122
6779,6778,-0.02466581700568677,-1.424385014583232,-0.9711944675098687
6780,6779,0.8201993346186118,-1.67417315084161,1.2868759683176019
6781,6780,0.11569833711572106,-3.077034288078284,-2.242675027837329
6782,6781,-1.11636712446004,0.28228394109297067,3.0786376644730082
6783,6782,-0.8327222098764375,0.7814734335682484,0.7140511590792454
6784,6783,-1.0001124780248314,0.04804706765461295,-1.4249953037957022
6785,6784,0.23982391318215165,1.702491808195795,-1.5509733095182279
6786,6785,0.5752988335158767,-1.5118985589604208,-4.708157478074713
6787,6786,-1.7199214661815847,0.19991847201130516,-2.7710866721509912
6788,6787,0.4459191236480334,1.6392494022509005,-1.085668169177162
6789,6788,0.8935203652323792,-0.3384585248986123,-1.7194857673259965
6790,6789,-2.0527175936895827,0.5507683181917192,-3.2328154176679806
6791,6790,-0.18536425098710388,0.7914261075856969,2.986291221823965
6792,6791,0.4997930151124461,0.16709662537920622,-2.8331956365022952
6793,6792,-2.8789453719795857,1.280524388223779,-3.5705693055190033
6794,6793,-0.25155022172112446,0.18073056243414107,-0.9116930152687135
6795,6794,-0.4662390345136766,-0.6038394628153348,-0.550700608283365
6796,6795,0.016353894614395088,0.8764747364923037,3.647478995619641
6797,6796,-0.678670689809226,0.4050790128106746,3.1632081182971534
6798,6797,0.5723775394903098,-1.128597581457391,-4.078301376008551
6799,6798,1.4854473906352523,-0.5676907749888787,-1.6462737341477278
6800,6799,-0.5131087892867859,0.18374842566029417,1.3319835765334447
6801,6800,-1.2219243046300365,-0.37680849624737445,1.1157549282113293
6802,6801,-1.1353629121046351,0.7135138334144288,-5.443785375402888
6803,6802,-0.27857674943092436,-1.3338804990479338,-1.8579724052585231
6804,6803,0.930481913031881,0.7489251745271474,6.5678603321524704
6805,6804,-0.20295748291021515,-0.2507263676319086,-0.9495178155191177
6806,6805,0.18328748367093547,-1.0373633038979293,-0.9323640396679156
6807,6806,2.4840294161216776,0.9639088847307693,7.678569958147505
6808,6807,0.8541121144210542,1.099805903061964,1.3147858269734862
6809,6808,1.4553362439059183,-0.3584833392321306,-1.769416053897771
6810,6809,1.2083132829046588,-0.8199868423938286,-4.119816470645653
6811,6810,-0.1727177713179887,-0.314830990069107,3.5239303002792637
6812,6811,-0.21347680936232813,-1.0200521428726852,-5.570853298407273
6813,6812,-0.2490743912558757,-1.2664938610827845,-5.197893810030888
6814,6813,-0.9892208417229429,-0.3914965539002714,4.2451126509509916
6815,6814,0.939238191172551,0.3143357828966938,2.9333271068385502
6816,6815,-1.408890033989216,-1.109989225654951,-1.7206236717763226
6817,6816,-0.2070623261403434,1.067972139128095,7.346544484272377
6818,6817,1.6044594167214896,-0.404271123442328,1.10278655916698
6819,6818,0.5169712621654992,0.019352673848174927,-5.510812364314912
6820,6819,-0.06803693365977806,1.9861862086330047,0.8540847011373045
6821,6820,0.00916561469898342,1.6276741200779217,0.17114829198799253
6822,6821,-2.0062248562013782,-1.111787914005682,-2.5918609429710555
6823,6822,0.8549437192364872,0.4428354695101534,-0.05717469358058125
6824,6823,0.8955136730040294,1.2866467891439746,3.5043247483179325
6825,6824,0.7431647854884987,-0.2536661165670619,0.18243541945322317
6826,6825,0.3501239579400441,0.5868651394114078,3.01742426175297
6827,6826,0.7014167093257396,-1.1440282003019615,-2.424150257430028
6828,6827,1.4671094393024422,-0.4469232151204878,-5.632789218870669
6829,6828,-2.1572601961041094,-0.9868451685172845,-3.885381025657687
6830,6829,0.13642922625323226,-0.1588263561507255,1.1290512770356318
6831,6830,-0.622615236251793,1.7956232079375658,2.174977165655021
6832,6831,-1.123876075971557,0.4311784261492354,2.008971153345523
6833,6832,-2.1119062630478243,-0.5382535857750336,-1.2775594566838335
6834,6833,-2.050265561265231,-0.513300613230477,0.9769915351620816
6835,6834,0.416398640422202,0.7374866698949603,4.84501191977621
6836,6835,0.07957170639794948,-0.8828295578831695,1.2104207443118788
6837,6836,-1.8730983415693199,1.4625525339298098,0.7677612040147183
6838,6837,1.0263051527499114,0.9081238682448424,2.4613585587118356
6839,6838,-1.3440401411129903,-0.28824759237250386,-2.2221171806102777
6840,6839,-0.05219041072419617,-1.6518452553692982,0.7985647530455205
6841,6840,-1.0103475693100874,1.0522219042068424,2.9675223544212916
6842,6841,0.9809248448935476,0.05101775521869034,-0.05498606618916779
6843,6842,0.8574218969448185,0.623777288840217,-2.604036453743782
6844,6843,-0.9636562603904398,0.3147989003351647,-4.090542466005412
6845,6844,1.2569380423300587,-0.9273431495138933,-0.5874155804387851
6846,6845,-0.20652421712810667,-0.022057095903541744,-6.948282099197371
6847,6846,0.8504728904336256,0.2865174020653056,-0.17510938310877744
6848,6847,1.4370888711329124,-1.3863757197342483,-0.9503607322368045
6849,6848,-0.17707039219967496,-0.8397564857474836,0.6223076525565008
6850,6849,0.2547734707941367,0.7113037929585012,0.31416908428340085
6851,6850,-1.2708989157546595,0.3755784404149026,-4.2099548269593265
6852,6851,-0.3720131941986673,0.8497659270587089,-1.209240823824447
6853,6852,-1.1597274932638422,0.2471257649144929,3.2983029053055772
6854,6853,1.1875035640595344,-0.3113972995156821,-1.3228888942502905
6855,6854,-0.40875139135944616,-0.6197155096484103,1.5327375032594779
6856,6855,-0.3540715715355844,0.127281067233827,-1.1428615085986633
6857,6856,0.8657448614884534,0.6285286332696723,0.5215877635750128
6858,6857,-0.5875366245124233,-1.3816456299594777,-0.9355111680403159
6859,6858,-0.6532632639155757,0.6250664679605166,-0.08641216046557817
6860,6859,-0.3822109628414922,-1.1844524763558595,-0.5485859753935725
6861,6860,-0.4047738423413875,1.1484667015300085,-1.7792281003791133
6862,6861,0.9604241773100611,-0.8860501250055005,1.2602671265504914
6863,6862,-1.099619675387678,-0.9211204355456717,-4.65222963109769
6864,6863,0.49208937321248414,-0.7091570309233612,1.4688997223103315
6865,6864,-0.26090732423204194,-1.2856342552350475,-1.8573504983783833
6866,6865,-0.5874129699663454,0.7650291875778232,4.416923493778139
6867,6866,-0.7893285612364223,0.31907070628016027,-2.8285020881506506
6868,6867,0.3698897982365289,-0.3988120323305971,-2.741023758557205
6869,6868,-0.9978918888927922,0.39702613001403075,-0.6209235118439449
6870,6869,0.25802954489299434,0.36511453014376155,-0.784332348128731
6871,6870,0.43963449135768456,2.4185712727318633,-4.618997280078812
6872,6871,0.9403195236509015,-1.9851466420352701,-5.452124224530091
6873,6872,0.2029286643991506,0.6110233268362943,4.907603267941116
6874,6873,0.19869730642609246,-0.7017435430466182,4.513539498798056
6875,6874,0.3867224785698616,0.02143092812651392,-1.9903347737392474
6876,6875,-1.386924346639979,-0.02117921244342763,-2.282394554952911
6877,6876,-0.6103473342458712,1.721844390280375,-0.5022438731554539
6878,6877,0.011700932605944629,1.3032473141545897,-1.1955025128763177
6879,6878,0.46714467322244635,-0.13007078071249217,-0.6518565862497931
6880,6879,-0.6914840857106559,-1.6901020206694932,-5.786869541726205
6881,6880,1.0670731814262697,0.8206049641830426,4.445029447791162
6882,6881,-0.6978444737413709,-0.5383137562828103,-0.44716007378838046
6883,6882,-0.28243741908593517,1.4515204981564855,5.879489670063531
6884,6883,1.721578121559375,-0.6357419793981121,2.2445423029363334
6885,6884,-0.47940151511069595,-1.0662611733639205,-6.119079996393323
6886,6885,1.2105289970070416,1.3177029016676394,3.863525211743557
6887,6886,-0.32498898103040336,0.19281496858068656,3.4103156336656872
6888,6887,1.8426835503411167,-2.0655586711424965,0.8586134288186986
6889,6888,0.9342755837159701,-0.3120074495961577,2.0321230479284846
6890,6889,-1.0234139494671741,-1.3535903098874287,-1.4044170979430362
6891,6890,1.1071728184801772,1.029775814459711,0.06894231770051773
6892,6891,2.233735815797825,-0.19600735387263463,-1.4778372935808117
6893,6892,1.1637911096007825,0.6832676208657336,-0.4915714323431599
6894,6893,0.30303274992338924,-1.2774809977205999,0.9836481883056554
6895,6894,-0.2108269680117419,1.5649609837457177,-1.1242866906172035
6896,6895,0.7223622469706279,-0.2510732612552055,-2.5087057716197623
6897,6896,0.8202281084056576,0.3361964886128887,-0.6437110233660368
6898,6897,1.15308465914902,-0.5841637901221347,1.3999284625919821
6899,6898,-1.9495556898303121,1.3590281759275153,1.7071091720923717
6900,6899,0.9605396603456101,0.2812752018086505,2.38431992800735
6901,6900,-0.5563974966685602,-0.3874935153115034,0.323638877959155
6902,6901,0.8955230771620603,1.0412509949549318,3.318130254950406
6903,6902,-1.5745922569975672,1.8251976170329172,-2.481406304771164
6904,6903,2.216653314316668,1.4048671391581955,0.7239243949034759
6905,6904,-0.16230925634825003,-1.7303118351798545,2.2840483435915493
6906,6905,-0.6762598210067492,1.1778118837411984,3.2318578078926326
6907,6906,-0.057328901180920044,0.4662280992780848,4.111492494857086
6908,6907,-0.217352009561419,-0.11738577366604888,3.1280639633764356
6909,6908,-1.2064637890266223,-0.32795536812330295,-5.848449808020314
6910,6909,1.3133249068236894,-0.19623180957238853,-1.206435074241595
6911,6910,-0.19560387775313523,-0.07243370523783173,1.207165863846373
6912,6911,0.39164822850963604,0.9537116035393663,-3.4181150360592922
6913,6912,0.14115799763680698,1.0371065025539858,4.007923128688663
6914,6913,0.39980852581219956,-0.8148053692685862,-2.896412837846076
6915,6914,0.7556103730262861,-0.12584081573434613,5.676832795958723
6916,6915,0.400057411493051,0.28760326740452435,0.22982442310400414
6917,6916,0.24949725450513333,-1.7897433259489546,0.27201576403745775
6918,6917,0.7867305550392014,-0.21848904496837238,-1.7779173794666838
6919,6918,-0.3753783800579109,-0.0673601557713266,-4.699269531027951
6920,6919,-0.5846591187242051,-0.8353766958009806,-6.512492179823153
6921,6920,0.7259066402719855,-1.184167123806444,-3.3287993727726146
6922,6921,0.2927548093771713,2.0685249666831567,0.8384645907895815
6923,6922,0.2982613652009995,0.8879753413025395,8.489804130931692
6924,6923,1.3834429891539368,-0.1841259288278677,1.8628918931176137
6925,6924,0.4900698120120879,-0.20701687771332114,-1.5805171579665855
6926,6925,-0.5896870013212261,-0.43399924595924755,-0.91445805587928
6927,6926,-1.5809949701561998,-0.02888960024696339,-1.8245895972892496
6928,6927,0.5450880555601215,0.6175103761036871,5.629898408487567
6929,6928,-1.8247603795153058,0.6646663244847562,2.86361624936728
6930,6929,-1.280239028578877,0.6797354918261838,-2.6315117404677406
6931,6930,0.31811084206342183,-0.2455817692594621,-4.208054178804204
6932,6931,-0.4828766649273589,-1.3030992499614298,-7.916836838349938
6933,6932,-1.484900877117251,1.412418344456702,0.6471074404283231
6934,6933,-0.08313718672422914,1.3618260693283346,-1.5549660917020558
6935,6934,-0.7043342898033267,-2.2734469966267237,4.482200195341822
6936,6935,-0.0011027789176840405,0.4684448270024527,1.763599131401844
6937,6936,-0.5377597616457669,0.25631136764982243,0.35796981964523256
6938,6937,0.38852575676249623,0.33267992790800954,1.8870949294583057
6939,6938,0.07503727185148575,1.784173260936788,2.161864151441639
6940,6939,1.3495029672948473,1.7809254871236395,3.6559196045153906
6941,6940,0.8257715131394395,0.9215353778478311,-1.3578219361124049
6942,6941,-1.0171548879259076,0.9573778091378592,5.028985314451225
6943,6942,-0.1335798483024457,-0.9597304079928691,0.0029214874238002175
6944,6943,1.761185254082408,-0.005012282749938468,3.7144395416942984
6945,6944,0.08624628443514308,-0.007164768317465514,-0.9388335935826343
6946,6945,-1.3298558743025892,-0.07958081226124161,-0.372562539292577
6947,6946,0.3000325547629801,-0.9120130016195285,0.125861578942434
6948,6947,1.159327172953976,1.1591242236037238,3.1186971279914135
6949,6948,-1.4894170692775055,0.5965677552053912,2.9836911060239606
6950,6949,-2.448423730325985,-0.7984378409732834,2.4781468017690775
6951,6950,1.233421734322178,1.8018921743777647,0.8561186533392512
6952,6951,-0.4597368455599564,0.5816992222829935,4.1425990850969985
6953,6952,-0.21064615886930319,0.4976360148749506,-2.3343050564226444
6954,6953,-0.7511831432538636,0.8325078259943696,-7.17198986174141
6955,6954,0.8562470195539215,-0.7994571854932405,-2.5773661011174935
6956,6955,-0.9218059516630362,1.158543175421316,0.48545922138358466
6957,6956,1.9701649656018139,0.23386807904916293,4.130007206129146
6958,6957,-0.05452122663545526,1.0758872423572245,4.560676527179684
6959,6958,2.1404551605933184,0.5136371240234819,4.976373720705175
6960,6959,-0.25429648634490354,1.4181716927081205,-1.3408967555248341
6961,6960,1.209691431378126,-0.05541851749221263,-1.7791225176471692
6962,6961,-0.9427332828512126,1.026963758959646,-4.893051364666159
6963,6962,0.19632256862068254,-1.1129678812989872,-8.188982940591005
6964,6963,-0.35627228938329725,-0.5722763738807247,3.6719381814140886
6965,6964,0.761276213842396,0.5747062389518558,1.325066744743866
6966,6965,2.765550991939947,1.3067284005271549,0.13918022976210398
6967,6966,-1.2375715665216962,-1.81123330753985,-1.3185389104567893
6968,6967,1.312001391040127,1.3189231182727716,1.292664845573872
6969,6968,-0.5948712825764089,0.35192686784314464,1.2766374883000953
6970,6969,-0.2012667877702799,1.2248064063920667,0.8586680680215242
6971,6970,-0.08228160872327811,-0.042284124211977955,-1.6261425772973963
6972,6971,-1.105228166768724,0.5938736527401006,0.03415357632227023
6973,6972,-1.1286687035195646,-0.4050273736487089,-2.2145618227516337
6974,6973,0.5444811941353305,0.7467271427880443,-3.93510104303286
6975,6974,-0.3446384865384863,0.1361557609567546,0.5375851596814977
6976,6975,-2.2934703513258303,-2.0380722252761885,0.6197885298243982
6977,6976,-1.7604360432859596,1.661922056199252,-1.8771989001393232
6978,6977,-0.8478734943578189,-0.3574582568586464,-0.9316765809826824
6979,6978,-0.24070601702821967,-1.3980341039510333,1.907322594502083
6980,6979,0.8219914291198581,0.5305083088347451,-2.2052685643715377
6981,6980,-1.1937164422065953,0.8436214434391726,-0.22528464985145225
6982,6981,0.22393172051581095,-0.27928597680750356,1.5745785288415564
6983,6982,-1.1021214918329867,0.5638000893236221,1.882188775021282
6984,6983,-0.283950500757798,-0.7455844470308443,-0.35039950966538175
6985,6984,0.9097965170742417,-0.8429222420048805,-4.391001172808591
6986,6985,0.6932016045545238,-1.3546893002256877,1.820805045998379
6987,6986,-0.4292856338367548,-0.1753095090459999,1.8622319721581129
6988,6987,1.6747343905969896,2.1133949239411582,1.767243752302238
6989,6988,-0.13522186421749632,-1.6090416503197809,-0.602321181731007
6990,6989,0.40882073358245247,2.009570850876284,3.455620766267719
6991,6990,-0.8690738220864008,-0.2014453055424117,1.0430130237611672
6992,6991,1.1122525598130306,-0.14035295410682688,-2.8033784499751544
6993,6992,0.7132450590719547,-0.16330887300258634,2.346354588102371
6994,6993,0.015645876925279467,0.2803229504553828,6.790858785067653
6995,6994,-1.1875995222140028,0.6890498587378402,0.7433257867399434
6996,6995,0.5860059640531141,0.22168309021978216,4.495805290056339
6997,6996,-0.6727508095850018,-0.2351758260230678,-2.051564170686197
6998,6997,2.8027424816043487,-1.0357538242159483,5.863424259892386
6999,6998,-0.5924206960312258,-0.8563626669210903,-2.9562586817885688
7000,6999,-1.3956844442169432,-1.7722588901023728,-3.0186962835186866
7001,7000,1.4557822296438128,-1.7718492085383462,3.6212958180119434
7002,7001,2.114442492844485,-0.5221346129187406,6.810160319715573
7003,7002,1.2999588405069404,1.5621661800179487,1.8040856069522722
7004,7003,-1.7960969373482902,0.03561132093690518,-3.8748984028387348
7005,7004,-1.683768970400688,0.7169629219042811,0.7079704169822842
7006,7005,-0.9038826831585783,1.071126566355543,6.760315967642614
7007,7006,-1.0988040783981143,0.5608660294712176,-4.769531885994672
7008,7007,-0.4855994009215849,0.2142508559207942,0.2462099438096248
7009,7008,-0.4652493535818326,0.7891535778797472,2.4404884391197124
7010,7009,-1.2499792760356405,0.21880769454439294,2.2854889739789805
7011,7010,-0.7921373312566892,-2.1697771714246747,-0.36907350305337616
7012,7011,1.4060161975322247,0.3831407597721755,-0.07509515368452113
7013,7012,-0.6916154689785123,-2.093094161207756,-3.92948343547901
7014,7013,-2.077930952419392,0.2226276119012368,-0.10012947698576685
7015,7014,-0.8652181156874593,1.5873782498772613,1.3841924257728038
7016,7015,1.0644484909941512,-0.7549079540688152,-2.7129400340282865
7017,7016,-0.11423450664441015,-0.07942878059094272,0.8600157812648903
7018,7017,-0.4189957776697858,1.149262395049505,-2.944664043374195
7019,7018,1.6132054894806709,0.24135331639419735,5.611780918866967
7020,7019,0.325761247544515,-1.1137859444813463,0.4709433735578897
7021,7020,1.2227450453253474,0.06399991628611038,-0.22265455197930395
7022,7021,0.43869838116314197,-0.1537431396401182,-2.0085578568703144
7023,7022,-0.7781931521705461,-0.42602146976203825,1.6845793651538286
7024,7023,-1.0609965101005636,1.122423764622072,0.45841721304209493
7025,7024,-0.5758353103942343,-2.5033942184798263,-0.9801219810795969
7026,7025,1.6853289749435718,0.8120224137509989,6.520686191675054
7027,7026,0.4110427722435485,-0.16176384153676146,0.004619742390390813
7028,7027,-0.43868401844702926,1.2767418383710805,-1.8013703742191849
7029,7028,0.14858912828900186,0.4269140772134311,3.490686793131175
7030,7029,0.6374386897309552,-0.389843079245369,-0.7565843504431454
7031,7030,0.2060165287894059,-0.2739697257237805,2.391686289728061
7032,7031,0.7547855402478775,-0.7759767779185011,2.0353089413120857
7033,7032,0.747728625804541,0.8050692202882422,0.39144352490721857
7034,7033,-0.2554381845221067,0.6363483908812458,0.47842284261371937
7035,7034,-0.5445121966640598,-1.6890815558828167,-1.7546540729498539
7036,7035,-0.14108149220906935,0.1658967862201055,3.7678821402685445
7037,7036,0.9986577125795892,-0.43483291466128643,2.8406263436188173
7038,7037,-0.17891245097132186,0.6063472100611857,-2.244294546007307
7039,7038,-0.2651054549073654,2.1155795093268743,3.111440548447301
7040,7039,0.048432534343391474,-0.06536413834310223,1.0634005831511661
7041,7040,0.6727501525850246,-0.6174789229665517,0.6023902021139067
7042,7041,-0.6219980383765128,-0.34237487794263666,-2.6679557798180005
7043,7042,-0.547585520536929,-0.37689855339308487,1.132683872019101
7044,7043,1.3481932353035373,0.6955956859397526,0.26549111705168177
7045,7044,-0.7435654600159204,-0.9119114166741878,-0.26759771552712397
7046,7045,1.3285868605890307,-0.1357395247183803,6.106365706778358
7047,7046,-0.361511007915786,0.5022108097747112,0.46007501636477205
7048,7047,-1.9493507028175123,-0.5313129362414292,-2.0778242970744722
7049,7048,0.8036867034936291,-2.2664104639663574,0.17602142128416676
7050,7049,-2.7227716733200436,0.8549440270638688,-6.949649956708112
7051,7050,1.1393529592557576,1.9600489954636762,1.3651845086259207
7052,7051,0.5223463896800996,-0.14239596479311792,-1.556232362234848
7053,7052,-0.8709939586830069,-0.34233709640513055,0.48082801586280766
7054,7053,-2.3451264114851154,0.7841156961400649,-3.3743259135186863
7055,7054,-0.7874769634172251,-1.4916853716307088,-9.28545624041822
7056,7055,-1.5218100006910675,1.9578478389775722,-6.4028992915658245
7057,7056,0.8436634054484335,-0.6987961343418579,0.5230513872835081
7058,7057,-0.4411002879317968,2.163276766837019,6.746543063654607
7059,7058,-0.5385689018135316,-0.06459375138279565,-0.41001817453353295
7060,7059,-0.8443639191202239,-0.07805105550649882,-2.129223606331501
7061,7060,-0.6122527469462615,0.24693137628235223,-1.2040721497790081
7062,7061,0.02421481716089627,0.3254649367578173,1.647691048946775
7063,7062,-0.8993073024977243,1.2783795803805256,-2.948085780248384
7064,7063,2.6300172826438093,0.936566569403559,-0.15848474409289487
7065,7064,-0.29033733143628837,3.180219971800401,9.938296762168653
7066,7065,0.2520648701409739,-0.19515242179903997,-1.1738539586137895
7067,7066,0.16721192148513253,0.568583361074668,-0.9383532835436373
7068,7067,1.5617081745854744,-0.8386441089755305,-0.44893147447613807
7069,7068,-0.41623779368660774,0.7214232629410217,0.9689988124962067
7070,7069,0.43903555849949444,-1.0785952284554174,1.2078690865840171
7071,7070,0.713329815736397,-1.43152179523009,-6.064639139436062
7072,7071,-0.46336843994737315,0.3860346843470571,-0.7075218089902964
7073,7072,0.20541400356982334,1.2541744261392138,-2.0197098121767407
7074,7073,1.370048297259375,-1.0980048030146992,0.5532444803881928
7075,7074,0.11289438115497162,0.8035286004285164,-3.330815001373812
7076,7075,-2.062231648560443,-1.8467227455410529,-9.55109116325058
7077,7076,-1.6748935716345998,1.8637683934058629,1.1477386287143394
7078,7077,0.1730572959793233,-0.8866928367157593,-1.3409072643542523
7079,7078,-0.9427228098542046,-0.6631818670399865,-4.074010213252751
7080,7079,1.7535501089426584,-0.5870587440008562,-0.6817682811001605
7081,7080,0.38679302679696337,0.2073196873911098,2.7340917017546857
7082,7081,-0.3390106680882527,-0.5383455744844396,-0.8804945156254111
7083,7082,-1.0388608071689436,-1.9566911118802357,-0.7545389846258449
7084,7083,0.40288083535230373,1.4986428654812984,5.449037939037187
7085,7084,0.5286192085775678,0.8529173667007323,-0.2993721099932892
7086,7085,1.1095794550207938,-0.15323967865511656,1.9095600427449464
7087,7086,2.0831423583235336,-0.6724279196216936,-0.1341850422620674
7088,7087,-1.839901792934534,-0.9757192201659082,-6.438959873947512
7089,7088,1.1970440139584742,0.387861146109699,2.99653001265973
7090,7089,-2.061757816178837,-1.3699520378401662,-8.6754612100079
7091,7090,0.8196715842847163,0.5587205219854422,-3.3492591931560938
7092,7091,0.9164196185567861,1.3651153253031965,1.4970706787179902
7093,7092,1.3791799050099525,0.2515969860953173,-3.4704861305135406
7094,7093,1.2678920629618553,-1.1833366587812613,2.204111746669542
7095,7094,-0.3384627042672537,1.0184019881840651,-3.0365080140335903
7096,7095,0.5761675107096181,1.3927952163246322,4.0082478681205345
7097,7096,0.8299672228991682,-0.7646554090577896,0.1636857398038024
7098,7097,1.5028526486837517,0.5849285575344745,-0.1074360539643846
7099,7098,-0.5153611747512521,0.08880128586519866,-3.1649995020639925
7100,7099,-2.9011533731986936,0.9240106766063572,-5.735175757399278
7101,7100,-0.2649961368679598,0.7832547984238184,3.105809329787919
7102,7101,0.33536377512225723,-1.1260048698338765,1.7750676246910904
7103,7102,-0.6129695281721212,-2.1951114806626073,-1.796521642923766
7104,7103,0.6364569763363317,-1.808468479980026,4.116447001632366
7105,7104,-0.7903029149650177,2.0555743693932693,0.6969074283234111
7106,7105,-0.2437525872437778,-1.6123611571565928,-1.6962838863034027
7107,7106,0.13080407172092426,-1.4951687370156148,-2.5123405035868274
7108,7107,0.512682073765243,0.1986340338712384,3.2984626432101667
7109,7108,-0.14272628882144636,-0.10241876451314777,2.587503050655406
7110,7109,0.9937900845947839,0.9195343175871247,2.8220759448250217
7111,7110,0.35660258482158336,1.570111165997238,-1.7867080822002492
7112,7111,-1.0665064845373466,-1.0914173138289864,-8.721026747191246
7113,7112,-0.6097795516962617,0.38141588437429347,-3.5256762913281188
7114,7113,-1.0156994736658824,1.6964269459721766,-0.45022348545579205
7115,7114,-1.3516841732331286,-0.40063450469496514,-1.2984281994128035
7116,7115,1.2222868038250578,-0.39492773040832396,4.21196758224638
7117,7116,-0.9986252087000068,-1.432923062283987,-3.551121006523486
7118,7117,-0.5041499465927773,2.0491939952263936,2.8769759864902555
7119,7118,-1.4622146153876843,-0.7127509465087987,-5.951580075502402
7120,7119,0.5910635899584203,-2.4853615628766472,0.13566719473562389
7121,7120,0.8603388932131071,-2.277971208543781,-4.839842176221232
7122,7121,-0.5416026292480036,-0.1042100400067756,2.5213515051075217
7123,7122,-1.2479005940022234,-1.5767196627123217,-6.134622827915008
7124,7123,-0.2749955790318157,-0.32245349345626617,-3.6412569458257673
7125,7124,1.5290493423481935,-0.24958446422848896,0.6324172492710604
7126,7125,-1.4393393024924996,-1.004515933218944,-4.710054709975459
7127,7126,-0.6858877159539668,-1.107722980032186,-3.0181850030807977
7128,7127,-1.6766991898916557,0.76852915643869,-5.489532428877762
7129,7128,-1.1336958192725275,0.593914355891145,3.141861955318229
7130,7129,-1.334121787076359,1.4771018351279295,-2.2063505533959025
7131,7130,1.1556754686213904,-0.3940203436214132,7.971105518651226
7132,7131,0.5420488394795929,-0.1939600568628749,-3.094638100183943
7133,7132,0.3693083185127743,0.535999080467163,2.0286459350256996
7134,7133,0.8758004659887633,0.6180307364940305,2.9863371565459707
7135,7134,-1.8098424870383394,-1.6226371757160223,1.7367498560292591
7136,7135,-0.31678763723471265,-1.1978659734571417,2.9324702552691253
7137,7136,-0.08640976753772703,0.6447269890310995,-1.9826608794597704
7138,7137,-0.6982004848010233,-0.8074358565781773,-1.419348197660308
7139,7138,-0.722948898266887,0.6613391410229176,2.724525379100192
7140,7139,0.8051898040561151,0.667795974795597,-2.90123882112724
7141,7140,-1.1536943785344893,1.2649057315424974,-0.5736989666816003
7142,7141,-0.6376746081040932,0.5760908643142757,0.33439040604686154
7143,7142,0.5567053002788623,2.1545241938858837,5.178990244062125
7144,7143,0.08240915298764792,-0.6246459805443719,-1.4712242375722107
7145,7144,0.44381794872926345,-1.7727571368819819,-1.3341858923456726
7146,7145,-0.04639160910185355,-0.19003705949382776,3.3284889425382067
7147,7146,0.539471934011257,0.5463475311231885,2.4795570098618476
7148,7147,0.1531606140276813,0.17068013435593898,1.7050791686158786
7149,7148,-0.5185633039231942,-0.24815504478154557,6.164676370730879
7150,7149,-1.255118911971464,-1.8707229482264445,-5.674329976647477
7151,7150,0.6257359753408143,0.3414131243787683,3.40739770156156
7152,7151,0.5588845075050862,0.2545360370447128,-2.100143819961857
7153,7152,0.25956599719497286,0.16445373280391795,-2.3786598312357334
7154,7153,-1.5314135697228548,-0.6049548986836715,-4.562988686141967
7155,7154,-0.17820206521971604,0.19088089364435978,0.5142270809172425
7156,7155,-0.9345684605067863,-0.9526486238163664,-4.3990177887550095
7157,7156,0.4996351516202922,0.022398954129901255,-2.4483211608553015
7158,7157,0.08108242469239778,-0.7424729576542902,-4.7914286757528375
7159,7158,-1.1333448017193044,0.7229814510019278,1.786387241668324
7160,7159,0.9582843902381447,-0.03294263373694465,1.8127648158350598
7161,7160,-1.4857705379966657,-1.559755801426102,-3.59871006800374
7162,7161,-0.4507367693336724,0.11288968735330397,2.5455483909674195
7163,7162,1.2232145379791244,-2.9060883028267908,-5.666614837891451
7164,7163,0.6830888632754358,-0.17558173040483338,6.395315624478814
7165,7164,-0.045759769410942036,-0.33609315317385846,1.980304917870186
7166,7165,1.6475850572185038,0.5138036518250119,2.4374143553769705
7167,7166,0.3362654253557888,1.1862516451503875,6.319165050685611
7168,7167,0.09559417256014485,-0.5406976195704856,-0.12421322596181056
7169,7168,-1.713763176698301,-0.4575393867992477,-1.924356468696374
7170,7169,-1.4900196004555508,0.39199401397505534,-5.408125632813329
7171,7170,-0.5327954677692721,-1.3981682049551734,-0.45864510250719914
7172,7171,-0.03650713206198278,2.0306501529158343,-2.818270776768448
7173,7172,-0.3520976987325161,-1.2583026788520364,-4.529484196769614
7174,7173,0.5479459920739029,0.9401763792648858,1.595288438700514
7175,7174,2.5941307076568614,3.169317064157816,8.061593307415805
7176,7175,-0.7332274995248729,-0.9031905408254054,-3.5010322442226585
7177,7176,0.060550810147396016,-0.2924511413386106,-1.594411160528539
7178,7177,-1.1416233580395205,1.8831102102616462,-2.8531698380368247
7179,7178,-0.41943321596842037,-1.9655847115353686,0.5223308899680974
7180,7179,-1.5591614700402312,0.7341569532329872,-3.9054674137410474
7181,7180,0.6371097789796965,-0.5729162474495104,2.819130994497554
7182,7181,-0.044309296276506954,-0.43273294097385984,-1.1193339990041271
7183,7182,-0.7329249537238796,0.7839087194529404,1.7614279032407114
7184,7183,0.030740142806404587,-0.8957451102648982,-0.2942902928002835
7185,7184,-0.004036923082742703,0.025443724357405172,1.6524697081706425
7186,7185,-1.37964420461379,0.9470286694712136,5.067595447256492
7187,7186,0.04777319713892804,0.14573016554782028,-1.115899975001298
7188,7187,-0.15431396023292895,-0.001947018922293075,1.6967784895334095
7189,7188,1.189070958333015,-1.7310809847160284,-3.5434106245797596
7190,7189,-1.1218258799353937,-0.26468813092555044,-6.146722439983922
7191,7190,1.5721948107676773,-0.23650396915360655,-1.0722269878810553
7192,7191,-0.8509750230002828,-0.809952185613014,-0.8150046637986788
7193,7192,-1.751623055927235,0.9904857702564457,-3.4366672499602515
7194,7193,-0.28532398460142977,0.19859721576392553,1.525152917502106
7195,7194,0.007224453270363792,0.12286911248247545,3.694836164688037
7196,7195,1.095924155492162,-1.1283016025462864,1.6898215524038636
7197,7196,1.3193300950671707,-0.11097221372220518,-5.449021285518286
7198,7197,-1.5578731289599337,-1.165580024652281,-1.3903307891491528
7199,7198,-0.23542922599978863,0.013105284495411457,-1.0303207628317845
7200,7199,-1.0792355740555621,-0.5669116156369106,-1.5307167676421671
7201,7200,-1.895507024898072,1.5817337583163324,-3.0890478691853342
7202,7201,0.6293170394151896,-0.577901178505777,-2.334199352434075
7203,7202,-0.6332711518010928,0.10723384781512027,0.5040660217909685
7204,7203,1.06081045973685,-0.039454724371055676,2.811757496642035
7205,7204,-0.18554139758758162,0.05946539197530845,-3.5017835043835173
7206,7205,-0.8686987397963936,0.4932037387572246,-0.3905228561650676
7207,7206,-0.5077336834164857,1.128273253179233,-2.16197915221107
7208,7207,-0.9006794525582694,1.332866933079542,2.61022218351813
7209,7208,-0.7087482943796467,1.2607749952411214,-3.3072257927029756
7210,7209,1.6055923778882453,-1.621626785148288,-2.450985142121734
7211,7210,-0.8226991440049662,1.814388684931378,0.9613922671644746
7212,7211,0.5233527252653297,1.81480935385827,4.024556796503259
7213,7212,-1.1987390232034925,-0.5036343820964292,-5.861593239045484
7214,7213,-0.879879199668117,-0.2764598404442727,-0.9533426571301385
7215,7214,1.0572118066825245,-1.4137441517452132,-2.669812382794648
7216,7215,-0.830333467939679,-0.4176871220378463,-2.9279680895539304
7217,7216,-0.06372123867677945,0.6968668113706595,1.736002087467006
7218,7217,0.9324265446014597,-0.7069273696951771,-3.250173600310636
7219,7218,-0.8856026596510154,-0.32066218170109667,1.397083818467347
7220,7219,0.7544120771094919,-0.22824003545532986,0.4893979010329762
7221,7220,-0.6917152359773663,0.5314170614646812,2.5850162041564317
7222,7221,-0.9067961472891908,0.6972880144598923,-0.7583321126680214
7223,7222,0.9509430310699918,-0.7630100859199656,-4.804387262299954
7224,7223,0.422666735963756,-1.4434991949221725,1.7379557990181218
7225,7224,-0.796181494367433,0.3026356649768148,-4.401255505015134
7226,7225,-0.4080115496222693,0.4857122314113532,2.047174461140016
7227,7226,-1.1482889309205433,-0.9708070866363716,-5.03292832952307
7228,7227,1.9276547567559137,0.6658359977062507,7.350404118022119
7229,7228,-0.5912779874818189,0.3895368065051018,-5.19879925642819
7230,7229,0.25253225447066613,0.6691898378074931,-0.013235535508080404
7231,7230,0.6223163148629913,1.8687034777483338,4.116035451828731
7232,7231,-0.885162327307114,0.3054170452072302,0.4743084362975958
7233,7232,1.3485174202222523,-1.1736323377315752,4.073285199161647
7234,7233,-0.2828803792909254,-1.0728747859065806,-9.51951063912996
7235,7234,0.838869028365949,-1.2579520402305582,5.491506115106816
7236,7235,-0.09640085854062584,-1.160647992761401,-2.624475481199509
7237,7236,0.46685419096010994,-1.546484194103476,-1.001254489259569
7238,7237,-0.5669238819993438,0.31880286348343545,1.969735924530244
7239,7238,1.1098138078538222,-1.3476031172855636,2.2126720974796976
7240,7239,-0.35878747718018184,0.28347995579490637,0.4022588430401191
7241,7240,0.8300581944686124,-1.719746309401676,-2.5391652405681384
7242,7241,0.593841719754306,0.8677809141667249,5.580375691151469
7243,7242,1.6986912048567335,-1.0010588755871488,-3.429588618916065
7244,7243,0.39144374026126905,1.4261460961407262,2.783336017262184
7245,7244,0.11125958018625227,0.8751663036430656,3.3337655972442946
7246,7245,0.311253493661527,-2.1936950457732727,5.767899267855462
7247,7246,0.06408766326243237,-0.9849411128463502,-0.9979870757417533
7248,7247,0.3643613102489865,-1.3098937874166166,1.2704759615632708
7249,7248,0.15390932796778745,-1.2909965313821312,-4.289443215142384
7250,7249,0.5374646072661543,0.3616224089277693,-0.7111616051111243
7251,7250,-0.23500661080659271,0.09811054793087708,-3.755113354953547
7252,7251,-0.1041000288870879,-0.23568394902043158,-0.2956214380458466
7253,7252,0.6474146913749244,-0.41176563553013695,0.9201981875466313
7254,7253,1.1210726682712238,0.9862507764257947,-2.275595337310105
7255,7254,-0.6200809529673167,0.141365047395675,-1.0445353928649512
7256,7255,-0.2443444506486617,-0.9551010940576606,-2.474596762255162
7257,7256,-0.6369876889742034,-0.601715019869053,3.834840465653403
7258,7257,-1.8866057991844516,-0.07071142344483068,1.2907170725959327
7259,7258,-1.2912444793052509,2.0761869494184766,6.914772117801467
7260,7259,-0.7226737912339907,1.5953504040402362,-0.13720915182053428
7261,7260,0.11187675630893465,-0.37469061159742584,-0.5540514343969203
7262,7261,2.2348966498805085,0.820263375995064,4.382776008245219
7263,7262,0.2933409702416293,1.3792784513336078,-0.7649737567702803
7264,7263,-1.947534882632001,0.9974660576131351,-3.020085199223768
7265,7264,0.06682089438012744,-0.15270561566296717,-1.1266641161984337
7266,7265,2.057380395136925,0.30035476862177357,0.269731527055238
7267,7266,-0.2111725033004304,-1.3308601798958033,0.8838033417507333
7268,7267,0.1440036393608992,-1.2158168700645002,0.6312106144154657
7269,7268,2.9434490517447145,0.6613381873244606,3.61249800315621
7270,7269,-0.931958727626323,0.23401704439715354,0.3117643732719837
7271,7270,-0.4575249463957698,-0.36445483706789794,-0.5637153752785857
7272,7271,-1.8364395640445457,1.5147176271431002,0.3162619089269083
7273,7272,0.905837183566935,-1.6551317192897528,-4.750633444010322
7274,7273,-0.8050265050909476,0.6645926221145572,-7.713056405389579
7275,7274,-0.9667650187146001,-0.8814929105906255,0.3830874892809186
7276,7275,-0.5684994938916692,0.7780673163832152,0.8567793240855142
7277,7276,-1.4211092032160815,-1.8114696004140798,-2.870661832126368
7278,7277,-0.9768433097099479,0.48675846593464744,-3.7451662289874013
7279,7278,-0.31826087093756267,0.07101877534906989,2.7302381747237336
7280,7279,1.3259634683552037,-1.0773077888176488,-1.1298929666281867
7281,7280,0.9639733740178312,-1.4508780533098073,1.8564789711734544
7282,7281,0.34503717192763067,0.03732446699241417,2.4481582891587967
7283,7282,-0.08319552174935636,-0.32333749137193085,-2.4424761640246366
7284,7283,0.7968121986171708,-1.7854791833766914,-2.7935311609530746
7285,7284,1.8814279460582393,-0.8658604609625511,3.430454736994984
7286,7285,0.17536195004628374,-0.07197831374978723,2.8566876456056223
7287,7286,0.29535906001829726,0.7244555505202372,1.7311076166113082
7288,7287,1.1158355943522518,-0.40932288355547236,6.062739639519622
7289,7288,-0.14036095523495692,0.3644500536025615,-1.6029158597825695
7290,7289,1.6007411215849416,-0.6884767685935876,-1.7257970177519184
7291,7290,-1.6593929469037803,0.3010179556091919,-0.7376840728468663
7292,7291,-2.056247132955427,-2.738214785967141,-4.732129959180167
7293,7292,-0.6122844936071467,-0.2240961963457271,0.5383177601377378
7294,7293,-0.19891295489172192,-1.0147740631395714,0.5146386664540392
7295,7294,-0.005369731005906725,0.15219918002995386,-0.3808129998834767
7296,7295,2.009436461520531,-0.6732828823247125,1.5732618963493206
7297,7296,-0.12530196209324743,-1.3454475420641563,3.631068869964434
7298,7297,0.31093822153810624,0.9906238633375023,-1.2021565522785833
7299,7298,-0.3066145076183074,0.5398205978612904,0.6839955535054045
7300,7299,0.8590723508155271,1.0897946916578387,1.5783053529533617
7301,7300,-1.2995303489333652,0.7267904632776221,2.086331684895309
7302,7301,0.7285006353919519,-0.923371827904107,-1.6780454831935065
7303,7302,1.6500662906062158,0.8749519528228585,5.204441128737874
7304,7303,-1.302145100668939,0.14531653532443997,-8.705227071402913
7305,7304,-1.3164965150281391,-0.017348237632971067,-6.054583572267685
7306,7305,1.8337236318533359,-1.0567806375196087,2.9112188523756326
7307,7306,-0.4603524435367934,-2.1298837465197282,-6.223802965828609
7308,7307,0.41488023818261,1.8300049003000678,3.10554030977754
7309,7308,-0.2948328609150509,-0.8126818041514313,-0.2827156811363776
7310,7309,-0.4094292034494503,-0.27543416254920444,0.8923799263127161
7311,7310,-1.2294410630520478,1.4874258596116978,3.798694051095969
7312,7311,-0.24000543090614546,0.6751462533273732,-0.47006692258804617
7313,7312,-0.6934678973344646,-0.38865424759210043,-2.6224733233822897
7314,7313,0.5630743799561414,0.5859729296639384,1.333083707193174
7315,7314,0.5648605177171414,1.7331277584444027,0.16495947497829144
7316,7315,0.7884157412773023,-0.5962937005098207,4.65656930079589
7317,7316,-0.8244057886686345,0.8465160254148332,-0.13360206240991224
7318,7317,0.046830974282067714,-0.0801069268941198,4.013147673493762
7319,7318,-0.6479508998463048,-0.5306166412399919,-0.7375022626730587
7320,7319,0.09717348032545244,0.7185274415211802,2.2621751155851397
7321,7320,-0.32801261471757137,-0.2364922813914726,0.25068453428971804
7322,7321,-0.9381561973347894,1.2744709118898658,-4.516424653033429
7323,7322,0.9796507528627509,0.653983635220752,1.4642180289583662
7324,7323,-0.6530111811180331,-2.588282466050263,-4.750385192778641
7325,7324,-1.6347863019608808,-0.5872879354344106,-3.380817350887165
7326,7325,-1.5256359605103857,-0.19854148043594178,-4.618790313314434
7327,7326,-0.8842353078627261,0.5385866724485527,0.48645726139966716
7328,7327,-0.9153094168084407,0.5904874966635258,-2.2855212669087095
7329,7328,-0.1670998631648766,-0.3324617514586711,1.892519342572609
7330,7329,0.4037176104506964,0.14852632560034834,4.347032556408954
7331,7330,0.1689024666897636,-1.1911645548391465,2.135140092229833
7332,7331,-1.8709685882958416,0.7164288513781559,3.3827748377495714
7333,7332,-0.6817354773437939,-2.9031742096243685,-3.6250430450093414
7334,7333,-1.09614765207618,2.1192027266825537,1.1239180809116736
7335,7334,-0.11273849155094645,-0.017550106545424465,2.1842422149921203
7336,7335,-1.5039635958673212,-1.456293926182569,-4.051209223585614
7337,7336,-1.7009583320444783,-0.4167638136478576,-3.572188718914322
7338,7337,1.4483909293955155,-0.042950068756799756,2.971848081375242
7339,7338,0.1031507740903605,0.5643216897057551,-1.332670207059682
7340,7339,-0.8767276220955627,-0.03794042236709772,-0.28829035831300254
7341,7340,0.12154132800329995,-0.3640939451185191,-2.5063928364669206
7342,7341,1.5078497075437154,-1.3221533115798279,0.0379514387523483
7343,7342,-0.9019467127447297,-0.708410083327777,-4.968070634566095
7344,7343,0.5734054667452292,0.8567124191648006,-0.8207980571823724
7345,7344,-0.43358499524741295,-0.20240184671809652,-2.2003875323666087
7346,7345,-1.0701688090257453,0.2017088563033266,-1.9356855525787577
7347,7346,-0.011387512551920342,0.47712255808555687,1.2726647540670877
7348,7347,-1.1638154598519193,-1.1350588983653385,1.0205300566301376
7349,7348,-0.4254485333584457,-0.18179184003143095,-1.8779073898846363
7350,7349,-0.549128159121327,-0.6386145681739243,-1.2244300884850086
7351,7350,-1.3026852101146236,0.268571128145057,-0.15982985654457538
7352,7351,0.6925817670164948,-1.381773127191024,-1.4619745795427401
7353,7352,0.8177583083703042,-0.8562340086935132,1.094213399589517
7354,7353,-0.026985430242062892,0.8277471244575729,6.024174051923092
7355,7354,0.053306188261950056,-0.40895412032012873,3.113337503985603
7356,7355,-0.21542659890244548,0.09396750899856951,-0.15756863018022838
7357,7356,-1.3684816803184197,-0.4732485802911381,1.492801390592738
7358,7357,0.3177849430993831,-1.5285512961217576,-7.183801363301622
7359,7358,1.196927320420119,0.45397211579482727,3.55152458255844
7360,7359,0.752456876122652,-0.515784311449913,-0.6021575150223482
7361,7360,-0.3604466943248925,0.1692932636071825,3.536190664587397
7362,7361,-1.0810842898317825,0.28958040250892597,-0.554983782609294
7363,7362,0.9810672115115604,-0.5518713062753517,3.115746673019784
7364,7363,-0.3420228777752563,1.1475165153325002,-0.9689526529628854
7365,7364,0.7970156547930459,0.3330955601671081,6.993289588314303
7366,7365,-0.5791473952626633,-1.7254467462224488,-0.8816008912753011
7367,7366,1.7068034504718947,-2.123539655017206,-0.17619688066127215
7368,7367,-0.4933652611995184,-0.06656285409841216,-1.693884325623431
7369,7368,0.3701822969160373,-1.1968228188517713,1.3462641349742936
7370,7369,-0.2783723182114409,0.9394122902882046,0.24757618814605842
7371,7370,-0.04578581458424211,2.4445340492673626,4.205393574499302
7372,7371,-1.0491783785985973,0.26373679706078124,-5.358434095998754
7373,7372,1.9024937851094719,0.010354204075544235,7.80802222797815
7374,7373,1.3553397481837317,0.0272887463994826,-0.08470600449025711
7375,7374,-1.2362945262518825,0.508027180278497,-3.5580871333270387
7376,7375,-0.5158029037439216,-0.8221776509329037,-2.7546210354934115
7377,7376,-1.6955986173290793,1.6255065671645896,0.6481371964957199
7378,7377,-2.1348057678904326,0.24291183140663206,-0.28582269939763366
7379,7378,-0.5092231068361528,-1.0593305787554035,1.362200995042536
7380,7379,0.6333157253089158,0.48301998018478093,1.8292027702741103
7381,7380,-0.8042382634464771,0.17778507306557198,-5.252912642305491
7382,7381,0.580557563421717,-0.2365859471254343,1.9111693933484188
7383,7382,0.1344392907660441,2.038084742819099,0.9896935857963987
7384,7383,0.6415394823734197,-0.31474662101390527,4.011980613070634
7385,7384,0.05899386447398132,-0.8540962761760911,6.295699050394055
7386,7385,0.0775427185037187,-0.7539831483411529,4.598772782584151
7387,7386,0.27717469593545585,0.09063351074009782,0.01205927876044921
7388,7387,0.7787904507558928,-1.0391787605461082,7.184905403488515
7389,7388,-0.159048043116858,0.00710459342200507,4.679684512356886
7390,7389,-0.1681625737744971,-0.3679813996431924,-0.9017782659889607
7391,7390,1.1270265675517293,-2.055185601781095,1.4815739961672731
7392,7391,1.0649351885836824,-0.0035005114921508396,4.2805928225932615
7393,7392,1.0030998390079722,0.387341088665371,-0.11216270607360174
7394,7393,-0.2714953065985187,-1.7509102613680247,-3.4266894147189544
7395,7394,-0.2831583821034776,0.3648133720159518,3.051908302855766
7396,7395,0.9049623947590895,-0.955685736935342,5.099328546060729
7397,7396,-0.4577299655992787,-0.9638468096841978,0.5313420606838654
7398,7397,0.9892463664993395,-1.236635938435218,5.614010430640687
7399,7398,-0.2789312867729699,1.0234065436743889,0.2887502433240883
7400,7399,-0.449541025297506,0.7429236549699954,2.82969047657906
7401,7400,-0.2644350973209727,2.9691379469825714,2.5102083354888904
7402,7401,-0.1902410408879804,-0.0490712078076062,-2.499814312315643
7403,7402,-1.169467595512363,2.3715811389593124,1.0085812823177158
7404,7403,-0.5878064203074306,-0.6631648296392325,-4.437021732192895
7405,7404,0.0546113886513509,-1.1784403898706954,1.014554007952048
7406,7405,0.30051001267396527,0.14059369789506015,7.589498618829749
7407,7406,0.13041325009667248,0.438987163800488,-1.4246440065787351
7408,7407,-1.4386587737987557,-1.117242171515181,6.087764443207998
7409,7408,-1.5882498993299308,-1.064066741230638,-3.0805225532806415
7410,7409,-0.9273802021159138,-0.17538477929518162,-0.24808530795164163
7411,7410,-1.2825993566646756,-0.9188046319302672,-5.759378987869726
7412,7411,-0.7312622563088772,1.5832162437465487,-4.999958496713521
7413,7412,-0.29048009144291714,0.6424201540106359,3.109164356569475
7414,7413,-1.6749114197011805,-0.21294662812798523,-9.34427302338411
7415,7414,-0.9891272114322427,0.5773536282425706,-0.26155879183832387
7416,7415,0.3376619954028968,-0.8240180146511208,-2.023144178636438
7417,7416,-0.9241283591804937,-0.03246200719353481,0.09760948897219157
7418,7417,-1.3861029110987753,-0.10170050618091436,-5.551983383842376
7419,7418,-0.18940185367238824,1.2011969561493447,1.8503157005967217
7420,7419,0.958943780441338,-1.1273613515208605,-0.0913629356547665
7421,7420,0.10313029515831033,-1.0140284407418423,0.12965529884021404
7422,7421,-0.3145405595534327,1.382405292360235,0.007800387541598491
7423,7422,0.6431635569959216,0.40042178904623316,6.167616504155308
7424,7423,1.071285910473694,-0.19744333556939914,0.009105452657737267
7425,7424,1.961265477440467,-1.4128231579922608,-2.5452613911666178
7426,7425,-0.9662753131405075,0.3578702833404473,0.6148681936850826
7427,7426,-0.5022241126132478,1.255077711175222,-1.0322500795740173
7428,7427,-0.30589898594612636,-0.16919459461072262,-2.2860506234718545
7429,7428,-1.4785035708828893,0.7125353188080983,-5.603490258707076
7430,7429,0.6826947580830676,-1.0416977753818484,3.9559975428146674
7431,7430,0.03756147048994527,-2.0874099935262223,-0.8686981249343931
7432,7431,1.1451918784596045,-1.5391335958117207,-6.036568293153898
7433,7432,-1.3990770521903177,0.1122833928242564,0.1505745664870453
7434,7433,0.043027437057423255,0.3171347097924502,0.15434081681746165
7435,7434,-0.5410379278556148,0.5383528134181736,-1.5281626684154106
7436,7435,-0.42124339252649917,-1.6086030530372857,4.043358826254455
7437,7436,-0.28315331618057177,-0.09236438813668855,-7.592793908979704
7438,7437,1.182117615682378,0.12404865159570724,5.805801373204988
7439,7438,-0.8054702905065639,-0.6596634316058755,-5.411122052162367
7440,7439,-0.2209375085409991,0.7913227925584356,-1.5074383690986102
7441,7440,-0.2709744557188197,1.8432307830054475,2.105750096748505
7442,7441,-0.060780098534989564,-0.15741399108453472,-3.46795001698384
7443,7442,-0.3378453806766642,-1.2615725085450882,-0.8683719060861097
7444,7443,-1.283018782547719,0.5703646046825198,1.7344164974441887
7445,7444,0.3963850573391196,-0.28150417661296934,-2.9392312070294824
7446,7445,1.3877228263041637,0.19276076342962048,-0.9046111562491607
7447,7446,-0.8341799260731593,-1.1649761626091697,-1.5680983429305322
7448,7447,0.2741920375766329,-0.21863862041537271,4.314787047559216
7449,7448,1.0685219770896768,-0.9881972218477157,3.0639248048548207
7450,7449,-2.241537433640372,-0.36502452591847767,-4.558270765190167
7451,7450,-0.04463553987303669,-1.1208440191540634,3.741754947427212
7452,7451,0.5170464219232581,0.3672072302692976,-0.9599410287917265
7453,7452,-0.020861933836160647,2.0959781258682058,1.6613611108773827
7454,7453,-2.7495079359453967,0.30172830375612686,1.5751044281123563
7455,7454,0.9984750355256086,0.49867184775816004,-1.4247302513908182
7456,7455,-0.41392897598054973,-0.1961271906628893,-4.107335329392028
7457,7456,-0.7529512697693416,0.20160253068198095,-4.350369447725972
7458,7457,-0.8611365615930288,-0.05583462295700454,-6.346637670279429
7459,7458,1.8507990656220172,0.036621888419646774,-0.39713715669986516
7460,7459,-0.011214388803704813,-1.130131810960911,-0.22479520918876983
7461,7460,0.9620220783495357,-0.5897744111709007,-0.5066619518610592
7462,7461,-0.0701882181185472,0.16215633746258135,-1.5946209124364046
7463,7462,-0.14970193014575098,-0.9238325711088561,2.089722726689672
7464,7463,0.3569038076284002,-1.9645519131291587,1.179633927684759
7465,7464,0.6660764282051608,1.1182718102025404,4.210920184739152
7466,7465,-2.386766315948042,-0.03610701471670128,-7.1005724114470485
7467,7466,-0.4290307557097409,-0.6220381182246844,-1.0203828875460117
7468,7467,-0.14368001322476842,-0.7895620643291918,-2.035405263671638
7469,7468,-0.5372907018458957,0.6770743844597591,3.5064934367444405
7470,7469,1.9968544292220414,0.8442586732446821,6.232478140152985
7471,7470,0.3131895735227457,-0.6094215844808578,1.0002218513002468
7472,7471,0.23105899334837665,0.09307406207080973,-1.3158907349699662
7473,7472,-0.9861203072687561,0.6865333849295503,-4.421048015883468
7474,7473,0.6351502403006233,1.445410649509426,0.7341849743292411
7475,7474,0.536397394413645,0.33925587569895416,1.0683716664516656
7476,7475,0.013383087871726726,0.18905303673138646,0.8256317699006843
7477,7476,-0.5962464029448823,-1.3552459029075115,-0.6000133172800567
7478,7477,0.8532629522810284,0.6017307585224652,-6.824056244007401
7479,7478,-0.24006661750631283,-1.0524952140699295,-0.4956339357279814
7480,7479,-1.20060123301403,-0.3315698831339552,-2.1629862850955734
7481,7480,0.11807235587233564,0.587005121453478,0.653293848162208
7482,7481,0.9103949249169908,-0.30445892161065513,-0.2850875091989138
7483,7482,-0.7969796583297757,0.6069956350178392,-0.24746402597241635
7484,7483,-0.49864793157014026,0.5389456104419739,0.3501876465914401
7485,7484,-1.198496255933203,0.4071497682691798,-0.7921924078073348
7486,7485,0.645295448536129,-0.32335447722852895,3.379738064557158
7487,7486,0.9212947094244055,-0.09074013993140206,0.06236226128448291
7488,7487,1.2611398984877016,0.8385099796899703,-5.277629961692565
7489,7488,-0.23698512724607804,-0.11956623512578056,-4.252116428357208
7490,7489,0.37773590240016836,-2.221831290313283,-4.157593031499331
7491,7490,-1.5474203053116127,0.49463386914096064,1.7055219400382153
7492,7491,1.0429947720284576,-0.5429562600932901,1.9974010616308164
7493,7492,0.4691917048520248,-0.041898233413454666,2.0200224590319396
7494,7493,0.6844686876213991,1.5526284246597781,1.5188680865017337
7495,7494,-0.9114796062839543,-2.763269773189983,-2.6812415575972754
7496,7495,1.8017021239349296,2.1811465718229712,1.3254430230356111
7497,7496,1.1111296662985384,0.9877830329771656,7.60613028408174
7498,7497,-0.17077749370885423,0.5744711164501599,-4.975384254874265
7499,7498,1.1836055871851354,1.151484471572168,0.6653777276808603
7500,7499,2.235706610905751,-1.8704199542579265,1.1941553162227059
7501,7500,2.1528450290519303,-0.06536937653168531,5.233292345976488
7502,7501,-1.2114032859519117,-0.6094390103086161,-4.8989673591372975
7503,7502,-0.21536190191108037,0.488782137880455,2.3230665383840927
7504,7503,0.35142776328405007,1.1164829842308148,3.5653873495085837
7505,7504,-0.4339011217072339,1.1355281557885006,-1.8755575402472986
7506,7505,0.7699527798112022,0.5124514368293224,-0.781880469312534
7507,7506,0.04784913885879921,0.1042345086812159,2.729610706525515
7508,7507,-0.5592497609275543,-0.6437210238130021,0.7927002916207626
7509,7508,-0.7266552625508367,-0.4835874256954987,0.1389095456776449
7510,7509,-0.1691592602815626,0.2293589536776098,-6.195965634095508
7511,7510,-0.7352775141008547,0.681167734214564,3.2423954530871844
7512,7511,0.8563766902552749,-0.13391849152490043,-4.930155195542428
7513,7512,0.7626087667807275,-1.4830281113599815,-3.5471278682514606
7514,7513,-0.5390865237131118,0.24379222238525639,-3.241702077534437
7515,7514,-0.7784250696927554,-0.008510498263379839,-2.003613009985184
7516,7515,0.6981152721486029,1.0451268673514975,4.113036654094929
7517,7516,0.13825556784382537,0.6093083383566761,0.49668212684771357
7518,7517,-1.7249559047920966,-0.5739764713162798,-2.9334461108856082
7519,7518,-1.9696419501415487,-1.709777010798241,-6.491349455718938
7520,7519,0.24656828555652827,-0.8851105668455017,-5.656600142102219
7521,7520,0.43408877268429275,-2.3046391631553136,-1.674925073644229
7522,7521,-0.5716778132012201,1.4309682295368449,0.5886854860332774
7523,7522,0.967084406046884,-0.1289856509660161,-3.1484000972449455
7524,7523,-0.31911595797430653,-0.6236899709288269,-1.738043077328895
7525,7524,-0.26673167138895515,-1.6519620635883367,-1.389996524348883
7526,7525,0.7344090520965523,0.6280460033237687,-2.8485236732058037
7527,7526,-0.9004023982289758,-0.502887036653067,-1.3690059494460955
7528,7527,-0.16896157933899164,-0.5663815669922636,6.088685034804257
7529,7528,1.7583708197309802,0.8571825613021804,1.530149665287307
7530,7529,-0.10054602923678066,-0.4417024158268127,1.338373295998625
7531,7530,0.08703573649063319,1.6968920510099015,8.109927366281582
7532,7531,0.29187084086890097,1.7921808493617442,2.6796401371669143
7533,7532,2.097060829200439,0.33163541581438977,5.925750100254056
7534,7533,1.955780330606712,0.5429406192269737,1.5905437308403432
7535,7534,-1.671112305072897,0.6401255305840755,-0.965558610475256
7536,7535,-0.11249943936487168,1.3063413990179085,-1.473812135203169
7537,7536,-1.541356752709916,1.4204451193283039,-0.4825395314999874
7538,7537,-1.2147799677234226,0.5301058351710467,0.7960305098914235
7539,7538,1.8589202387985382,-0.02299493842659913,-1.6178140909335328
7540,7539,-0.6699305534516009,1.5969646968691011,-1.8747085599632691
7541,7540,-0.7200246197819861,-1.1704078076969096,-2.85540827148184
7542,7541,0.9559566188612181,0.5617585190129555,2.382957113158016
7543,7542,0.10746083222013403,0.28060537798157664,7.266613096683603
7544,7543,-0.13884681288534093,-0.5819227931551411,0.21583223692849107
7545,7544,2.6407696370788214,-1.8066510048321556,3.406469710035827
7546,7545,-1.0213657882355032,0.31346406128560317,-2.9289962763747637
7547,7546,-0.7815584963121271,1.6471968755149466,1.4488718620730539
7548,7547,1.1206655880630279,0.7185067269169424,7.012414478863674
7549,7548,0.26599452813544755,0.7235493363476219,2.1829422375094305
7550,7549,0.1296731528837424,1.7086478997329704,5.623246961468585
7551,7550,1.5140956777598689,0.6045897046225266,1.8022970917347265
7552,7551,-0.7086521174992161,0.9274929462430608,-4.592476837612833
7553,7552,-0.7333175418647374,0.523099464568435,0.3702177420568191
7554,7553,0.5694829036809957,0.7018424113220577,2.20612760389764
7555,7554,-1.6055346631053122,-0.8983593850799729,-7.719069627936268
7556,7555,0.17051265975087673,-0.3457685754522503,-2.6936498221094114
7557,7556,0.3304225798043007,-0.2895448199692966,-0.16603120796162107
7558,7557,-0.7658978793435316,1.0945735496708793,0.7730205044247452
7559,7558,0.7231264413965487,1.7244146653409766,0.7285160088069595
7560,7559,1.2476266126783342,1.1942410515795119,2.139608040414137
7561,7560,0.9582038499916156,1.1813332955170703,1.08836158913335
7562,7561,3.1035645745868883,0.2183473210803172,-2.0254238916719376
7563,7562,1.4743237262139564,-0.8152266010830521,10.141732305089212
7564,7563,0.9243428070093089,2.78890454695306,5.3145765606263105
7565,7564,-0.1692540886244133,-1.4867201403576153,-0.7695908088473434
7566,7565,0.43627567379143123,-0.8173057509354819,3.1490457307458994
7567,7566,-1.1796382158572738,1.4575466395909957,-0.034591532314369476
7568,7567,-2.3102650603506705,0.8778805972104835,3.462920801618984
7569,7568,-0.4573506217494578,-1.7686936465874878,-5.474477583751701
7570,7569,-1.026490115839165,-0.27185916243466424,-1.3799478449866858
7571,7570,-1.8726361615157858,2.992324569960319,1.4573240922070758
7572,7571,-0.8368482091070963,-1.5279730117018413,-5.201297555952339
7573,7572,-1.033717900609447,-0.6828552138888443,-1.6794506560300066
7574,7573,-0.7423750807061357,0.3366131396181575,-0.5200400237764595
7575,7574,0.20886731221887578,-0.8080893919869714,2.000515516760875
7576,7575,0.2711427150180431,1.0398043014823715,4.709284308930547
7577,7576,0.7158294567382962,-0.6314489898399223,1.4018271853332038
7578,7577,-0.10985735869459981,-0.014757836585631678,3.4200619423132586
7579,7578,0.45203710473979136,0.49567066096520607,-1.1622753118224063
7580,7579,0.7126690944717329,1.7181079281090563,2.1816915381695865
7581,7580,1.3317480271105688,-1.2629059914313903,-1.4737820641578863
7582,7581,0.3515057443162612,-0.33431896490988655,-1.3766863457741616
7583,7582,-1.0620635661427362,0.9007795165171438,0.600054566949719
7584,7583,-0.9325712803541655,0.7833179321007989,-1.1074659156437006
7585,7584,-1.0094173890737945,1.2293704397025833,1.116298079882076
7586,7585,0.5268567881650628,-0.46661198872501486,0.6456708160863189
7587,7586,-0.9045780177458315,-1.5403850620149426,3.0318391940299008
7588,7587,0.3238407874406679,0.5070816764034654,3.9374894421132844
7589,7588,-0.8208317932521233,0.9789154053791235,-1.9535314692535062
7590,7589,-1.9211357794646475,-0.8704940839067161,-9.204620903840269
7591,7590,-0.21993287288243285,1.542923782925233,0.9597697333447224
7592,7591,-0.2718536029328612,-0.5306966410928591,0.22502756091763548
7593,7592,-0.8975252417880099,1.7472215138011344,-0.8201004632321449
7594,7593,-0.7996018832613893,-0.5904070608934016,-6.9926946103559935
7595,7594,0.8687303903210302,-0.9206623143791778,0.46922208306942675
7596,7595,1.0815856635700265,0.9880126198432163,-3.597889148999423
7597,7596,1.640781371338598,1.0784380328723384,5.399180048680787
7598,7597,-0.5770366236367656,-0.4784712508192894,-0.3362326986521159
7599,7598,-0.47742698382107684,1.2335984726442355,0.7104372309314231
7600,7599,0.14801550125560017,-0.62605529635401,5.169150885759005
7601,7600,-0.3529339829753505,0.36245660646780614,-0.7018121826840269
7602,7601,0.7245989209353376,0.27296398438530456,0.38201951984135146
7603,7602,0.1474042320347437,-0.024030211851953847,-2.4847987590737945
7604,7603,1.0934232822781513,1.076368562165279,1.5788760984235792
7605,7604,-0.5792797785244398,-0.7340866967829837,-3.4231077560699905
7606,7605,0.4203013641499706,0.15101015647394542,2.8144649940007214
7607,7606,2.245096239966824,0.9366771889473853,2.720980868771308
7608,7607,-1.5490996221616855,0.30450606867310914,0.387797894818097
7609,7608,0.33317658222952096,0.6932875891927072,0.10647287965483643
7610,7609,-1.704572805457579,-0.7358356618840861,0.9573637460224704
7611,7610,2.35969920437683,1.1431111576544595,5.390230911528087
7612,7611,0.0881004707768502,0.3711818027421496,-3.524781428445059
7613,7612,1.7726519013854183,-0.9249540690860375,-3.9599621171646535
7614,7613,-0.8857656296246113,0.5402718124327929,-6.451403414654908
7615,7614,0.3711331828318019,-0.9044808389702504,-6.144443885895596
7616,7615,-1.3941324666060335,0.9364660956159938,3.9451807893810873
7617,7616,-0.08944584354991239,0.3685988003558433,-1.3134081743116004
7618,7617,-0.2779959502793231,-1.1999624831194318,-1.8352493815616515
7619,7618,1.7715719564123003,0.47884373969275673,-1.9639621278898667
7620,7619,0.7166978120535122,0.2689473557099878,-0.28423921262551655
7621,7620,0.5790482548939744,-0.7945407898294027,3.6441614524561423
7622,7621,0.6389812383194589,0.1455844736687721,-1.6596165935189087
7623,7622,0.6728358774712611,-1.0085279911686278,-3.994547730721114
7624,7623,0.9399167414108252,-0.44710641625852376,-2.809219376889562
7625,7624,-1.0281164985041562,0.8244970907317427,3.2109017096280583
7626,7625,2.3467562800109465,0.5400858822443112,1.7660364419350707
7627,7626,1.0975751258847992,-0.5762950425875362,5.776673249409547
7628,7627,0.3810717575113629,0.8962427997162329,2.6705509135687935
7629,7628,0.6665905190022058,-0.733938453542533,-0.25915307043562696
7630,7629,0.17097976662568828,-1.2218497990342279,0.6752251140725962
7631,7630,-1.7549443682991577,-0.19842887068179624,-4.28624229991241
7632,7631,-1.0850659755503878,1.546698943158555,-1.2479099623141723
7633,7632,-0.3731082386098189,-0.3528602094296126,-2.462952819362362
7634,7633,1.2052085589634878,0.487724236994384,4.505243114047652
7635,7634,0.6448792478312839,0.32984414592871086,2.305582050060847
7636,7635,-0.15103759865069666,-0.2589731422524066,-3.862310949729793
7637,7636,1.5536530751118798,-0.482275700864196,0.4386927295651921
7638,7637,0.5168715970315808,-0.6761617641423641,4.669420283712354
7639,7638,-0.5346495541553175,0.643597119931786,-2.3344540497894117
7640,7639,0.04545114102091584,-2.073639392352157,0.05017966031060217
7641,7640,-1.6333818254547376,1.0170378677679903,4.777955711858387
7642,7641,0.02451644118509453,1.6630125561972307,-2.2588228565423227
7643,7642,-0.7042697546388003,-3.5086498119574747,-2.7296159998527485
7644,7643,0.07791121342697975,1.2506553655264903,5.30822355697953
7645,7644,1.5665420055201296,1.0988692491849248,2.3398297663565533
7646,7645,-0.8686880773293262,0.2007147971596682,-0.22009216372053597
7647,7646,-0.0245857555681279,-0.31035611224135856,2.44384963697016
7648,7647,0.083315993198265,-0.7841427872323143,1.596947474126602
7649,7648,1.3438042463926636,1.6048244941452932,5.123918015146547
7650,7649,0.11974951003321009,0.8134641714873746,-3.7205987695778444
7651,7650,-0.11294808136734792,1.5725489136539823,-1.0989896234156034
7652,7651,-1.9880870609387349,-0.5695594952327957,1.879718710583922
7653,7652,-1.517716310419148,0.31296193249007276,2.496068516067509
7654,7653,0.13365870605285457,-0.3524490026962958,-1.063103521150434
7655,7654,-0.9374659878122124,0.3837757845554389,1.053312242653732
7656,7655,1.6121551351733407,-2.0361588409256375,2.5237681461496777
7657,7656,-1.0906397564947008,1.359298179933982,2.3954312895975463
7658,7657,0.2052307486434661,-1.136040962601039,-3.8896046944712728
7659,7658,-0.6663758183600615,0.6658534809553389,5.112716583229268
7660,7659,1.3395403561949764,-1.4157376868602525,3.5059952659671123
7661,7660,-0.03454144375282581,1.313739837827212,0.2783813296702897
7662,7661,0.5648539879616142,0.5809096920690762,7.642774062776572
7663,7662,-0.7122533282994278,1.0662798019262505,-2.057026340218505
7664,7663,-1.3069361145883265,-1.5695281291832786,-5.055730036393409
7665,7664,-0.8713241952400638,1.6696702733512443,4.132456956051713
7666,7665,1.9736186884907825,1.15351064570409,7.082024384421249
7667,7666,-0.6283953767944661,1.1118440186297578,2.4634154468934417
7668,7667,0.38830692608296796,-1.100728291647606,-0.06212407730761482
7669,7668,-0.09426158072093692,0.26973578710406393,-0.9938095046841253
7670,7669,-0.6954038673009432,-0.48026178465888747,-1.8373222693871083
7671,7670,0.46481715846934596,0.1776394741723363,0.5610458651785657
7672,7671,0.2433441927615016,-0.026238824142072036,5.219850484829435
7673,7672,0.6888299866276525,0.2717919648907415,-0.6570099064873175
7674,7673,-1.0790458763860116,0.7909323651257919,-4.611967905690557
7675,7674,-0.869382644493199,-0.5986733567235253,-3.4894610579991956
7676,7675,-0.3469476385684239,-1.3903000439229483,0.23901552212017774
7677,7676,1.441376961996989,-0.9164921913475573,-1.9873018265988143
7678,7677,1.446056271106092,-0.6757647338461967,-3.688190680877388
7679,7678,0.6492207472474717,-0.0787155912068482,-1.6880969661490601
7680,7679,0.5551548232346675,1.477652043516852,0.6783081099451906
7681,7680,-0.013762716362396218,-0.1844569472766026,1.6830347997050235
7682,7681,0.9360604351334352,-2.247539284143302,-4.2443574389367
7683,7682,-1.3124989061380827,-1.2816051644319655,-0.19023508365056835
7684,7683,-0.30657007441184536,-0.38013284594316504,-0.22434851954240487
7685,7684,-0.4912883255409297,1.0896582978916765,0.9511490709110182
7686,7685,-1.7879483389512358,-2.648314512596524,-3.0964116696369848
7687,7686,0.7949465190344609,0.15997375854354506,3.9298905759374145
7688,7687,0.9477358247423665,0.7182544958604699,-0.7140949424328912
7689,7688,1.3371207412845285,-2.042635647441472,0.34391098947594834
7690,7689,-1.3793141171409713,1.3654383867928181,0.6399825247523163
7691,7690,1.0885542748764017,0.1610751240514646,3.879032081131005
7692,7691,-0.7045961001114188,0.8269801196447149,0.9944139309734195
7693,7692,1.8675816880876932,-1.1597140938424797,-3.301598670696965
7694,7693,-0.5383295856353939,-0.1407537022501124,-4.721907129633495
7695,7694,0.7611593042886728,-0.262953234128851,0.29016636317130073
7696,7695,-0.2800573460838893,-1.2358613403941445,-3.8973798656666307
7697,7696,-1.3132996543422757,-0.8568004691283936,0.48042047924001274
7698,7697,-1.2032224387162125,-1.2886901503987815,0.3677247269166807
7699,7698,0.1902001600879448,1.709348180595929,-2.8505957315978545
7700,7699,-0.20601992702432,-0.32954406128781627,-4.683231805725636
7701,7700,1.4025009847196601,1.8337565688987,0.8008296865027924
7702,7701,0.4339653240704525,-2.231755245321756,-2.429112180335795
7703,7702,-0.5049345418389932,-0.6892330310623291,-2.3225516405749347
7704,7703,-1.2271411124294562,0.2267802732824428,3.0839040022198168
7705,7704,-0.47035352688878923,-1.2885648087320818,-2.2819592502325134
7706,7705,1.463814580903852,0.8033738899535713,2.17338940318123
7707,7706,0.5665749285451314,0.3374683420545638,5.301677949209467
7708,7707,-0.15054569915591545,-0.3656086122670022,4.99923239674338
7709,7708,-1.2122269948184825,2.1440959745215924,4.216344921168711
7710,7709,-0.09459880506973961,-0.30137612123919627,-3.323654371062493
7711,7710,0.8567930352125038,-0.5877815429302582,0.010702045799493132
7712,7711,-1.1494537001241225,0.781270082856348,-2.201846426495154
7713,7712,-0.03588513715094014,-0.7511563978311852,2.503614893661306
7714,7713,0.21901550137865572,-0.011598993754706166,-0.10935497654622539
7715,7714,-2.5953285250006632,0.07590228197315976,-3.5659022513632994
7716,7715,-1.4075161245869965,-2.1723544960009167,-3.5434832351742274
7717,7716,0.21334241003119442,2.330914863415122,6.342118649671307
7718,7717,-0.7023171881042171,0.978813770503909,-1.8533837742944261
7719,7718,-0.31542136405493193,-1.5443840788560892,-4.577360546093464
7720,7719,-0.8617017739876541,-0.38087362161681176,-1.2329609439773803
7721,7720,0.340172837836664,0.371718969405053,5.535340127432331
7722,7721,0.31423720804614647,-1.2826048375698167,0.4580921653795377
7723,7722,-0.2536173454144896,1.4262473593735847,7.4451484987744445
7724,7723,0.9878855061801608,-1.2240182100888806,-0.37398282204286937
7725,7724,-0.4594020373612528,-0.6453609949282727,-3.629921758558158
7726,7725,0.5582037192830785,-1.8507130649641625,0.21757014984894396
7727,7726,0.7703857039820947,0.9172237889978733,1.9233148208845667
7728,7727,0.0772072099204297,-0.2994817167896055,1.2491094618298466
7729,7728,0.7215074489613517,0.30655209850619425,-0.15180264497149154
7730,7729,-1.3366695474599792,-2.0194516583951807,-3.7820843228100585
7731,7730,0.7876517755755643,-0.7034877705394688,-3.9649466784736296
7732,7731,-0.49247437576219905,-0.5722621330033821,-1.3788979351634438
7733,7732,-1.6847433796804827,0.5766488220785734,2.7231316511146795
7734,7733,1.0455804392188948,1.508985529493175,2.409190455451328
7735,7734,-0.06855601722315047,0.7322723267610596,1.2755883632951937
7736,7735,-1.5026458187966205,-0.3444522018413532,-2.714569738912216
7737,7736,0.24738075480326838,-0.355428261939244,-3.4774734705851564
7738,7737,-0.6655837721043327,-0.6020910553912038,-3.8695160457084805
7739,7738,0.27707884776153835,0.9051484711006205,0.2512231479464119
7740,7739,0.9744771957045734,0.09720908343694773,0.855332019036606
7741,7740,1.4788872789145915,1.8808877175215362,1.6564679485455982
7742,7741,0.04507855654517012,-0.45168673640247164,-5.562175304517552
7743,7742,-1.1396320400880275,0.32897247358555615,-6.723770795452979
7744,7743,1.3667606400603312,-0.6356514900155992,3.4926601646688393
7745,7744,0.10618502846833368,1.1886250709837027,2.031136427612468
7746,7745,0.14458787288814826,-0.37015703011048856,-2.74861041596769
7747,7746,0.0225087620333715,0.10456801533857159,3.029446335050824
7748,7747,-0.00892403325768583,-0.5626239341150133,1.6656238238210146
7749,7748,-0.27592604297150525,-0.17029326545615947,-1.8546447449252186
7750,7749,-2.980920874057208,-0.932784957908363,0.08822540681714161
7751,7750,-0.018594285763788,-0.9745159081687412,-3.7401148392752797
7752,7751,0.3306539923299437,-0.01138508362706833,-6.220639723955261
7753,7752,-0.37798925873009337,0.598230704970485,-0.3258399783422731
7754,7753,-0.3461215656468879,1.7507498833324082,-4.645286920675866
7755,7754,-2.00353953805424,1.278085222561782,0.03646103695715963
7756,7755,0.20911335404602835,-0.9142158762984033,4.069839767680433
7757,7756,0.4548786513384642,0.5536754991420768,-0.5285228521613272
7758,7757,-0.0742383353328711,-0.778066237096142,4.990325450461398
7759,7758,-1.129580256758963,0.9438399225599364,-4.916218100040448
7760,7759,0.6362911712592987,-1.3134615263836027,-0.9024645030660089
7761,7760,0.37316016045510464,1.757453772377031,1.4260632523988745
7762,7761,0.8494395921515071,-0.05820674572453123,2.9537728384165938
7763,7762,0.6858246286313043,2.030321137903105,-1.590244323499288
7764,7763,0.09834357886303655,1.6825162158290097,8.071509015215302
7765,7764,1.2897078909639457,1.1996475137099234,-0.547103724033506
7766,7765,0.16733897398338599,-0.8185763711847164,1.9731517591172154
7767,7766,-0.10882231630015207,-1.6805803740023473,-1.4841028188940835
7768,7767,-0.30411671160400716,-1.4509811780368573,-4.0513219452268805
7769,7768,0.06144973840887059,0.5687183442913905,-1.8212667934413849
7770,7769,1.5206692027732254,-1.260252357140647,-3.4947250414303834
7771,7770,-1.3412208440241546,0.7784116674822144,2.6723110802268533
7772,7771,-1.5414044280946257,-1.0223172809402437,-3.177763950280108
7773,7772,-0.4874697836960196,-0.9393406974523194,-1.1032303032517672
7774,7773,0.3141275241642595,-0.5490168325420555,-1.982903939218803
7775,7774,-0.05742995215724124,0.23811366283554974,1.6729909790886333
7776,7775,0.04103745885138328,-1.6414851494059863,-4.136330626590932
7777,7776,-0.9971145241007924,-1.673217737773603,0.9197116162997078
7778,7777,0.18701154468812659,-0.7853669036426233,-3.9227271915694244
7779,7778,-0.5440016696738541,-0.5614491596189256,-1.312356407090129
7780,7779,1.426063623752832,0.2335655292663717,3.869726630281148
7781,7780,-1.5647275313556686,1.0615148915877322,-7.3784760937926155
7782,7781,0.011367381199072046,-0.8646653698953185,4.330908272998444
7783,7782,-0.12319378912721456,-0.8315015846429891,-1.5573935484065977
7784,7783,-0.4052038927444074,-0.996967259545117,-3.5078206654965762
7785,7784,0.4425441169043,-2.2545437996386086,-5.537028249401952
7786,7785,-0.6981539533406014,-1.0850816839450044,-5.410146477389747
7787,7786,0.9415122543935052,-0.46178271952609556,-0.7215928234314071
7788,7787,0.1880074339692414,-1.8389988170373155,-5.672130352724343
7789,7788,-0.6866184797713639,1.1291974326272283,-2.2192215457719078
7790,7789,-0.2599030427384284,0.19869650669176453,-5.17729632715922
7791,7790,0.9143630184290715,0.016203710057001778,1.0234104005331592
7792,7791,-0.8030460174461176,0.3752284832741224,2.06559695456413
7793,7792,0.5689525734320466,1.4337084348741695,2.4222535003574355
7794,7793,-1.0631943572180573,-0.15318990883607395,1.5181961685882723
7795,7794,-0.3578870823002972,-0.26222210434963344,4.309927606123695
7796,7795,0.030692071005507412,-0.14635083962004533,1.665686415768631
7797,7796,-0.6173418719111587,-0.25407384295840163,-2.764322300123356
7798,7797,-0.7585175883363703,-0.6945281716170247,-2.5572046707382
7799,7798,-0.2504979745702193,-0.29490005284124565,2.433137977931181
7800,7799,-1.4675396184404816,0.8068554326512193,-0.2675713665613824
7801,7800,-1.3680274401079955,0.8131426682664453,-6.156900977389384
7802,7801,0.9477744055199601,-0.3099977499552759,1.5600867307195545
7803,7802,1.9599108510223044,-1.0144168015002417,7.237230697410097
7804,7803,-1.264688226640413,0.17721677761242235,-2.6779544793328647
7805,7804,2.1349767113377323,0.7044695789805254,5.550213359156082
7806,7805,-1.4047511276801352,-0.706075612222747,3.2025763242207628
7807,7806,-1.1239314230512507,-1.3702607395055797,-4.564348345862479
7808,7807,0.40598788636607047,-0.024656659190542333,2.5528382811678223
7809,7808,-0.18755693234227416,-1.4673809174368833,-5.843109280555072
7810,7809,-1.078106555812368,0.3813456646121078,0.08570981144218293
7811,7810,0.9771272060886441,1.4758466682377458,7.823173698329437
7812,7811,-0.18965540413419915,-0.37149116979816194,2.058670784318946
7813,7812,0.583798658229878,-0.6852331483804472,-0.7833080965043475
7814,7813,-1.1343543780950842,0.20098152890251295,1.859054231765661
7815,7814,-1.1382527285904884,-0.7929556214279625,-6.195801567715224
7816,7815,-0.22462880311950129,0.11633260081385317,0.524814664328543
7817,7816,1.0579501714517443,1.1470794099457864,0.9380125720591946
7818,7817,0.6921363066291683,1.0169922761877297,5.566796653909034
7819,7818,1.3957495679554281,1.4820687998734663,2.305465369636972
7820,7819,-0.9760040955021876,-0.3739075056388958,-0.29443971189525614
7821,7820,-1.3786145047073306,-1.9745642985785634,0.7683090372353858
7822,7821,-0.571971333334319,-0.19394413384501996,0.28506134277980644
7823,7822,-0.14330718774537782,-1.7270770185065767,1.9263136918521777
7824,7823,1.722713201386204,0.5197241576526733,0.9062383577565073
7825,7824,-0.4394537587751273,0.7985308750660332,-0.9154875405412621
7826,7825,0.31798769433360197,2.9147362465139603,3.4921197127620913
7827,7826,-0.5858905989706247,-0.7885732380473732,0.3345248633965555
7828,7827,0.42644475703602597,-1.2636396725560304,2.908255885067988
7829,7828,-0.02952439739112207,-0.2856079513870011,1.0079212577336687
7830,7829,0.3839256872483802,-0.4171286676834103,-0.6328483144458641
7831,7830,-0.06689491783010779,0.020249074776649775,-1.5481692976887158
7832,7831,-1.5769549899887116,-0.21868459629223183,-2.8207534819847417
7833,7832,0.7919838578247752,0.916527247191068,-0.4418546928419938
7834,7833,-0.26261481965131644,-1.5006096192487473,-0.8103154325098958
7835,7834,1.693521916432805,0.6563616987097958,2.084598257047079
7836,7835,-0.1929353792385724,-0.8564891559012388,1.5274283928464167
7837,7836,-0.3142048109576944,1.436900024153358,-0.6255478643839099
7838,7837,-0.8969879075160535,0.2684340843736652,-3.4967581167642114
7839,7838,0.5836455465249119,-0.0009176359988000301,-5.421599381699346
7840,7839,-1.4156579954806026,-0.10261504184813357,1.199334363641475
7841,7840,0.4842553569338795,0.7107464140225506,-5.261379209094493
7842,7841,-1.4489538666282482,0.17242022353336944,-1.063723925725102
7843,7842,-0.2556219025377411,1.1556170761371236,-8.659349061152742
7844,7843,2.1385296056787824,-0.45444067212931855,4.7509048335334185
7845,7844,-1.440065600097033,0.16628242018066186,-1.3071267232917747
7846,7845,-0.6193013950090105,-0.7715406213454449,-2.8820757527858074
7847,7846,-1.319746702762556,-0.08320746817218139,-3.727376836077353
7848,7847,1.6599617470021113,0.7928168749009449,6.330830690363287
7849,7848,-0.5647789877876304,-1.807665988498827,-0.25732069362216614
7850,7849,0.41563610837687637,0.5588046366606791,0.33628812154491405
7851,7850,0.49485068740762306,-0.1592064642009341,4.178999931667509
7852,7851,-1.1998873952410996,0.1280533197976079,4.493835913951848
7853,7852,0.49959774226234227,-1.5185792445817767,2.014389871868122
7854,7853,0.17681625736797757,-0.6103508696188515,-1.3082865211150358
7855,7854,-1.475120681245974,0.28298583717859827,2.320325461578304
7856,7855,0.07597063634510715,-0.5307789795723967,-0.7467817435370128
7857,7856,-0.2562105986059169,-1.2304901604557423,-0.12823173330426813
7858,7857,1.07674372045957,-0.49155228191384215,1.3703394540325886
7859,7858,0.7932127275400946,-0.458391676300951,-2.897990951122277
7860,7859,-1.1502589118974977,-1.4181010950688022,-1.9012281808374611
7861,7860,-0.13887107482022118,0.12701350292126537,-2.363586978874688
7862,7861,1.040300687870766,-0.6712220474110704,-0.5099647320242108
7863,7862,-0.02921601882217692,0.3021131536998941,-1.3413729596262691
7864,7863,-0.48274994700321855,0.2715510624682965,4.3855485288916585
7865,7864,-0.1974810493873625,-1.1328113059669835,-1.9242553050117275
7866,7865,0.025326236835271004,0.8141340146105149,1.5990597080045568
7867,7866,-1.6844585537013468,0.01166518141980555,0.7037898438481194
7868,7867,-0.08828470122322714,1.132488000967213,2.4935300815864263
7869,7868,-0.10154503233045012,-0.014743172925768985,7.567745921775496
7870,7869,0.10529299295716034,0.2628603516764773,1.0419075198858174
7871,7870,0.5751799792600152,0.29663994352925066,-2.5280922680854525
7872,7871,-0.7098983140116443,0.9660996061904523,2.889279663609681
7873,7872,0.051488333238943355,-1.5781246284982087,-1.386056627582192
7874,7873,0.4258735299260173,-0.27598344491259696,-1.8040099426233738
7875,7874,-0.9000209673514427,0.2543740946027024,-2.8837772535674375
7876,7875,-0.563032798731811,1.0270954727971155,-0.5156477308668527
7877,7876,0.8161411115979175,-0.04395353583637703,1.8095265787248331
7878,7877,0.12634983453549184,1.3015260553655739,0.4295135859114262
7879,7878,-1.9358757932557782,-0.5188903437291604,-2.547282669255772
7880,7879,0.22942827162858395,0.0504999541068793,-1.7268776153055807
7881,7880,-0.327080687289779,-0.24187327872743572,3.327772452930602
7882,7881,-1.266336405541754,-1.3802695872731157,-2.6121359104776913
7883,7882,0.48174271055166457,-1.0466500653563402,3.3575191747276274
7884,7883,0.776003624515904,-0.1437055936754675,3.937691695317729
7885,7884,0.2738186999823302,-0.3984002882800272,-0.390251093322012
7886,7885,0.24732733026661352,1.2033064533625948,-0.3185249164216556
7887,7886,0.510288300903913,0.25850123810805226,2.516503397349111
7888,7887,-0.01712696310173118,-1.583187074444714,-7.275737387016517
7889,7888,-0.5877870703416337,-0.28253965201027165,-2.6644523954034702
7890,7889,0.5168517840288819,1.1193499109914251,4.754422526178951
7891,7890,-0.8224411482189624,0.5839868199895454,6.615212075829226
7892,7891,-0.09544237669001629,-0.36405820187325383,0.9045128069904265
7893,7892,-1.618284160051878,-0.4397920398756451,-0.26196381756971454
7894,7893,-2.0818563580515037,-0.5734828365120105,-3.2225183119457372
7895,7894,1.4434973181240365,-1.0428323469747889,-2.000017761941596
7896,7895,-0.2729793944690831,-0.5686538475630971,-4.823258140012586
7897,7896,0.12404760388102802,0.7147213987003522,1.7004272097469113
7898,7897,-1.5850692030119515,1.5240118444563424,0.6768804537909363
7899,7898,0.011557505548188296,-1.3122383775178963,-0.9282981355023083
7900,7899,-0.549236607133512,2.1042629224614493,-3.933685045191736
7901,7900,-0.5374471330463589,-0.13103883319729587,-3.2752299986040865
7902,7901,2.0151311125744287,0.7140614981039684,3.774843458327983
7903,7902,-0.0577910539207778,-1.5415822404409263,-1.5205056652043214
7904,7903,1.1492088171044923,1.117045303504191,-2.9149199792659655
7905,7904,-0.3322613119334026,-0.3852549175707665,-1.4964801291985812
7906,7905,-0.400689765555132,-0.02931549471147828,0.31805100186780183
7907,7906,0.7796482952485554,0.141176185153753,-2.390021509161737
7908,7907,-0.9490195002359005,1.858581109730349,-2.5691749126570143
7909,7908,0.245902547476867,0.5271259768982753,0.620088029304402
7910,7909,0.6960570521554579,1.3162557019492198,3.70362091164222
7911,7910,0.5681647610880919,1.1354921847157333,6.600487625411149
7912,7911,0.07673451031536259,1.4127934836483067,-0.3518387639637889
7913,7912,1.6504509287173816,-1.7425232924877134,0.5504165219389133
7914,7913,-1.0539301001277583,-1.3359967724628887,-1.8049213992103819
7915,7914,-0.22884902716165986,1.0793964087316243,-2.726841418873465
7916,7915,-0.6352210504949003,0.8847231092695937,-4.438125829314696
7917,7916,1.7471093679636303,-0.11252727381533695,3.900156471058874
7918,7917,0.19994433069275547,-0.5058592311435129,-4.949763634573364
7919,7918,1.353639677057969,0.4324067620889561,-1.1731726314718105
7920,7919,0.2531131443436897,2.0952738578012173,-0.20401726775701035
7921,7920,0.21437461219987317,-1.1361736987441702,2.4817004427399083
7922,7921,0.5690506437006182,-1.4201163277409743,-2.4160007171182114
7923,7922,-0.3445714122695689,-0.3901435111908542,-1.6012017929173847
7924,7923,0.6117981049035691,0.5058526840221003,-0.17571692084823265
7925,7924,-0.8098514199991971,-0.4495340881160023,-5.504504965750241
7926,7925,-1.367017656771705,1.0867539872120175,-3.3770383799198984
7927,7926,-0.37034523187978574,1.2124444582653435,-3.334542326425734
7928,7927,2.5050806703166013,1.3308243765036196,0.35035596835219873
7929,7928,-0.4926066440961426,-0.4854238233611023,2.9287882047266027
7930,7929,-0.29461783421677595,-0.3799715386766797,-2.9669186478431593
7931,7930,0.5808563300897513,-0.3684025420828228,3.974779914117673
7932,7931,-1.1458998077250697,1.735054283736268,3.1557311634856777
7933,7932,-0.20513086095114622,0.8962441672585064,3.358696009643338
7934,7933,0.9652134732617956,-1.5124966824415509,-0.5105500059484871
7935,7934,-2.200534527867064,-0.46086954781064793,-6.18644949375364
7936,7935,-1.1000935009634636,0.6112303105571254,4.4450688080896
7937,7936,0.25401750832833764,-0.26404379146106643,1.9958889167845633
7938,7937,-0.5317311086031061,1.478348400112019,2.0876818056423696
7939,7938,-1.894692966237408,-0.9856060282273118,-5.663898522239066
7940,7939,-1.1943430691563752,2.2065386054191047,2.43232162086424
7941,7940,-0.28647311704073614,0.6118990947834864,5.314073102960465
7942,7941,1.6589865654783156,2.2155504112571824,1.5871155023148207
7943,7942,0.27272066355135177,-0.2157088773947062,0.7150425846524897
7944,7943,0.5947299592492526,0.8658476571011117,1.5773831353887056
7945,7944,-0.06372142578680881,0.28434560654014224,2.079879608191547
7946,7945,0.07602636175279659,-1.9025597730836996,0.32193752160577715
7947,7946,-0.8684130839260464,2.119204714458344,3.148030421025196
7948,7947,-1.0382219953414633,-0.9846467916234368,-2.6283792033106783
7949,7948,-1.3454556357201013,1.3222275755643194,-2.2508415650660694
7950,7949,0.4054840060966743,1.6988884373550581,8.21218287866664
7951,7950,-0.13173716523304846,-0.33144654555944664,-3.737149093944133
7952,7951,1.0521954063424788,-0.4670590533300604,1.809035374061731
7953,7952,0.033202099951472976,0.38213283629334965,-3.0003869815340547
7954,7953,-0.3306662987004003,0.6463750614399735,5.066168315078331
7955,7954,-0.9664396957232524,-1.3050001260216733,-4.827268172424023
7956,7955,-0.6053384788656059,0.5829777059050245,2.290210857776463
7957,7956,-0.8670773940725579,-1.4748366495167065,-9.601057825152663
7958,7957,0.026919868555319734,0.6360064185694041,-1.1299306469374768
7959,7958,-0.19237951708275847,-2.345129270588377,-3.9827951122676115
7960,7959,-1.137733506295393,1.0456797246117382,-2.2293847399574673
7961,7960,-1.6644457841510345,0.24050098923085014,2.1330587758288786
7962,7961,-0.6369065871420623,0.17920854156358249,1.1774156112880476
7963,7962,0.2531289300422865,-0.5030758402884614,-0.10633166493129664
7964,7963,1.476157470260816,-0.4466769064125275,2.303697465409792
7965,7964,-0.23023294098662192,-0.2266796463738453,-3.468916267011932
7966,7965,1.454286675992847,1.1807562428097906,9.711642918191146
7967,7966,-1.8894959445277635,0.7438615485128169,0.06925497136926839
7968,7967,0.9123896839646414,0.23600090922819186,-3.2626945185105996
7969,7968,1.1802499792943342,-0.5853339080680893,2.3678409612411095
7970,7969,0.5777147587661752,-0.30250464244793207,-0.36895567843487576
7971,7970,-0.23023836827984975,0.26893604292170115,-3.1042497168397905
7972,7971,0.35391510682051897,1.4558315773822676,3.3590500832227796
7973,7972,0.48569875616458213,-0.03576491541719096,3.116927251607752
7974,7973,-0.5443720187078848,-0.4364176174105005,-0.21744264323836077
7975,7974,-0.390469360991389,-0.9324649127585944,-1.9498198176220898
7976,7975,0.9477186650960401,-0.44693668330406777,5.590587808203724
7977,7976,-0.8515404081638062,-0.7896744832820324,-2.6546085411866587
7978,7977,0.12007720114781238,-0.15049178296342197,0.7796393853057842
7979,7978,2.358681820036887,-1.6568834933895777,-3.3756235245537654
7980,7979,-1.282088642457483,0.7761415964037602,2.720715904290661
7981,7980,-0.579583543982344,-0.7671580149687812,-4.539933465576946
7982,7981,0.6018511253350213,0.9487772599036073,1.1792074269194628
7983,7982,0.7658658478928552,-0.6305389497588928,1.8542737723855662
7984,7983,-0.578947796021196,0.090731894542449,0.32239382260383537
7985,7984,1.06298892622375,0.2699693663859904,3.2685060607086482
7986,7985,1.4634147918051752,-0.6782112953294906,2.4254036663000447
7987,7986,-2.251328434398278,-1.3006372003159337,-1.7401894835797629
7988,7987,1.0817626507341211,-0.7576736854707625,-4.104401674514391
7989,7988,0.16611196090065283,2.3102700103897287,2.3424596359627397
7990,7989,0.8491771546681177,-1.0151658439880682,0.36386161896591673
7991,7990,1.247153951458752,-0.8958043700777585,1.3352945745997338
7992,7991,0.009749163913523007,1.176604609105534,-0.7433382033901921
7993,7992,1.705051282292013,0.346580945804892,-0.4692515718372397
7994,7993,1.0271910953708205,-0.9035461807176872,-0.938476825586549
7995,7994,0.7017000323524286,1.6915572629524425,-1.3451777065236368
7996,7995,-1.9578666600484869,-0.6408493905128998,-2.9844213825835597
7997,7996,-0.6805890400252357,0.3567480957071317,-2.6122489684869734
7998,7997,-0.05221192810193912,-0.2664171392905686,2.151648137772055
7999,7998,0.9980815123844384,-0.19649136034873257,2.2355871846091695
8000,7999,0.028227889189357883,-0.4824571487920098,-1.7699568574443774
8001,8000,0.18423041665030115,1.1931313514379602,2.6254485936052356
8002,8001,-0.02930880693563814,0.5854640732919564,1.5373694770977915
8003,8002,-0.6473812366967396,3.254254343156,2.173076274199307
8004,8003,0.21570080219243942,-1.9621972345183238,-2.7724813816483946
8005,8004,2.2642809352281468,-0.2664625255394295,4.562012717885182
8006,8005,1.0508010333460618,-0.9442949787235856,-1.4222135089000596
8007,8006,-0.04246619327340347,0.10859932208763781,-1.9012622982076548
8008,8007,-0.06710721557158388,-0.6906516258991879,-2.0075363163310023
8009,8008,-0.000370166965575046,0.02541677653476913,2.467603555438604
8010,8009,-0.8504103774342096,0.16983887409595533,4.872913071046238
8011,8010,1.6723969752747339,-0.5703330718557597,1.442688844111336
8012,8011,1.1432971877242417,-1.8348611006317925,0.7971784879509066
8013,8012,2.2593153859750266,0.8205448962238544,4.518451630515001
8014,8013,2.216724845701315,-0.3445657776597888,3.945710412179949
8015,8014,1.5298379619514137,1.5524980635246683,-0.3916616058550084
8016,8015,-0.3181396790039078,0.4316168894324362,4.993816922211474
8017,8016,-1.3162880347218555,-0.5315370331883538,-8.737712039954278
8018,8017,1.04980599143828,-0.18681582479992376,-3.153541945164771
8019,8018,2.238083060817854,0.2482187499885125,-1.8747388930761106
8020,8019,0.11408982081630675,1.0885642923653993,2.4335307806861426
8021,8020,0.7250877333878807,0.06010858487809987,3.062577673993127
8022,8021,-0.332630406146834,-0.31169585105586256,-4.418542102232112
8023,8022,-0.21374112481852076,-0.26693140304460167,-3.386011876367524
8024,8023,-0.25054151509008554,-0.6769721142198245,-6.065921333132868
8025,8024,1.2310570097189402,0.7124107444440249,-2.574431443757708
8026,8025,1.000468611835544,-2.154487089897552,-0.7461987148561275
8027,8026,0.3478850139531102,0.054579910387238875,0.6210595063878941
8028,8027,-0.8684282937515081,0.24305984115308618,-4.335718673875482
8029,8028,-1.6764784970222724,-0.4094639810349565,3.582395886376087
8030,8029,1.1904684592316912,-2.3032591207313335,1.911756600759488
8031,8030,0.6864550914766183,1.5263609311408197,-2.3827459160519444
8032,8031,1.09895640218779,-1.280415008771856,-6.68625381134241
8033,8032,0.27565554044208973,-1.0268235110833006,-3.9063826144216303
8034,8033,0.9262356824511853,0.1957375876901219,-0.7587740535289038
8035,8034,0.7102142794413218,-1.3338751413622774,-5.813932686242578
8036,8035,0.35693024721875627,1.2573337986947266,4.295051024572233
8037,8036,-0.021506743014756857,0.01620580249968011,3.935810514438076
8038,8037,-0.7222709566801286,-0.9302368787467745,-1.887095009816982
8039,8038,-0.045410767743285695,-0.5618914195119233,-0.8321004082569217
8040,8039,1.252811618190937,0.5667936011985828,3.73400206677459
8041,8040,-1.9306802531947902,-0.6700984352027523,-0.3409926142754961
8042,8041,-0.06253578035154495,0.4452993371259778,-0.14276894486101388
8043,8042,-0.39100256614298534,1.8995296900564858,0.24712704880168906
8044,8043,0.37989039396179897,-0.4259529432137432,-2.6918189241570145
8045,8044,-1.3945098732792134,1.3384810160866631,-2.2223492920051093
8046,8045,-0.8577581125525011,1.3497922454915,-0.04950181150473411
8047,8046,-0.07523160448043743,1.5533992791037625,1.6718379262034815
8048,8047,-1.118871226482021,0.01730566715752565,-0.302203834451481
8049,8048,0.0038618271500709565,1.3295463387247775,2.2920351507823966
8050,8049,-0.6994287730142003,0.17561001862235268,3.3961537220401325
8051,8050,-0.05601291526885365,0.741799382594062,1.4120686702163612
8052,8051,-0.4193378797562353,-1.92788823042372,-5.344074512014636
8053,8052,-0.4446470860073104,0.5707458312831012,3.856628141017889
8054,8053,-0.9581734676806513,-0.394183453273333,-1.2095753995838667
8055,8054,-1.7166086913970235,1.4142411986571193,-2.4189991115029397
8056,8055,0.164799838451779,-0.7072807386559937,1.5645851724893545
8057,8056,0.6524525420923334,-1.632793710914213,-2.0921316001885235
8058,8057,0.4045461954584018,-0.2204373308877862,-1.6268173400009287
8059,8058,0.22532273367052522,-0.23698289179116655,2.2232117147978756
8060,8059,-0.557505901648173,-0.7400007454939675,1.0788354170645962
8061,8060,-0.25289228234387073,0.27671122239990414,0.02187799028318782
8062,8061,-0.33231688016903954,-1.472965454755815,-1.7335635086501457
8063,8062,0.04580574665768949,-0.1293125350051407,-2.339769085641125
8064,8063,-1.5628701591507237,-1.1976966846004355,-2.365603723273024
8065,8064,-0.2597967713808849,1.498638181315372,2.633285554901809
8066,8065,-0.5963519832080483,0.8317778883774137,-1.990687930821764
8067,8066,0.6527410123296549,0.7240743384789118,3.7033198348821825
8068,8067,-0.7186549490461386,1.5726686944195314,-2.6423804514742724
8069,8068,0.1079739011410677,0.1996882210874961,-2.3007151483528734
8070,8069,-0.8767056078381149,0.02413024637866059,4.918841479942357
8071,8070,-0.03532746213703499,0.6116314849213316,-0.7314738272919075
8072,8071,0.14196902238371226,0.10805768667260242,-3.5256640052923776
8073,8072,0.5752671436912691,-0.044986431273552535,1.0439590425849
8074,8073,-1.7483624737176087,-1.8847075241586801,-2.9142838207790147
8075,8074,1.310482071385606,1.5422207168430617,3.2030663605710887
8076,8075,0.0628502389453471,0.12246654553579386,1.6275845478842892
8077,8076,0.08911057544424972,0.7969570022652005,1.0731212160967296
8078,8077,2.5203286938316904,1.4927248397231672,3.29056717969968
8079,8078,1.1948603377181428,1.8822203938348174,-0.3461662071682057
8080,8079,0.4123206156015791,-2.3850296505784168,-5.918424432143518
8081,8080,1.7624984213841366,1.4146412729382851,2.426752381902058
8082,8081,0.7120405868465172,-0.47665707995869566,-1.2827194672033437
8083,8082,-1.4107120786242093,-1.2750707365089153,-0.22996581580795744
8084,8083,-0.5536528651763896,0.3657786666610966,0.31090478503246666
8085,8084,1.3838942163342505,-0.1784120209913182,4.769584328839434
8086,8085,-0.2386778658297358,0.26943059264917696,0.601104486866939
8087,8086,-2.3188328087379184,0.26752819890072355,-7.879388256128719
8088,8087,-1.468754424600451,-1.8505994145161548,-3.977484354215319
8089,8088,-2.01273187886261,-1.4987232825261707,-0.4320059752425662
8090,8089,0.024973594214986457,-0.2853383355319903,-2.9520873541777957
8091,8090,-0.12758524729234538,0.06358410950230378,3.543640407259903
8092,8091,-0.11001330637574794,-1.304801983329696,-2.8588274761709056
8093,8092,0.49445974767124556,-0.9836410124220873,4.672511772984126
8094,8093,1.900112646006652,-0.5957613154925678,0.6495184014293738
8095,8094,2.227720792993078,0.8234428192879671,-1.0517669989671727
8096,8095,-0.8316305194924326,1.1893780160637006,-0.05678120493536232
8097,8096,-0.28381668373835367,0.02108118246871733,1.3700445764684006
8098,8097,0.18500447087110722,-1.1726671406471434,-1.6977348614050427
8099,8098,0.5083594129851436,-0.5741848520493344,-3.646923181888506
8100,8099,0.35050144578315817,0.6479158029165617,0.9021461424329236
8101,8100,0.8537465173036545,0.12368280178583552,-1.369442479196192
8102,8101,0.27199494843008526,1.1083764089821322,2.633690681714936
8103,8102,-1.1502167717278942,0.02250868903815051,2.111921573521154
8104,8103,0.9392360543023434,-0.22084559822060199,2.7068396910325063
8105,8104,0.16377118366583215,-0.7041874058302308,1.5642251173803243
8106,8105,0.04325330836062902,0.8874427387791095,8.234250728718235
8107,8106,-0.12998634493091654,-1.0981193697501366,-3.145741897146945
8108,8107,0.694252202274807,0.764926156883994,-3.094445642450537
8109,8108,-0.06763948164158913,-0.08342307467421543,4.647598110394522
8110,8109,-0.20053441299788113,-1.0416591024086232,2.7647315889533077
8111,8110,0.7132886819073305,-0.18145317596232027,7.997453885422273
8112,8111,0.2117907768280144,-0.42129435977255814,1.7404083768850458
8113,8112,2.102923093482785,0.2832654166545448,5.006507722029386
8114,8113,-0.3059129882416755,1.20824889636482,-1.0286419075149487
8115,8114,1.197931259843886,-1.622446648275768,-6.860857254271042
8116,8115,1.7420774181960528,-0.058543686307309314,1.9921477996440027
8117,8116,-0.4299362931277879,0.25755594708295326,0.4153869252376421
8118,8117,-0.12886728809321776,1.3325738675103413,0.6146685177862499
8119,8118,-2.2694504471672565,-0.29991548041923344,-2.4544024018934483
8120,8119,-0.6849686255012176,0.31405868217535443,-4.0840249105650415
8121,8120,1.0580478641240914,-0.8097264489142049,-0.677564344673548
8122,8121,1.0295520059892491,-0.9880864354773152,1.4619136216682826
8123,8122,0.8739202736657042,-2.8098422199912014,-5.448227484833751
8124,8123,0.7749346479669985,1.4540452847489242,2.9190845905124547
8125,8124,0.004381950188460528,-2.220373880472039,3.249218135029463
8126,8125,-0.728754907993996,0.5162657748302288,-0.579753888033051
8127,8126,-0.13785127042465806,0.47534592912045526,4.91771613424359
8128,8127,-0.2720819631493755,0.4495366037967976,-3.015903875733992
8129,8128,1.277592995304998,-0.06260258881916284,3.9755506740842357
8130,8129,-0.7132566186276378,-0.3344110525041475,-7.154761015960206
8131,8130,0.5115807337386039,-1.1532359494708089,-0.2536487775494505
8132,8131,1.901403914805251,-0.9399232801975563,-0.7173721437520936
8133,8132,-0.9659069020426065,-0.46997144673836133,-0.8749084057042225
8134,8133,-0.3766968481814045,-0.28301423824204264,-1.5486538339004818
8135,8134,-0.17226231407770867,0.7413881592330488,4.000976793030257
8136,8135,0.30399865399325443,1.3176404048410422,-1.7274652512742117
8137,8136,-0.08522323443136637,-0.3964134842580323,-2.614853187917151
8138,8137,1.472158361501215,-0.25232991973894453,4.9645860455127515
8139,8138,0.22008530671484558,-1.0666458905099179,-1.4130166926891772
8140,8139,0.1893391373984233,-0.39512522519659643,6.123750337035416
8141,8140,-0.012242520923494095,-1.076290853547604,-0.043319364721284725
8142,8141,-1.085144808017723,-0.09530617466443896,-5.994845160187476
8143,8142,-1.3451139468276576,0.9977236774039003,2.615919456555205
8144,8143,-0.7889669218051563,0.6145838729025569,1.8392994851810531
8145,8144,-0.15022743438022645,1.4269823702676312,1.8580662703850988
8146,8145,0.8010424060385601,-1.0769893640542834,1.0215709699728184
8147,8146,0.14650133122768771,0.4815762848996874,2.6093416557782967
8148,8147,0.5224357078907971,-0.47390923368568283,0.8089941757076544
8149,8148,1.1287437465901828,0.15918656904201658,2.2370543557948457
8150,8149,0.24490845374825784,-0.37620091810242606,-0.05547278514772436
8151,8150,-0.12108719398758575,0.5661186418907659,1.5002059894962745
8152,8151,1.350861564244812,-1.1112627048221724,-1.0486013893146728
8153,8152,-0.10547787335115841,-0.1792848237677908,1.9371571764243034
8154,8153,1.268580430042242,0.47339631609985716,-0.25288493767526704
8155,8154,0.8368349699911717,-1.0656217593866013,4.70183007321854
8156,8155,-0.3164536671944999,2.012710137320693,7.325578251278211
8157,8156,-0.04945499587483982,1.0079175002866008,6.809120985411108
8158,8157,0.007398129583841251,-1.1703028240000235,-0.32418157670973846
8159,8158,1.1824591064900858,-0.1118489009190897,1.897479106046434
8160,8159,-0.4367832931091624,0.4756083458723462,1.7375081010715818
8161,8160,1.1407228838811485,-0.11613382198449054,-4.514792827749061
8162,8161,0.2332431736532427,-0.21190141443823968,-3.078038973626686
8163,8162,-0.3123116106077183,-0.5935870335094519,-3.0151782971047343
8164,8163,-0.6261602987975274,1.389116514887359,2.347485171666687
8165,8164,-0.3121162682797808,-1.0682277873156283,-2.659565196265361
8166,8165,0.2527946345787234,0.5994766069076023,-4.157911798938215
8167,8166,1.17217821115828,-0.6422748044414249,1.7303215603076247
8168,8167,-1.4367401130430482,-0.9408908518199075,3.2072663381446533
8169,8168,-0.3607394849122465,0.5918497170445088,4.810500326817559
8170,8169,1.82292222275938,-0.5278964757302024,3.3458790878243514
8171,8170,0.8372431651704433,-0.010431455924104407,2.001488840948798
8172,8171,-1.208438169820599,-0.9326244279345371,2.0654719576340272
8173,8172,0.07352718080473222,1.2057241639173477,-1.2841063489617168
8174,8173,0.03454792033560804,2.508899291818551,-0.0707533601614474
8175,8174,0.10657935320920242,1.2520824440749034,-3.6168137108235583
8176,8175,-0.1503245037193117,0.060033105859200776,5.7085241520080245
8177,8176,-0.06202314584438939,-0.9043100541907284,0.8343639871187642
8178,8177,-0.22551098577356857,-0.36046950253257704,0.9981928042210277
8179,8178,-0.19548416163669682,-0.6397313411898288,-5.118081303092642
8180,8179,0.5923072923284707,0.8427637752880738,1.0918567022029695
8181,8180,-0.9929810191729316,-1.2974946840913493,-2.178508601968304
8182,8181,-0.3132669921717721,-0.518653809240513,-5.129624184586459
8183,8182,0.8518902886317282,-0.2422223568919306,1.7861475025552174
8184,8183,-1.2110227713009274,-1.0733678060611787,-5.366171159655501
8185,8184,-0.6221844271387337,1.6577438470469283,-4.608917970810991
8186,8185,-0.2964645388974434,-0.945457307423568,-3.6462852030727957
8187,8186,-1.6938434619823919,0.13251367142708903,-6.8690382049748955
8188,8187,0.4118606689142949,-0.575837953937666,4.315313008082083
8189,8188,0.2821956552408131,-0.05001368864921687,2.808586745886553
8190,8189,-0.2744262491271739,-1.544396215207977,-0.9976512525311059
8191,8190,0.7962718379720353,-0.5428695274566265,-0.7548966956644994
8192,8191,-0.5860122417540431,-0.24186207042842825,1.178546829354302
8193,8192,2.767631230239588,1.8089216028275856,4.910317233908586
8194,8193,1.1607338589835066,-0.08798671402341875,-2.2841823873812954
8195,8194,-0.9897146899701051,0.3822898226634638,0.034185961197414405
8196,8195,-1.1298581292895618,-1.0324060334916227,-0.8957813994104655
8197,8196,-0.16858423273743647,0.5865374568865757,2.661146150835414
8198,8197,-0.4903854529005676,-0.8262077332990331,-3.2989914695115443
8199,8198,0.17985089786917907,-0.3845600557964743,0.28748459571884843
8200,8199,1.1998120896003077,1.7631661921450033,2.40887191760344
8201,8200,0.10418607081257604,-0.70034582607335,-8.96060527536274
8202,8201,-0.1458724223615051,-0.42632555754712437,-1.156165589910188
8203,8202,-0.9057196052727033,-0.216989808942995,-4.10265387922108
8204,8203,1.4274642228598378,-0.6219603853524394,7.8355534311717285
8205,8204,2.23944226743803,0.4407574889615511,8.234870084480873
8206,8205,-0.6486513438909346,0.7923118264185323,3.067340311017128
8207,8206,0.7400848036091773,1.0261818953307646,3.4556143273163515
8208,8207,-0.4908396729019923,2.2110086446262267,4.39836946296592
8209,8208,0.4114724613766957,-1.4577115899429274,1.540135112375994
8210,8209,-0.6560942674039855,-1.3784972280308223,-2.209417419395379
8211,8210,0.7801090502697174,-0.10015858810450601,-0.3505979650338087
8212,8211,0.29621091566480384,0.9139284251494948,-0.3755495191568634
8213,8212,-0.4786225948477397,0.32147025971998744,0.7099605285160111
8214,8213,0.49562375217742094,-0.5498394696783403,-6.070499644934819
8215,8214,-0.723579271171449,1.119086103563408,-4.418756520723557
8216,8215,1.1795957770889418,-0.3549588241184503,2.117064162779028
8217,8216,1.3728963790452755,3.021923498192484,4.120893512026337
8218,8217,1.9144371740487898,-0.38334635468491196,6.943198559477522
8219,8218,1.1550580295965407,0.9062300379995684,2.8596223313006535
8220,8219,1.6295139633651377,2.061162963643456,3.9135693938692686
8221,8220,-0.568715672559238,0.3392647109292012,-2.6606679299458165
8222,8221,-1.150576073530227,0.16354615966683356,-3.337371601201447
8223,8222,-1.345641970439887,1.2421775201445484,1.06146339089686
8224,8223,-0.45740545429955126,-0.6956598369864554,-3.9806099358085074
8225,8224,-3.243776363718954,-1.4017094804383257,-7.681635752583125
8226,8225,0.5109053198817347,0.09271203149442735,2.6983118232671446
8227,8226,-0.8646243466441745,-0.6951667867847471,3.1523180873821572
8228,8227,1.1069876725002514,1.4665616398738186,5.835048009087327
8229,8228,-1.0494835515959358,-0.2733383084561685,5.117061346380502
8230,8229,0.8149477903524998,2.016070948992989,-2.568151732811989
8231,8230,0.23819583883766168,2.395390357686907,-1.5539281817101749
8232,8231,0.0019256980512180268,0.10862576733701139,4.6356054050778654
8233,8232,-0.42679603763793733,-1.057225156880128,-3.3844425469712895
8234,8233,0.03419452962251024,-1.202538831077317,-1.781400626112262
8235,8234,-0.3229122101735416,-0.9290694374556356,-6.0023869346719625
8236,8235,0.04298301021600044,-0.984002114107373,4.596927829876944
8237,8236,-0.5879138122191249,0.3880811884280221,0.271559506346174
8238,8237,-0.4209484435878407,-0.08707924933899666,0.5941779270383944
8239,8238,0.1911691503866865,0.26772097213283164,-2.555231032923637
8240,8239,0.056834575916168174,-1.433345521663415,0.03211483222780398
8241,8240,2.5257649063435252,1.3978147569265804,2.320457133499541
8242,8241,-0.18988752850182547,-0.668276924320646,0.1499418602837869
8243,8242,0.5916150524128413,0.9251074172338837,4.979726508485723
8244,8243,-0.6819087860895365,0.3476110661922568,-5.553224922565325
8245,8244,-2.1461210590091158,-0.06463625096483365,-0.4252682918645667
8246,8245,1.1792401023442527,0.6413513459491954,6.050850741927932
8247,8246,0.5498286741860847,0.02092737771633492,1.7814451590686082
8248,8247,0.9046594187688803,0.425857058047831,-2.344352834390962
8249,8248,-0.26531716441128295,-0.5611171770284028,-6.9890330241879415
8250,8249,1.2495935956454522,0.11446501753060262,3.8153697692229285
8251,8250,1.094117603343241,0.05214256103040762,0.9326085817025465
8252,8251,0.5771501675401901,0.3554186449554696,3.9247387349129172
8253,8252,0.4417468386021659,0.08380412063405013,1.4158855238085972
8254,8253,-0.0029920922041565103,1.7391132898245452,-0.5288778664568775
8255,8254,0.6308428349515005,1.141567926323165,-1.7225726045895255
8256,8255,-0.4200655167898687,-2.7766221648881624,-1.8079336681005964
8257,8256,0.237661052006973,-0.3183058409737952,0.4619039176016105
8258,8257,0.49963950470368973,0.131443422501106,-0.6805225896243983
8259,8258,-0.07019996649243894,1.1511513475865967,1.779339800940663
8260,8259,1.2224755530340747,0.8451247878778543,2.7915187268199966
8261,8260,-2.109143542146892,1.046563277816132,4.912603269224018
8262,8261,0.3537411329670925,0.46457175133880524,0.1623261853925131
8263,8262,1.4204346613906238,0.847680609732051,-2.8380336031955355
8264,8263,1.1348046962539469,-1.8252704056053384,-3.9776277361051737
8265,8264,-0.7333356894563734,-0.4454104208237542,1.1031170760604323
8266,8265,-1.4951256753290452,-0.38574607468544614,3.518448966791396
8267,8266,-1.6130410144541982,-0.03388177322901532,-6.329303882738188
8268,8267,-2.0804676808498748,0.29754712067946304,-0.8657665352939106
8269,8268,0.6394011512886537,0.8112978211366552,-3.107712857790887
8270,8269,-0.10109084241475713,-0.9741421123945565,-1.7706116083659078
8271,8270,-1.100841579900928,0.4556057483338933,0.258750321923621
8272,8271,0.597608096683062,1.8275637431838565,0.9964458226336602
8273,8272,0.07210287244494636,-1.1771134115169104,-8.014518035570243
8274,8273,0.995291415535346,0.012318730837111143,-3.8858746494109795
8275,8274,-0.35921364738793976,0.21030872702368583,0.4423006002429325
8276,8275,1.3200634532192184,-1.0812203214846414,4.302875832702221
8277,8276,1.1970003495472017,1.5559120257313692,5.508652868806659
8278,8277,-0.6017166826434546,-1.2897092887770538,-3.8901923084590386
8279,8278,-0.20826143635063848,-0.3332525106515161,0.1251413028585907
8280,8279,1.0727897773305117,-0.7608812683354079,1.7980208145410748
8281,8280,0.09928193090039246,-1.2210185641432818,0.8120786901485735
8282,8281,1.14279835798242,-0.03234468956307169,0.060297235393043214
8283,8282,-0.776501760720632,-1.7185637750310765,-0.6313333058813705
8284,8283,-0.12241543553596738,1.0102432988295271,3.2600064045069295
8285,8284,1.193228925072736,0.2755665357798282,-2.249681728159907
8286,8285,-0.6806571350432504,0.019056110990941625,-1.1895959187214957
8287,8286,0.8886853627170205,-1.0752929916775447,1.6344627213256733
8288,8287,-1.2664564222630723,0.9775309437674196,2.362360287249631
8289,8288,-0.6159124971955182,-1.2002895046097088,-3.4484780890186704
8290,8289,0.6056805891577087,2.5688859963429125,2.249709820020704
8291,8290,0.6546555314472482,0.09319211708602566,2.44027696325641
8292,8291,-0.8171012271321274,-0.27817253077298415,-0.30292147194193275
8293,8292,0.6263071791964943,1.1011665140289904,7.083083014519968
8294,8293,2.1131632529957303,0.7336900387355394,-1.4792468374968215
8295,8294,0.6664850251116557,-0.6152487829810429,1.3069309794037236
8296,8295,1.4162158890507048,1.157877570496267,7.475625836505967
8297,8296,-1.5924163187208216,1.11448683215255,-2.705784516289426
8298,8297,-2.020349347133731,0.3407596027710297,1.569288947020837
8299,8298,2.102231017687524,-0.46891570487078693,0.3620969943336535
8300,8299,0.8595080526909659,-0.34185500404488095,0.4293449743416693
8301,8300,-0.24701065222923885,-0.7281750708071182,-3.3341219876339094
8302,8301,1.1637793927175006,0.7589223219567338,0.431089373025305
8303,8302,1.4508277294127594,0.42362202248579717,4.448917935937556
8304,8303,0.4842763710974004,-0.5533425046900875,1.6969317727595414
8305,8304,0.9308115982876803,0.8276630168530003,1.5651962940226405
8306,8305,-0.8134577731930833,1.635549867327439,0.04767224863851621
8307,8306,0.9154413143633299,1.2395177244359556,1.0194239360785848
8308,8307,0.8365856762866144,0.1393307259412073,4.777930828281301
8309,8308,-0.26903110680556735,-1.272348117536422,-6.036682216921051
8310,8309,0.6949897523430932,-2.346948441794185,1.1337049908739114
8311,8310,1.7345786078982555,-0.2697164832455496,1.9383724233970412
8312,8311,-1.5144628662822819,-0.18842070585296852,-1.6744938030789482
8313,8312,1.5877708339979133,-0.8905709686580318,-1.3863100264895392
8314,8313,-0.05067494142319352,0.3834428902540587,0.7647770401191505
8315,8314,0.7435207366207107,0.38798437268744135,-3.062562114338702
8316,8315,-0.4998227589746537,0.4501047489008081,1.3450783273514642
8317,8316,-0.7974132804511701,1.448483259306502,2.2437503350663373
8318,8317,1.6993250220767588,0.6302423568541597,4.7603509346178745
8319,8318,0.6115215349939189,0.12381160279518308,-6.055389315906651
8320,8319,0.34503882582576373,0.49900822941199835,-0.09258547507154916
8321,8320,-0.5387441060192525,-1.8814017308889168,0.05500810284588464
8322,8321,1.1047365129299704,-0.9175020923221872,4.278558411036693
8323,8322,0.2738217472238976,-0.25207071580918655,1.1184853465736806
8324,8323,0.72143366081514,0.029113854449396577,-1.5451194794865737
8325,8324,1.0044326337357794,-0.04691515512675411,1.3130309222176972
8326,8325,-1.732921398063832,-1.0367757604093413,-1.1007695493879912
8327,8326,1.0694537387823468,-0.6113870534015327,-1.245826069444651
8328,8327,-1.3358466409710519,0.7442227254179374,1.4440891199228374
8329,8328,0.7743258904510462,-0.036096580465574665,-0.13975576522720823
8330,8329,0.1259552357233091,0.5137698585035237,-0.6735843365590805
8331,8330,1.4976008606363003,-0.8309779016143002,-0.6350674621537682
8332,8331,-0.7580488350056975,-0.16728189502033405,-4.564020941315465
8333,8332,0.6918388360865854,-0.2922179553314071,6.136074610913048
8334,8333,0.9792630388020019,-0.11047845944374719,2.0891812929737132
8335,8334,0.47382752074020257,0.7037200169739148,1.1501120331376782
8336,8335,-0.47945648165165045,-1.6597396556387867,-5.172710696561948
8337,8336,1.7455866768208346,-0.4635961144499663,4.525403342845939
8338,8337,-0.03792748548311691,-0.16405890063266176,-3.8263952350804216
8339,8338,-0.9071705303146096,-1.0370583644167086,1.799202565551834
8340,8339,0.39282782764104696,1.307181931276789,-0.4815865294701156
8341,8340,-0.1524299366113651,0.4745657841310205,2.048154909758113
8342,8341,-0.9732886216824285,-0.6050001773652183,-2.042901033545118
8343,8342,0.586054038803606,-0.07741710248399973,-4.722684851304124
8344,8343,0.7926389522479659,0.25744753666955117,-1.617923433364885
8345,8344,2.7557463460612692,1.838686980278324,6.583380792376804
8346,8345,0.015630766163228796,-0.4047749503240337,-4.291023294072379
8347,8346,0.35790629390382805,-0.21437688889380468,-1.5636592001908585
8348,8347,-1.4330385700125663,0.7184401531500464,-3.7866789532510037
8349,8348,-0.2679251547098753,0.40332756424898164,-2.4001206594597275
8350,8349,-0.6004158228670137,0.7374214262460169,-1.6866018663050175
8351,8350,-0.838582119961113,0.543921361388578,-3.472536762036579
8352,8351,-1.9144261583855868,0.6940467501591407,2.8045825761427308
8353,8352,1.5685495891025838,0.027253010474747475,1.2940415390732634
8354,8353,0.4408320412764476,-1.2717121013543549,1.7407147491748507
8355,8354,0.1767761729057712,-0.9387621656278735,3.711502964016664
8356,8355,-0.7253563690640619,0.219835062845066,-1.1157030773116308
8357,8356,-0.1646421199555844,1.3111133712583687,2.8432034312073253
8358,8357,0.35858062510447575,-0.5365204846606145,-2.529390359178884
8359,8358,-0.9325889013147685,-0.9968492143360874,-4.407429702870747
8360,8359,1.4403185765712345,0.8867369524202512,-0.16490726462070515
8361,8360,0.6959661283170809,-0.08703037639938606,-5.13368397591133
8362,8361,-0.7212448066892613,-1.1987510757922888,2.138484971584394
8363,8362,0.44249431283813234,-0.7064293183584264,0.2289669972401535
8364,8363,0.005837938775496056,0.35005447687925034,3.172847582462837
8365,8364,-0.6964612151800443,-0.5923778743427267,-6.345363359182095
8366,8365,0.3673431267900218,-0.3014804418494349,1.8990609288161555
8367,8366,-1.3768942206766859,0.4255779929112395,-1.090833377056612
8368,8367,0.2697704637375822,-0.7961911712254869,2.549790619967659
8369,8368,-1.7679223878311976,-1.700814569379163,2.1865280594313017
8370,8369,-0.6259921713412017,0.784629766932826,2.6196263850699117
8371,8370,-0.3055823211939998,0.24009468157131436,3.4729891413743212
8372,8371,-1.2110194510719205,1.525909334448442,-0.08594804655681132
8373,8372,-0.7243576994814536,0.5197069568294782,-1.6189394132150128
8374,8373,1.215726531037358,0.44287163044896505,1.8212691348863146
8375,8374,0.8680909644588787,1.7077067983416834,-0.37405836545968074
8376,8375,-0.5753756296122815,-1.1993279201456795,5.2995023836747555
8377,8376,0.46013957348426027,1.1933920501796287,1.814448596610219
8378,8377,0.1885375215643419,0.34562601544990207,-6.46441998820676
8379,8378,-2.6284968359834404,-0.30909437040626975,-0.760488417219116
8380,8379,0.02938064873296119,-0.5689479968994261,-0.6312661006653653
8381,8380,-1.2126092405691096,0.026600419972731947,3.921210728324203
8382,8381,-0.131248850916339,0.1565603666114271,-0.34914587508023676
8383,8382,0.10277315146249714,-0.5236955706191457,-0.6067625562434362
8384,8383,1.755709533304282,0.37297050027840745,2.9763796224883805
8385,8384,-0.425715315074785,-1.6229301876482722,-3.8266777943969528
8386,8385,-1.144152875211359,0.49212258730728314,-0.36666364472475643
8387,8386,-0.12505428745827016,0.8563161465561885,6.561501155775919
8388,8387,0.8433751907003788,-1.3383271333701083,3.0419506704153205
8389,8388,3.157717723744469,-1.0753016597257778,1.8524383841590955
8390,8389,-0.4958957341178999,0.8573137300461369,5.507469933955053
8391,8390,0.5418445252550258,0.5390614675874712,-1.5017643993502559
8392,8391,1.386037446358647,-0.6577688895356516,3.526408737823915
8393,8392,-1.6993132955374666,-1.857574590951384,-1.6935435766493252
8394,8393,-0.5190958351509213,0.38865111794030177,-1.0086299078741043
8395,8394,2.2886218235200655,-1.0653231177631166,6.4047351392796354
8396,8395,0.8985858281918342,-1.4986347469493106,5.073770023190131
8397,8396,0.05177956997905525,0.4423835880961904,1.2957949688613226
8398,8397,0.8287595907161766,1.9350172252959064,1.2611559332130282
8399,8398,-0.7186643955983051,-0.8907904099250927,6.1925403869890685
8400,8399,0.003370994354935296,0.8363437612227095,5.16647040755892
8401,8400,1.3053457056190245,1.6553682423026812,6.241596918227515
8402,8401,1.50285167905115,0.2528962974770038,2.202324938366069
8403,8402,-0.09275650090207926,-0.7025946650391444,-3.213494116352417
8404,8403,-0.26614753169707106,-1.185191963412958,-2.881798659730519
8405,8404,0.4236945413962031,0.9006971141373641,1.8970693527760114
8406,8405,-0.24862112880986828,0.11861004779664555,1.6284314176628731
8407,8406,0.13192408632745936,0.06180695585883488,0.10820302849888626
8408,8407,0.053038053528354896,-0.3179128058162281,4.294951318120112
8409,8408,-0.13772966734582456,-0.0679451886539121,-6.230627615341482
8410,8409,-1.2374732306018628,1.0975482555487186,-3.9096403151045775
8411,8410,0.3210285729047366,0.8883226408243164,-0.37010483691641705
8412,8411,1.3454034428793835,0.07408540274437224,-0.4220864038746299
8413,8412,-0.8496410465844719,1.0226141552064278,3.679131307266347
8414,8413,-0.5016690635379576,1.2249786908758278,1.9722506898540635
8415,8414,-0.7042710840995192,0.16854347747380433,2.3742286809661683
8416,8415,0.22386666392281124,-0.3070080746007455,4.314686938400365
8417,8416,0.6568084285068785,2.2373245099223884,4.5377358619101065
8418,8417,-0.8709030639989084,-2.7327425546097164,-2.0035323109393497
8419,8418,-0.0008475528905189104,0.3730272438301348,7.996966746360673
8420,8419,-0.7475180312592932,-0.183569061439234,-2.5094366670448514
8421,8420,1.0887296228287844,-0.5617316981802578,1.3614347415670693
8422,8421,1.0972660341030152,-1.1564715499006726,2.3756413271608405
8423,8422,1.2935256415015746,0.3550415751438166,1.692329587004963
8424,8423,0.1969611991844048,2.8138772096508955,2.20927944477109
8425,8424,0.2988793883898708,-0.033888557045579255,2.712111462235323
8426,8425,2.8943583212567656,0.06243897742722145,4.279888894646037
8427,8426,-1.372337342860312,-0.07956466661763319,-0.6951434869883111
8428,8427,1.0633880138704888,-1.9389944808406536,5.472040238810258
8429,8428,1.2685723764252892,0.7971700243082401,1.3302603636353574
8430,8429,-0.9056046288980524,-1.0654772157949903,-4.943869718661938
8431,8430,-1.5297406021792477,-0.10854325007979745,-2.580929518358358
8432,8431,2.017797936518198,-0.45045195170352936,2.66244279834863
8433,8432,-0.9579069040100836,0.8760010209067999,-1.5037886087234233
8434,8433,1.0553184233034223,-1.1174125816118627,-1.7075595491043865
8435,8434,0.16566237465241332,-1.1523643549740552,-0.408416465950446
8436,8435,-0.7132452374894691,-1.1110156343181614,-5.690650020183276
8437,8436,0.7793331499776747,0.44272505387786476,0.014976451981842165
8438,8437,-1.1125273927500419,-0.36394107122809216,3.56556740695622
8439,8438,0.21077501821297837,1.442497394176564,1.1315105530762999
8440,8439,0.7481511837486678,1.092284600073826,6.32002897010385
8441,8440,0.023863934027331446,0.2959042104569306,-3.966441125396423
8442,8441,-0.5561529389785946,-1.4402091868906397,-2.096388489802684
8443,8442,1.0806116156793082,-0.41546916242147963,-4.688809923374313
8444,8443,-0.8725256320720549,1.2066603091146484,3.636966893228733
8445,8444,0.304300242582964,-0.6912284765209186,2.8508156035403345
8446,8445,1.4697460711801262,1.8450299431758972,-0.8918512445307912
8447,8446,1.9598213932235449,-1.88928713810228,-0.47109668065454274
8448,8447,-0.031119436624905163,-1.9552132192933895,-3.0784987313049124
8449,8448,0.3098626508656375,1.1841100278367558,3.9064327408031447
8450,8449,0.8285474332807796,-0.955714544366171,-1.6021075779256557
8451,8450,-0.8263928364228573,-1.7340660421168406,-3.175689411853136
8452,8451,0.48050732639297095,0.07421961860906602,-0.3504768945735913
8453,8452,1.20485225588956,0.39129280078963935,2.246659712283305
8454,8453,-1.348321446329782,0.7414448042754563,0.7831392452645568
8455,8454,0.19248957173326683,-0.6512664795152456,2.218553559268889
8456,8455,1.749891948124511,1.8016532199210875,4.44231609716472
8457,8456,0.8020038361892878,0.10720719541848553,7.614698949607845
8458,8457,1.350888126117099,0.5401773046073577,-1.0463559067906447
8459,8458,-0.8981057731702635,1.5068451166915218,5.444693043711364
8460,8459,-0.8835204634445557,-0.41050959310392315,-2.4412368929662387
8461,8460,-1.912426316918831,0.6705882506724301,-0.7163997518714336
8462,8461,-0.37591465190021356,-0.4384119712374939,-0.8672723053090481
8463,8462,1.4248427176770315,-0.24725724824297232,3.666274041761719
8464,8463,1.1079577724214964,-0.00523179466162652,1.827302767777601
8465,8464,-0.49834949077175933,-0.43725179571302064,-0.6920419732963916
8466,8465,0.6516773598205754,0.2031023638137826,-5.588147391395619
8467,8466,-0.5591824464874449,1.3442446621585953,-3.5830878598219718
8468,8467,-0.569537626860209,0.6232110556230932,-0.5425765694685983
8469,8468,-1.369284648713541,-0.35331788901451056,-1.2934308543722253
8470,8469,-0.3155668673194587,1.5366211905249494,0.09513430696946057
8471,8470,-1.6616022181131236,1.0348942013024265,-0.06985149442145694
8472,8471,-0.771615280078441,-0.46325566613132324,0.4340153158743905
8473,8472,-0.46177866545545027,0.9482099587142299,1.6286388505778826
8474,8473,0.48774738890477926,0.08594837888228259,-3.801142319568055
8475,8474,-1.5104525258493944,-1.293019103635476,-3.963847750971202
8476,8475,0.3762620204341075,0.7177315685296031,0.16625045058161092
8477,8476,-0.21562782402444522,-0.3944310812577049,0.24732668240022448
8478,8477,1.3248103445260415,0.3128737522687864,-4.738206652589337
8479,8478,-0.7150813929312982,-0.3363950587824855,-1.4262710205449975
8480,8479,-0.17037798405991822,0.4715421037846669,-7.593986599951018
8481,8480,0.13018044916203267,-0.26450374514930214,-0.6994095030747263
8482,8481,0.9268127295852651,0.3886892186585793,3.1331236412898757
8483,8482,0.893189600115246,-2.3087081717512192,-4.660249776858204
8484,8483,0.05850705423396094,-0.6903495642148438,3.627942848992658
8485,8484,0.06234512941974698,1.6220871500351712,-3.965564139291098
8486,8485,-0.6917717004499364,0.7030877343249293,-2.1773599316083256
8487,8486,-0.37985744748692335,-1.833462995223987,-1.0494296548045434
8488,8487,-0.6203184579362825,-2.178662028791667,-7.012607542270166
8489,8488,1.9073291674161084,1.0446936412549277,-0.3396021694666821
8490,8489,-0.4162508444303554,0.490075452206694,2.7916664951008614
8491,8490,-1.1150551686508012,0.13095355531036276,-0.9382676098503769
8492,8491,-0.699307820218671,-0.8583640635100468,-0.8747683895299166
8493,8492,-0.9140029467589833,0.688093099512352,-0.4981805264524975
8494,8493,0.2582262554656637,-0.7439118645777365,-3.3287505546886833
8495,8494,0.8436024784351518,0.7997295444149255,-1.4662804057146308
8496,8495,0.25660360000901244,0.05018977508268947,2.2893709461833827
8497,8496,-0.15271289182637077,-0.5296201172654744,-4.2038142555448355
8498,8497,0.5979427997501873,-1.1413573518570401,-5.405550831008081
8499,8498,-1.5441882193938248,-1.2358777925847722,1.4004802073129627
8500,8499,-2.591918019370432,-1.5665130329821528,-1.782645723849066
8501,8500,0.3420972583381668,0.5941836166073723,3.2371124528251087
8502,8501,0.5297546948908113,2.4121767213980485,7.696275351525978
8503,8502,0.2987333804737534,-0.4075036852607516,-5.335315502786052
8504,8503,-0.4926875348599938,0.6625893259428995,3.6772611609800783
8505,8504,0.9812046411395351,-1.0075206751948331,3.335339793209059
8506,8505,-1.147237751623494,-1.4089503083670776,-1.695764443367177
8507,8506,-2.5949276304183355,-1.0057447756992952,-4.943389176732853
8508,8507,0.5743026247380241,-1.0255255917245691,1.201554991346228
8509,8508,-0.09168014609079178,-0.6114401970017777,-1.131695068380874
8510,8509,1.2776262505644984,1.5648881033811437,6.889012086443529
8511,8510,-0.5664545058732343,-0.43769375134090344,-0.4681044377695942
8512,8511,0.5609531045204458,-0.2814137064647247,2.8286538310662666
8513,8512,0.7256561899007431,-2.36317984972265,0.029034579601320498
8514,8513,-0.5238555561406724,1.140574446972038,-0.8703135644228013
8515,8514,0.25891627940358475,-1.5087607532175025,-1.2123624596079914
8516,8515,0.4487857923764726,-0.23147288318477657,-1.7575653819528436
8517,8516,1.396572761255394,1.3070568033162902,3.3900001550213057
8518,8517,0.7007426326251096,-0.6414933594437138,-2.264417205431686
8519,8518,2.1201502723880203,0.8526442593421906,0.6342390959652349
8520,8519,-0.839206823612545,-1.1298963017050854,-6.836859416456147
8521,8520,0.19369923652463344,-0.32713972898768634,3.7244852224069893
8522,8521,-0.5474346797523957,1.0407224083514508,1.378103973811983
8523,8522,-2.726196090743554,-1.927880859904571,1.409325619220593
8524,8523,0.9792333910817576,0.5595420877643187,2.5546174914006423
8525,8524,-2.2374015404424146,-0.7275363405409894,-5.154537970241552
8526,8525,-0.9621013188191477,-0.621637337098877,-8.184161725589412
8527,8526,0.9504478339436098,-0.4378144545637202,3.202695777530961
8528,8527,-1.4041980028563226,-0.40876989144373793,-2.1426315168121564
8529,8528,-0.9657333080271662,0.3768233137733737,0.0058398932152030625
8530,8529,-0.029024846638001117,-1.4297187006947374,-1.623702556054892
8531,8530,-1.8368822083806378,0.6197336312255382,-4.072906036533233
8532,8531,-1.0643050310931417,0.6499443892634245,1.284999362501308
8533,8532,-1.0774123003250926,-0.5451992222448419,-6.7002399720250025
8534,8533,0.26174891318559657,-0.2034027702848747,1.6569036901549998
8535,8534,1.921254957299177,-0.008569282355656196,4.082003020012697
8536,8535,1.1264051604518317,1.9595852765427952,3.413299368863667
8537,8536,-1.0588245453445886,1.465678739946826,-5.387300912808762
8538,8537,1.2422444227833696,-1.0000594171875348,5.632234236053315
8539,8538,1.0247972323801502,-0.15452711779921396,2.704518681838531
8540,8539,-1.1300255529018421,1.1985489840619838,-0.5823015985812786
8541,8540,0.453108488303815,-0.8853155586187902,0.7970279878069637
8542,8541,-1.1243509637440727,-1.164244495393414,-0.920070531215465
8543,8542,1.145026921285027,-0.5294678442734123,3.3751077991837626
8544,8543,-0.04262198060030154,0.375755471257068,3.4615176909040115
8545,8544,-0.9456650305411952,0.6715440704216485,-2.151841897283176
8546,8545,0.03030990347614985,-1.4523105795004148,-4.415407213813063
8547,8546,0.20918033072721373,0.7670132561433828,-0.5758812965307374
8548,8547,0.5235583088154852,2.2217964823425063,-0.9954442875203123
8549,8548,-0.2569898639672093,0.03584779728394696,-1.3580439091306198
8550,8549,0.561274617204543,-0.4168709216703598,-2.2158154052562002
8551,8550,-1.1880606724954466,0.05849937596685592,-4.357423240979404
8552,8551,-1.340901234107684,0.30239289846969747,2.820912898241376
8553,8552,-1.1412681643555416,1.0532228696979289,-2.3274336204925774
8554,8553,0.6155482133937396,1.2690757851998202,-1.8114196641630758
8555,8554,0.3454013005867099,-1.535415144562408,0.6523102934001377
8556,8555,1.1196233236138475,-1.0469347083636957,-1.0135202746612397
8557,8556,1.4893329290824044,0.5028148553683822,1.938289111770323
8558,8557,0.01904442486877535,-1.289435071493998,1.3420428364772836
8559,8558,0.028646934479726535,0.04216637914477181,-1.4062807096928642
8560,8559,-0.20628888585449273,-0.3955352878275643,-3.3735633856546174
8561,8560,-1.2086754255752992,-0.9030425466064768,-7.0450657628927065
8562,8561,0.8998423293279942,0.5809793624853916,2.3668947523353268
8563,8562,0.19705065513500036,0.03537547381102083,-5.249645325022528
8564,8563,0.9781114034608414,-1.1043559459501755,1.9182823004707192
8565,8564,-0.20417940701153064,-1.067202915563365,-0.6705942690247877
8566,8565,1.8925321325222961,0.7897390412178511,5.544080080836262
8567,8566,-0.5747354843224931,2.8065772076530933,-1.1823141725073927
8568,8567,0.7559113232921406,-1.2127356330310561,-2.489286402528354
8569,8568,-1.7334506936480698,-0.4737660076142622,-2.9509637418198915
8570,8569,-0.3137698245230953,2.4085585929026543,4.018293377221267
8571,8570,-1.543793747500053,0.11325417168674316,-0.24781696517648447
8572,8571,-0.5451933613909138,-0.5912600148243455,-1.4534944563863834
8573,8572,-0.9701174533455964,1.0781983112443845,0.7432769496540522
8574,8573,0.08615377343597182,0.665910540094369,2.654772850971945
8575,8574,-0.4050585238173939,-0.341684870804252,4.261837398980044
8576,8575,-0.23554507489796836,1.027522197593552,1.6672581322624302
8577,8576,0.7537927810149555,0.5256038321701438,1.839315536742201
8578,8577,-0.4427548551139442,-0.9754982230993082,1.635015964974592
8579,8578,2.2305501325689767,-0.8410292546208054,3.3455422675351447
8580,8579,-0.7206024579169259,0.7125129643851271,-0.5396088909706088
8581,8580,-0.21466575223454284,-0.9377524119707247,-5.950988270619849
8582,8581,-0.7791139138539477,2.1235912105946766,0.6075708772542593
8583,8582,2.390087819369946,0.18662238275241233,-0.038888808831005095
8584,8583,-0.19963301684002824,0.5442473410175815,6.638788879717045
8585,8584,0.7704922505447588,-0.05606267099797024,3.32839929396272
8586,8585,0.15137549261406857,-1.7966184632966298,-1.2746650823494607
8587,8586,0.6608203937515722,1.1972800955009748,4.187342196891684
8588,8587,-0.9295799092077396,-0.27693559559766906,1.407020709231099
8589,8588,1.128902395339438,0.9295580605248807,3.5414586738916047
8590,8589,-0.813174535747466,-0.24511043902026003,-9.93596684089159
8591,8590,-1.171248642550897,0.05105627725917101,-3.244594900241261
8592,8591,-0.6389973077667022,-0.5178324032662612,-2.1219492951241117
8593,8592,0.6729089274701797,-1.5526407909128597,-3.9915924499398896
8594,8593,1.0154478330977292,-0.7492385315930523,3.617418801323562
8595,8594,1.4491831501808792,0.3745158614327603,-0.5085642808191645
8596,8595,1.3490682757301615,1.3066403435512959,-1.6044317590823232
8597,8596,-0.7095007582881703,0.04369619745337944,-6.0645794324489835
8598,8597,-1.6265752447750192,0.7327775319709093,2.6514793222052218
8599,8598,1.5200534589752306,-0.07111624134268711,2.126081523136745
8600,8599,1.6706514498402483,-0.4303835372596784,-0.928293320631765
8601,8600,0.0755285662221175,-0.40406961638560845,2.6319252437694365
8602,8601,-1.2369026346025602,1.3449559280739583,0.7958744198306134
8603,8602,0.6254048287762252,1.4403339853613348,-0.14936509200281833
8604,8603,-0.5149211462912142,0.8155970270597187,1.250753662311455
8605,8604,-1.3158474940012348,0.37135712365601053,-0.4738437669662634
8606,8605,0.40027867275143547,-1.006835036803934,-1.006880945145477
8607,8606,0.23012734934535162,-0.26185244862363233,2.8850631734228784
8608,8607,-0.34004694513659195,-0.8973996203459998,-4.829640999253601
8609,8608,0.9879564652844848,-0.4126693099825335,-1.5103392277387602
8610,8609,0.2784115974937479,-0.9455331728078543,4.080364321975608
8611,8610,0.1416134553522774,-0.2191516768928339,-0.40347048210577185
8612,8611,-1.1005547666336537,-0.4581610946222009,-3.779926670819758
8613,8612,-0.1575400155111734,-1.7483750135389962,-2.9467546559513265
8614,8613,1.4784948054661953,-0.38604539098514123,1.8889110277755277
8615,8614,-0.9903333612946695,1.3596016063528313,6.027708583770622
8616,8615,-1.0315874982555078,0.9618813554540592,-3.5228017920485186
8617,8616,-0.11187845616109084,-0.32753034562200384,-3.3589217780069283
8618,8617,0.38712398440270496,0.5210334481222333,-2.3357983518165244
8619,8618,-0.16403995351792983,0.3327169140487091,-3.4397497135641943
8620,8619,0.21400177031886236,-0.5028605767025466,1.1645600430630645
8621,8620,-0.04091692084629445,1.8054135213423805,-0.09072135102807613
8622,8621,-0.5070633731325807,1.5948423319390441,2.471614572601572
8623,8622,-0.44534800834799193,-1.1003286813972495,-1.2902761218409766
8624,8623,-0.25175330408233143,-0.7457664135571185,0.5829841996057501
8625,8624,-0.03182735494567017,0.012485565501202858,-1.557892509276261
8626,8625,-1.1655932553321913,-0.8772622164843971,-3.2424549014738573
8627,8626,-0.35864443003147817,-0.7583443408086465,2.6336540569623423
8628,8627,-0.3712063887825573,1.0041144784877403,0.5058571889287913
8629,8628,-1.1159322653859935,1.1032476954345876,0.06304317285475647
8630,8629,-0.1232313195024635,-0.9236560164308238,-4.760205934743843
8631,8630,-1.040903616693686,-1.1626251523637152,-6.961433193057883
8632,8631,-1.5982416350431128,1.1033441724723334,2.2085098161158765
8633,8632,0.5269046730570018,-0.6107108112278792,3.4635743198007933
8634,8633,0.42334141628097427,-0.18254583121378237,-4.693391657768721
8635,8634,-1.1209729915926219,-0.05445861812409029,-4.227588019835042
8636,8635,0.3871396070924785,0.3079206337402104,-0.35083614462589585
8637,8636,-0.21401633438074946,-1.8044890571119205,0.7626052538557565
8638,8637,1.1187706607108228,1.100420222702657,-1.1818237404866223
8639,8638,-0.42021258407615714,0.17465560021948928,2.973899723607981
8640,8639,0.549126027390017,0.24107761908824996,2.6803767272401706
8641,8640,0.05647923121580488,0.8486489881007134,1.1393557391952207
8642,8641,1.2141448706252065,-0.32008511384748856,3.6237284205827507
8643,8642,0.5864451043705504,-0.6446433681523097,-3.1267298073978886
8644,8643,-1.219875751314422,2.564851611177554,1.1011508314869987
8645,8644,0.2018243769177068,-0.703013595370665,1.7668735698804672
8646,8645,-1.1236218364673287,-0.3079918925235042,0.8153054622855807
8647,8646,1.1349901559934312,0.10295537167332883,1.676903485063527
8648,8647,0.3914355242479637,-0.5613920418498259,-2.499457434999701
8649,8648,0.9436858165732467,1.4403809844009547,4.258283905292176
8650,8649,0.7031185031421109,0.6529110585963587,4.439045590682797
8651,8650,-0.911515796846236,-1.7771320306907168,3.0181187393153337
8652,8651,0.581388290983219,0.5849696644181518,3.6401378809242875
8653,8652,-0.340266312547187,1.0229543947555368,-0.7461912783715016
8654,8653,-2.031334106516511,0.5520674940315751,-1.159709010915777
8655,8654,1.2738578992973784,-0.6754334080841703,3.1993237257364293
8656,8655,1.0681753333553372,-0.6478443569560789,-2.9456023565267095
8657,8656,-0.8631176144205486,0.6655950077194673,-3.584570242973947
8658,8657,0.8454918725747118,1.6396882269285882,-1.520550172916512
8659,8658,-0.8262667241480918,-1.843212309024989,-4.508041524160089
8660,8659,0.11190881637441111,1.7361193784482194,-2.3598628333270653
8661,8660,0.032279674509868815,0.7182730193268128,-4.400525709674448
8662,8661,0.12597542000644874,0.26009181549656246,2.508400554793784
8663,8662,-0.2128693310914915,2.2196777498858684,0.4113541908076045
8664,8663,-0.13150360832442431,0.08866433831550538,-0.9018129871546515
8665,8664,1.1379294040997474,0.8967437245524529,1.9895439596734192
8666,8665,-1.9419333838343618,1.3961014772752642,2.60099120640131
8667,8666,-2.1948850533287088,0.2996945044797968,-0.9904430357109345
8668,8667,0.2510455201750104,-1.952483056964769,-1.9860160253628467
8669,8668,-0.4086003696436118,-0.3073327703830481,-1.0693454550743065
8670,8669,1.498608478659255,0.22434773669286948,1.396786267987297
8671,8670,-1.1552085483163854,0.21865507027514727,2.2979323793219955
8672,8671,0.04284403697260683,-0.38867772362434017,-5.36513486225105
8673,8672,-1.9861272053258612,-0.16922362845006747,-4.762419168866703
8674,8673,-0.7900773523083985,-1.5514613906941885,-1.3123491836465968
8675,8674,-0.1359730330096131,-0.2681544496874108,0.024787117343472498
8676,8675,-0.45326374133325026,-2.392395580667305,0.8115652855032218
8677,8676,-0.12241646059471746,-0.379772117041665,-0.36850616331933067
8678,8677,0.8070007924049539,-0.9180174786564369,-3.5244598585933025
8679,8678,2.551113575638697,-0.31878800023960313,1.1454202622511227
8680,8679,1.1019019010872466,-0.8301924298757305,-0.8710304777538119
8681,8680,1.5054345210204443,-2.274548096995028,7.318151497169985
8682,8681,-1.1624869802525282,-1.5043314890018527,-3.334155964244985
8683,8682,1.6311958972128917,0.04346740789825054,8.62739824471254
8684,8683,1.0954052358291213,-1.115025818690256,-0.5481235596379531
8685,8684,-0.825265943889735,-0.19025583013617633,-3.826688578040981
8686,8685,1.8522502525586784,0.7179264905619493,2.459037034325916
8687,8686,-0.1579552829133064,-0.38915468037672424,1.752248473409959
8688,8687,0.04228794095975787,-1.2686014862964614,-0.9434805911317485
8689,8688,1.3422405242803528,1.4513619590050137,9.435398063336486
8690,8689,-0.3343319908281233,0.2187725876342153,5.386847266226417
8691,8690,0.7537868256081753,0.6811383238868451,5.256209096105475
8692,8691,-0.6328738224961064,1.233163243274621,1.7049886504334864
8693,8692,0.4288878655239676,-2.4748060165350716,1.6227368102626
8694,8693,-1.3319307613242644,-0.16991192343360226,-2.6488195414698152
8695,8694,-0.4316887183959698,1.033641659260143,6.8075904398031275
8696,8695,0.32946321359269326,0.04122174156450717,-6.049849433900755
8697,8696,1.430092925336942,1.2357011750867095,2.4697123883858216
8698,8697,-0.3396734384612738,-1.6787481715750032,3.135696276066349
8699,8698,-0.08954957534496799,0.6914537920975303,2.580927264208165
8700,8699,-1.7388551949782678,0.3981104154552578,-0.14071746826517745
8701,8700,-0.22444719184105624,0.807954497846812,-1.5850221025948823
8702,8701,0.5414918801916034,-0.5293222460700832,-0.28426750599251793
8703,8702,0.7775255052819621,-0.9082049604890039,-2.1070723412874686
8704,8703,0.44890336395279545,1.4136164539758462,0.5899197189118109
8705,8704,-0.45371882367549343,-0.6286529388768962,0.16195626805652874
8706,8705,-0.28456819694043006,0.5071322340526448,1.1465899934200188
8707,8706,-1.0097140254667842,-0.27536284577511516,-1.0997917457552933
8708,8707,-1.1613998153723393,-0.4317450421967351,-3.488963781827903
8709,8708,-1.5136771650044971,-0.6127598795798028,-2.320187022675269
8710,8709,0.044479397900180954,0.3918465170448461,2.4465116699637637
8711,8710,-1.2253008855143668,1.0729645288312981,-0.83871828305355
8712,8711,-0.08455604961524768,1.5839374798488801,-4.830769725293588
8713,8712,1.8403728363762892,-1.2818429781295777,5.064379766844528
8714,8713,0.30827956532253653,-0.4947169821359423,-2.8364933599966466
8715,8714,0.743629905902703,0.37280604092065167,0.8771614057685431
8716,8715,0.7534727424346156,-0.9730230964329013,-0.7336186321270854
8717,8716,-0.7971412717375812,0.3316942425162808,2.6844503626209906
8718,8717,-1.156304104360291,0.5494496545570747,-1.432818009175111
8719,8718,-0.23148418410479038,-0.7144201839552832,1.4321269369238339
8720,8719,0.609207746841193,1.59654925644477,3.6001974503655374
8721,8720,-0.0024248645298678155,0.46363715554969226,2.9691299834146716
8722,8721,-0.06554758628977839,0.10179090699856379,2.5285326567571698
8723,8722,0.14846586234853673,-1.5438259001443149,2.0818224279145987
8724,8723,0.9551090121844523,0.011580730359474293,0.2737250955851621
8725,8724,2.1589721394497254,0.24705546642381063,-3.8939862827930187
8726,8725,-0.4127389106253539,-1.370088348244606,-2.1377731193072966
8727,8726,-0.6300100459639002,-0.14629098644715224,-3.4957201786925722
8728,8727,-2.2767420520230948,-0.925779082854616,-4.271028774705345
8729,8728,-0.7136486331348013,0.5016846405373542,-0.15806126994418848
8730,8729,0.0013738548742333687,1.0545849851200941,-2.412226203907545
8731,8730,1.3569123122730185,-0.6100750048829905,1.1011963712780053
8732,8731,-0.31530751492492487,0.17438539525292954,0.42733463255442694
8733,8732,0.07722529806262285,-0.9240278685353688,0.5699117535966683
8734,8733,0.22200281024671048,0.564747331300438,0.8102076154221927
8735,8734,-0.20926202356474016,0.08618800017926637,-2.8553854374918908
8736,8735,-0.9028889973786327,0.022987770328592453,-4.777809669092127
8737,8736,1.6629180587155097,-0.2060317709786976,1.2446387100299139
8738,8737,-0.387053837800555,-1.8219751716282426,-2.6948763411865237
8739,8738,0.73671725746655,-0.4118181167535312,-1.3436065430442188
8740,8739,-1.642214023851523,-0.8707768292075809,-2.581274412603653
8741,8740,-0.2706065851189247,1.3224179840683319,-1.484963700035205
8742,8741,0.4566734161447539,0.6982228691642842,-0.18219016216176392
8743,8742,0.2815571734151711,-0.8710677521550055,1.5447401938215195
8744,8743,-0.8741019973172753,0.5296496241842525,-5.338195822939362
8745,8744,-0.46815584915586894,0.2615381691868809,-2.4840922169101662
8746,8745,1.0163693137224452,0.3811024298197059,-2.2590504118418835
8747,8746,-0.055985840317750314,1.7140812069652644,-2.1084974823259155
8748,8747,-0.909470798103556,0.4992983915206375,-2.8323967162138355
8749,8748,0.2893571783868228,-0.40351750607350567,2.101427976289961
8750,8749,-1.3786712613321015,-1.074215903125661,-4.742900703415423
8751,8750,0.25453328796606056,-0.45277333583081697,2.2949431249293903
8752,8751,-2.0111839079188405,0.016171775998017095,-5.478701980745569
8753,8752,0.06893017030761224,0.37760446977530254,-4.332170626424951
8754,8753,1.5476040080084368,-1.7906529918951346,-0.06092947114146352
8755,8754,-0.355574791371556,0.8487782976508761,5.712744988520712
8756,8755,-0.5090216590110812,-0.6187080415508991,-0.5594974483971298
8757,8756,1.2324282516800062,2.1093826158050426,6.388818076534763
8758,8757,-0.8283394732117267,1.2637660098817687,1.803415008691695
8759,8758,0.5376139136177098,0.29425394788211146,0.5894023683888695
8760,8759,1.83664842282792,0.9819476767482477,4.985311223393224
8761,8760,-2.1457568247608343,-0.6857217552148941,-4.522507006233426
8762,8761,2.0765716087873294,0.7565601189603162,2.0072199138972913
8763,8762,0.3995200932644334,1.271035367226281,4.254429746862024
8764,8763,-1.7317470316243444,-1.6618561731401449,2.9782394506977417
8765,8764,-1.0307105541422557,0.5763353159271943,1.811609112063957
8766,8765,0.7885264191958324,-1.2963408578609414,-3.5840618937174216
8767,8766,0.9895698947514615,-0.01405116859547397,-0.38424979862159114
8768,8767,-0.5894608338551296,-2.171410175676871,-5.424039897366738
8769,8768,-0.8600417312744283,-1.651752184673551,-4.307761972391999
8770,8769,-0.5168234598894,-1.0637219507015991,-5.000353446083135
8771,8770,0.15433959578463766,-0.9156237393160197,2.932579867829688
8772,8771,-0.21504679024208276,0.30785491526812436,4.032755286696982
8773,8772,0.3003484020470463,-0.7571640037767423,0.6870353439163657
8774,8773,-0.2639313259102254,-1.8893700901450565,-2.5039175607657396
8775,8774,0.29242079267802784,-1.783693711827653,-1.9295192029356913
8776,8775,0.8677344932551962,-0.5604346645872954,0.6035615774728544
8777,8776,0.8659854135014368,0.37854689899283367,1.3013187894004206
8778,8777,-0.19477730415639494,1.1710959512133567,1.6606595372401354
8779,8778,-0.18633990316417015,0.5362428857875629,-2.7441671105148897
8780,8779,0.9859412838764153,-1.1008508821032854,3.806220476867939
8781,8780,-1.4663032162846354,-0.23646278810989796,-2.3742507880296193
8782,8781,-1.0884758820839853,-0.4628617447013038,0.022296968520143623
8783,8782,0.5536587483624296,-1.540948864703339,0.5786399735247474
8784,8783,-1.8395692357700373,-0.5554996373427388,0.5943465155941101
8785,8784,1.3721425486685697,-0.37752399388111735,7.2028434001198764
8786,8785,-2.2670263387883045,0.41593076567101545,-3.0545554479748396
8787,8786,-0.018142195296280743,-0.5394536762543856,-2.9405095469030598
8788,8787,1.473546344986111,-0.6456692497060929,-0.7718095311144362
8789,8788,1.0043645482590344,-0.007782070718780381,1.7150134711201168
8790,8789,0.5915962428395571,-0.9822855062780943,4.888820718705021
8791,8790,-1.3015298615748834,-0.09076535064730865,-3.4288446183279095
8792,8791,0.4611606610068476,1.5320120475311054,-0.16597129454229864
8793,8792,0.37486620751850713,-0.06851344493420902,0.44820246606974457
8794,8793,0.40321552769570224,1.6728494055803231,2.933295504996424
8795,8794,-1.228409579479164,0.16148123148733076,-1.5550209136242255
8796,8795,-0.004849748918935056,-0.640377180688488,-0.7847792813319179
8797,8796,-0.6096579564703185,0.3777725013892499,7.147827854984409
8798,8797,-0.827068461164578,-0.8862324364226368,-3.646184809136313
8799,8798,-0.24567199214252328,-0.5055634238204194,0.7324654991499205
8800,8799,0.8504019380143909,-0.9911800462567092,-5.552303851361437
8801,8800,0.25334408850550666,0.7482586506908881,1.3423904161873623
8802,8801,-0.3826577525473688,0.6348486883091199,-2.069793891472092
8803,8802,-0.3508465555301356,-0.7644294628917752,-7.264789736044948
8804,8803,-2.5827061562598157,0.27639113503317514,1.7475324877015006
8805,8804,0.8731294624706168,1.0470234114646275,-0.5193298736203142
8806,8805,1.5175794180873678,-0.4559120693477612,-1.0657850983878847
8807,8806,-0.27589496327765767,0.46009965527006025,-0.9371476189352569
8808,8807,-0.8270275976968515,1.5474971205157884,-4.164918334921865
8809,8808,-0.5240035317327233,-1.224048566582579,-4.551848228568588
8810,8809,-1.231028370097543,0.06019183490608048,-1.3716694203983761
8811,8810,0.6205954082794487,-0.49030505210408654,-3.6104699468258814
8812,8811,0.00809424166922177,1.8122273827924547,1.6216731667546105
8813,8812,1.0204722035059741,0.30417232932852295,-3.721119595715884
8814,8813,-1.586468982070898,-0.9210469726265491,-4.3100538465073575
8815,8814,0.009584625433894484,1.8672164567951748,0.9153748504637063
8816,8815,-0.5935393935553728,-1.7798814119205617,-3.195160558338778
8817,8816,0.18762333156563768,0.38531777910833936,-0.4263392059113016
8818,8817,-0.8977487311678617,0.6080694509328852,-4.031368561027236
8819,8818,-1.087398318169258,1.1893157830667458,3.5259555094699184
8820,8819,-1.7476130001622765,-1.1749067529914825,-1.9316428037979267
8821,8820,-0.36658274541497315,1.5735522955849386,1.9807809452498355
8822,8821,-0.19640853951666615,-0.7410325256425734,0.2218338872057558
8823,8822,-0.07039411070148513,-1.3141873946157372,-1.4750722139490655
8824,8823,2.089623144643241,-0.5614719817220195,0.7207765103144814
8825,8824,1.1407970292963214,-0.17332452547037885,1.320094261367118
8826,8825,0.5379674740791652,0.3341003796053544,6.096839875696009
8827,8826,-0.18547179761983906,-0.3663524816343429,1.0565322352781257
8828,8827,-0.3877284011347316,1.9840187930507718,1.4398012271802596
8829,8828,1.199007084362579,0.3043699164626681,-4.873041194224205
8830,8829,-1.5247524346608614,0.7143378663409916,1.725060352936255
8831,8830,1.1078248759925813,0.4968804008808524,3.930827065202192
8832,8831,0.18177510667458063,1.3350661951185692,1.0685665496638563
8833,8832,-2.333992948492055,-0.17078160424383107,1.2954755375216067
8834,8833,1.2846547061472862,1.8433742585896011,9.056906150803258
8835,8834,0.031287101184576956,-1.2504582131391764,-4.328330815778886
8836,8835,-0.6205292661813346,-0.10267253924207649,-5.130930791373129
8837,8836,-1.8756791002708446,-0.37344439025523235,-2.271226602100511
8838,8837,0.0646771555502704,-1.0766245432615456,-8.030063620964121
8839,8838,0.3463023809898857,1.177292040829593,-1.8664331838942976
8840,8839,0.2086310674367002,0.8033918013963033,1.6501500633702315
8841,8840,-0.5612450250603878,0.32329938433059113,1.4923963746661126
8842,8841,0.9361516001383363,1.2637037124859831,-1.2439783843454675
8843,8842,-1.1247105736712482,-0.9765419521016838,-3.3445383179504695
8844,8843,1.3371746408754175,-0.4332345992430335,0.03743713441944674
8845,8844,0.7826438274958039,-0.19427838888977847,-2.8285286868786885
8846,8845,0.7405570709600685,-0.021855075118867397,3.4720755907314746
8847,8846,-1.3467183161404994,1.733360855387507,2.129714142855279
8848,8847,1.0722576125270369,-0.4777142053471982,1.396443757451971
8849,8848,-1.017675241855857,0.8604293414435976,4.988291171430384
8850,8849,2.4099051474581255,1.0021251997992386,-3.054849941968648
8851,8850,-0.023833431905970415,0.8410015044496703,5.101980454205287
8852,8851,0.766063985638027,-1.4275168866136405,-2.681246296804963
8853,8852,2.0173986186858848,-1.3223648605955232,0.6651484440251869
8854,8853,0.7505649073606245,0.17864228180993877,3.1660774417428783
8855,8854,0.5064832544858939,0.19376833271192198,-1.830595922210652
8856,8855,1.023193411439108,1.455617439125577,1.4897491661309026
8857,8856,-1.846740065394441,-2.7405437653754685,-7.260825523495702
8858,8857,-0.8133694945710682,0.9268282369247566,1.5865492948319126
8859,8858,-0.8872569056042231,0.37101738542034235,-5.1844763894198795
8860,8859,-1.2538100827691891,-0.9150256883736914,0.9697207938248542
8861,8860,1.0782632058335604,-1.6691010843039464,-2.647669466147987
8862,8861,-0.3955678479368717,-0.38896135524285846,-2.5754576766198984
8863,8862,-2.522179411309527,-1.6915819547953432,-4.155021890925845
8864,8863,-1.1368755137224336,-0.05001963749149111,-0.13582130251071334
8865,8864,0.09487004548723955,-1.926075472367741,-1.9693413604288317
8866,8865,-1.069515065233515,-1.7549023281329268,-2.450202358040535
8867,8866,1.3879043359491843,0.9299777062364812,-1.7265859399881358
8868,8867,0.13989733008271232,0.7508682894770057,1.398676579985598
8869,8868,-1.2262220421436674,-2.3231621141777556,-4.067408833329174
8870,8869,-0.7812275949193439,0.6795481303636006,1.3496780505687553
8871,8870,0.316241229508418,0.20379054687622802,-0.04917938308944658
8872,8871,1.5100555247698568,-0.07216171703175085,0.2983563321392037
8873,8872,1.2034949998323834,-0.36138665072475995,4.646642240196648
8874,8873,0.17139848044113615,-0.8428716762408631,-0.7853352321900192
8875,8874,1.4892608001389296,0.9838647602011996,3.212055169236297
8876,8875,-0.17370013095629158,1.0967593902881878,-0.16994468972064158
8877,8876,0.3354658641592783,1.691779085668831,-2.7096119856381726
8878,8877,-1.1472668788659062,0.36731725078561955,-3.0868827327413624
8879,8878,1.6641555231480243,-0.12763946064779103,2.318100461852567
8880,8879,0.9755402588187942,-0.25108133813427447,1.5092153849635452
8881,8880,-1.8357198229176908,-0.9582909706022932,2.123646979714664
8882,8881,0.8014419267753167,0.08513689787536712,8.422137870510944
8883,8882,-1.2963906074640943,0.6441624559312362,-3.1974774892553874
8884,8883,0.8902102896120556,-1.236917132484676,2.913447282209218
8885,8884,-1.3070231350157686,-1.6375276678758182,-3.022988575701118
8886,8885,-0.3302067329401152,-0.8085472124835954,-0.9372917516157943
8887,8886,1.2014234069848613,-1.147459989513803,-0.34341597145577885
8888,8887,1.6294333842561755,0.8540831989613171,2.814576617025006
8889,8888,-0.171530698686746,-0.027598856552623143,1.0856608768539484
8890,8889,0.8351679384232791,-0.15604378403458857,2.7137626002810227
8891,8890,-0.5979059579934249,2.5393741859890913,7.2293464521559985
8892,8891,-0.29430648866277465,-0.8114417492284729,3.911178526144917
8893,8892,0.9854526760899626,-0.3718835798359058,0.8812503659205825
8894,8893,-0.5225117693156829,-1.7380452206686818,-1.9663161018118902
8895,8894,-0.5339182173668615,-0.8303295565787444,-0.1942488067103585
8896,8895,0.06183922065529461,0.06454280043326024,-0.6117212148357521
8897,8896,0.5266660687545537,0.5157383699875535,1.7455928774529732
8898,8897,1.8113040262497668,0.1981920143042471,2.111965562594757
8899,8898,-1.1652560970072205,-0.9617780529309502,-0.9571950449523119
8900,8899,0.5390011489239473,1.15728934979216,-0.3866607513219428
8901,8900,0.2909681704397073,-0.018981749297067356,-1.4029744628727594
8902,8901,-1.4852597987704979,-0.03766602780796725,2.7496804672471336
8903,8902,-1.328883568417714,0.2975954488270115,-0.7013424207247233
8904,8903,0.2965712422936188,-0.46629442987578673,-0.4066556519822817
8905,8904,0.17306697697804435,0.1983805520563115,1.163377607909105
8906,8905,-0.43758504119041974,0.6114391618882824,-4.097576087754629
8907,8906,0.5741337854935381,0.16644232301279552,-1.9539269727837771
8908,8907,-0.8633645735463701,-0.7550170017793949,-2.9455917433576833
8909,8908,0.13058825807774252,-0.48384082852005744,0.6945282957432566
8910,8909,-0.7135750827019538,-0.5664781292757263,1.992359634765557
8911,8910,0.14634738189030205,0.7208190172326148,2.595810552035988
8912,8911,-1.0819009729297167,1.2563392251395247,-3.812743331679889
8913,8912,1.0679511892780342,-0.1484447752823869,-2.0340970450787417
8914,8913,0.3487365160843644,-1.088269330235406,-3.359406031871343
8915,8914,1.8376222426092665,-1.0405061652645027,1.8439180426251545
8916,8915,0.735971795753075,-1.8940691867859898,2.166609509323142
8917,8916,0.6467761862265776,0.15260880115159556,4.284675922217818
8918,8917,-0.9845628389565031,-0.25177485099330454,2.9042296024239564
8919,8918,0.43074886806508117,1.09126002805915,-2.394406200815819
8920,8919,-1.2390249618664364,-0.8475416761649023,-0.5689544686666724
8921,8920,1.455321395510905,-0.411311308085555,5.386003906505817
8922,8921,0.521544091585669,-1.3240303552559722,-4.1513199687639375
8923,8922,0.5149974122167708,-0.4744600635803832,6.320627985724185
8924,8923,-0.0981013764780698,0.75581001066352,5.055319632939671
8925,8924,1.6985547862764439,0.06579565163325078,3.443791573218182
8926,8925,-0.6056302759270132,0.37037095553207633,6.1969198074855365
8927,8926,0.7039139069412735,-0.36299932516714184,-3.8937677980640397
8928,8927,1.7098321002499208,0.7633808234586809,3.4275210684048973
8929,8928,0.8269357110266671,1.5113558819589974,1.474626159507655
8930,8929,1.5216451735176082,0.7236242795843876,0.20142547601753735
8931,8930,0.31231044220092163,-1.637899424988191,4.3321292233546895
8932,8931,0.5891197346773165,0.6381461377937911,-6.518718396700132
8933,8932,1.1250448583247683,-0.7062448719093112,0.9529467922186365
8934,8933,-0.8411819260742776,1.3903077811056557,0.30961104343067064
8935,8934,-0.0195846372569157,-1.1676357957952224,0.5955836974838007
8936,8935,0.004202608630702327,0.8582934744672267,-5.340637613175383
8937,8936,0.5409525126771653,-0.8425344994498225,-0.1943806394925287
8938,8937,1.3313716417511323,1.0020624534060296,1.6643032452361246
8939,8938,-1.0897621527327432,-0.34676526259359763,-7.3030091324797075
8940,8939,-1.7934899592002678,-1.1902676736411524,-4.136195648741157
8941,8940,0.2924620232671482,-0.6010898956303748,-4.106143349231154
8942,8941,1.5176188598842486,-3.1530913265524427,-6.327613580736117
8943,8942,-0.04545827609319863,0.23045299690739887,-0.41589623324128266
8944,8943,-0.3556920426771472,0.16683122884011614,-2.392834725325211
8945,8944,1.3348872622303352,0.9769697921572205,3.1844988319445977
8946,8945,-0.9374328601028276,-0.620260503685604,-4.92564676231613
8947,8946,3.6574027010669026,0.7275481228885685,7.445969198731694
8948,8947,-0.3671373711028803,-0.35999649060624145,-3.9058756259825014
8949,8948,-0.12718643102811303,0.3728660425386337,0.037156598996740176
8950,8949,-0.19830078904701387,0.740014910613465,5.154853456115041
8951,8950,0.2753986903105786,-0.022581639360125663,-5.480248801446919
8952,8951,-0.45430075619333865,0.061926698083884235,-3.315875616293738
8953,8952,0.4215111987904254,-0.06832455424521985,-3.9375725837200983
8954,8953,-1.566796147063902,-0.20942544254750617,-0.7278237702529688
8955,8954,-0.9123741008432547,0.6183060717291535,-0.365955763238875
8956,8955,-1.0495936163542987,-1.2260987890987234,0.3184208498802459
8957,8956,1.5133631504004292,-0.299136068989741,7.097642093623703
8958,8957,-0.16949151646600574,2.179351443093032,1.3828650056616445
8959,8958,-1.2458308801152151,0.4751226463821599,-3.347965409272119
8960,8959,2.1266576697562676,1.009234889001295,4.223715729186223
8961,8960,2.3448707825392705,-1.2537830624589639,-3.962189232879142
8962,8961,-0.6457217189549694,0.16026877947187157,-3.2358396365462907
8963,8962,-0.701454182813458,0.46056720433341125,1.9347414688839053
8964,8963,1.3227738373034883,0.698069610321667,7.379879618896826
8965,8964,-0.027257219202756998,1.404110418591871,3.864637697857508
8966,8965,-1.2645645030670452,0.5894338218326549,-2.2728084967876887
8967,8966,0.7990326711832747,1.3680768040905538,4.722726490349975
8968,8967,1.1256234212665621,0.26135570949292936,3.686093079795742
8969,8968,-0.35004535743973086,-0.551146084013489,1.0232072752288182
8970,8969,-2.1835818814858325,1.5954141349588293,-5.024415995180525
8971,8970,1.3929653335716563,-0.625183023594516,6.017714006511981
8972,8971,1.207521084703181,0.7473696815216365,-0.7240830088662622
8973,8972,0.8308343314461656,1.2859992255124175,0.9582616592531252
8974,8973,-1.6896329688330856,-0.27451378111699776,-2.7974655173116023
8975,8974,-0.32124091110027436,-0.6608833504698435,-5.0727108367117815
8976,8975,-0.8531304933073289,0.6574430136483362,1.0957970423930952
8977,8976,-2.534020774339134,0.35213304351231467,-0.9944306036308932
8978,8977,-1.3711803969670002,-0.20408793316269838,-3.599906684971984
8979,8978,-0.827321174010826,-0.38677292064570784,1.663909005285747
8980,8979,-1.2550060269477687,-0.8540913386996569,-4.245237070129949
8981,8980,0.49840367744558006,0.41159696447922023,2.6092303745168763
8982,8981,2.882331006352064,-0.27558522663156015,6.863208051781008
8983,8982,0.4256726192854551,0.5963449844220571,1.600343642077698
8984,8983,0.8514229312952623,0.09494438050791591,-0.4218631231277854
8985,8984,1.4247852019082787,-0.16995113805056875,0.7530163780734016
8986,8985,0.9561923713183105,-0.06627447009371135,2.455524811995527
8987,8986,-0.19990360841631372,-0.06700181898451718,2.9564259781323554
8988,8987,1.474076640260777,1.0337426224176365,5.802642832357922
8989,8988,0.5233949543976633,-1.769403902673446,-1.9060148691730276
8990,8989,0.18769246874456363,1.0696874910693226,2.502549413085852
8991,8990,-0.3986739197332087,-0.22903588724275903,-3.0586579982782496
8992,8991,0.23230256638248614,1.1122489913138565,-0.4206239736299024
8993,8992,-0.8974414563313857,-0.8980232340623502,-6.822915605235022
8994,8993,1.5158133114367074,-0.8956648171479995,8.566961959399409
8995,8994,-0.6650584711502298,1.7013388463604218,-0.07582843699782832
8996,8995,0.11398445790731464,1.4040085077073767,2.4463065485279314
8997,8996,0.1960909352316826,1.8464446790107687,8.68276382906137
8998,8997,-1.4297387660832224,0.9332588787395047,3.2801421850335046
8999,8998,-0.2943055315199018,-0.08996960846732047,3.2184685756217832
9000,8999,-0.22425949915085283,-1.8472605625371383,-6.4546689230169925
9001,9000,-1.0574903327857272,0.01878544955555837,0.8257723737703737
9002,9001,-0.3025939564383838,-1.486916491813531,-5.750141004477456
9003,9002,-0.6629689321122768,2.2862795859751635,4.406025932852809
9004,9003,-0.8649415722961847,-0.15080432694068738,2.8433465661460997
9005,9004,0.8644537592603706,-0.6933406906898382,3.2876380958892013
9006,9005,-1.2432589259088798,-0.24272401515381306,-0.4599172564017824
9007,9006,0.23472719783050378,0.017110523359317214,-0.004481192453645422
9008,9007,0.24111759740508892,-0.6910943346409385,-0.5830114880345212
9009,9008,0.8839009884697875,0.6075633519730173,-0.015500875892346833
9010,9009,-0.5751635244248228,0.5162057707611922,-1.241416621558723
9011,9010,-2.0409891518607353,-0.5879576582965714,-6.171894464465493
9012,9011,0.8670595525708926,-0.670800759787808,2.0877162464440757
9013,9012,1.3310080853583193,-0.5634111164397322,3.2651469598902962
9014,9013,0.5592908083508425,-0.43007619530120483,-0.6072922382762249
9015,9014,-1.0169236954321235,2.2451612126732154,8.03047463127492
9016,9015,-1.6426494013855972,1.578305213605969,-1.380819284868772
9017,9016,1.6271907672509949,0.4518268366336762,0.4273382156877463
9018,9017,1.941871704917729,-1.4947999879542346,2.217537424846584
9019,9018,-0.06755303983642558,0.013107886593153342,-2.0130701445910617
9020,9019,0.9082025101965002,0.33766554721120157,7.658655236601786
9021,9020,0.6458672515120125,-0.17773817647102605,0.7874137300236562
9022,9021,0.8476534763945804,-1.3565635837298369,-0.040324763612447745
9023,9022,1.174451392201217,-0.7811651451191068,0.43066224555849975
9024,9023,0.27428681783759573,-1.1241427041059602,4.374360784358336
9025,9024,0.6108956005723455,-0.6757427236880538,0.8568513352543047
9026,9025,-0.5882212985212834,0.4325602858568342,6.765549553442169
9027,9026,0.5924718567962457,2.1141793163353677,3.712584114421491
9028,9027,-0.7524022901208498,0.7388009294764564,1.3361266907019518
9029,9028,0.24698827806482385,-0.7047293359494319,-2.078955149046916
9030,9029,-0.6117924047688296,-0.375696480035424,-3.569864165192749
9031,9030,-0.740533998359444,1.947220567603318,4.08112640705816
9032,9031,0.44267776262293723,0.8006922293083825,3.8433023337420975
9033,9032,-0.8380648146559424,1.8055707549814568,-3.649292114874317
9034,9033,-1.8171927452817682,1.3244214335977786,-2.814418886612323
9035,9034,-0.23376124092748657,-0.4371674686487186,-0.06735696769523913
9036,9035,-0.39015415343809673,-0.5103956198245269,-2.22594351080226
9037,9036,-0.28979531725724983,0.34967062652141845,-1.2433052780791372
9038,9037,1.0782426375285563,1.1147285051682603,7.516886408681943
9039,9038,-1.8885107705423563,-0.7760907932921103,-2.276965175552451
9040,9039,-0.013967794036136124,-0.1339901629965107,0.5973121378299121
9041,9040,0.61140944784255,1.430632623570132,-8.779438114466478
9042,9041,-0.9583124347280436,1.3953547834509579,2.479235196547754
9043,9042,0.32818069960870067,-1.6910442858590924,-3.084162954373097
9044,9043,0.2917270411232637,0.6097510584618877,-1.6875624009968857
9045,9044,-0.23613353510648055,-0.2538229300434726,-0.11971606010955105
9046,9045,-0.6260891176349604,-1.2605658436061669,-0.9887175384480918
9047,9046,0.4357865726396045,-1.2010037998021084,-0.24599075746742582
9048,9047,-0.14187437727386842,0.49509993191573887,-0.4487621596276168
9049,9048,-0.6848464890877883,-1.190729904190553,-2.2589679708778645
9050,9049,-0.1141363204187164,1.4998561039740856,5.220125913964275
9051,9050,0.7968384902320208,0.22922127877366036,-2.2191499055771264
9052,9051,1.3191064828000592,-1.2284208563137455,4.123999339859288
9053,9052,0.7600679644468247,-0.6468138946389019,-0.45705316697128984
9054,9053,1.790638046704057,-0.0342420386115623,0.4290437141263673
9055,9054,-2.1978227859389006,-1.2152403875642899,-5.275757055326652
9056,9055,0.1064893896365293,0.6323619071950936,-0.13594797131734815
9057,9056,-0.6508803621712319,0.21523688642697555,2.9642780061817047
9058,9057,0.25713011926446105,-1.0190657932971923,0.8680054586931635
9059,9058,1.4186609799866572,-1.703503377541703,-3.73597870853971
9060,9059,-0.4108810077871955,0.06962619306054306,-0.7742575112302681
9061,9060,-0.7374827239359996,0.8830532855453084,3.9289166411890957
9062,9061,-0.6356446138991123,-0.4730021274940339,-0.8236700959146609
9063,9062,0.02329137954536616,-2.209867966406848,-5.876476359401785
9064,9063,-0.012142414833034892,-0.14208777747583134,0.8091757884217488
9065,9064,-1.2330862227336041,-0.45251519939802387,1.147997981941931
9066,9065,-0.42741891901475026,0.6011162061594293,-0.4806930741132721
9067,9066,-1.3960386603842996,1.3333130125335053,-1.7736922867367626
9068,9067,-2.568210337359217,-1.4783425235834098,-4.396454892840797
9069,9068,-1.480255840030987,-1.1788075728908238,0.5474100309598204
9070,9069,-0.600640662178178,-0.4254660279783857,-2.035691822535565
9071,9070,-1.7695225002675716,-0.7920381692934961,-2.5871699153523906
9072,9071,-0.9862303988080251,-1.7705109113093416,-3.5889870836464994
9073,9072,0.0298782814662204,-1.0131789872518777,-3.1365059875652177
9074,9073,-0.6758387635677593,1.205912297663547,2.301734672377955
9075,9074,1.7959506095132147,1.2767544463895697,5.870665775083015
9076,9075,0.7821425913383847,0.25735350185911376,0.5986691674137224
9077,9076,-0.644902604785595,-0.6294877959646267,-1.5885074889267892
9078,9077,-1.2450935435917068,0.9641607306627494,-2.0927931586807493
9079,9078,-2.791791867592543,-0.7485130034623368,0.5781333554612083
9080,9079,-0.4618883957538605,0.7947403604786853,2.015553754933685
9081,9080,-1.7810835069464577,-0.18773080415443885,-0.494897071008658
9082,9081,0.358185314781139,0.8130224241257338,1.7520532853284505
9083,9082,-0.6303931119790447,0.5988127839759345,-2.8218385586748957
9084,9083,-0.9632040951980776,-0.8683743797422863,-1.3384151706412544
9085,9084,2.086851992868606,1.1994800420938534,-4.664735435380772
9086,9085,-0.5087600427493124,0.05792988043314934,-1.0626983100360055
9087,9086,-0.1271000065812483,0.8832614207282214,0.5718641410202567
9088,9087,0.9917153519179086,-1.332212603879214,0.1833650821744393
9089,9088,-0.5593121520183425,-1.063957084433982,-0.7927253792232467
9090,9089,0.9742823654786041,-2.1685912987956244,1.7554664241358324
9091,9090,-1.181552169719183,1.9414574113968137,1.1961366111231115
9092,9091,-0.9803866334869571,-0.639709330332238,-0.4872317437703657
9093,9092,0.33025534402450585,-0.7532077441262114,4.404438411242993
9094,9093,0.38641083717408964,-0.5264805960157977,-3.729785272318413
9095,9094,-0.504486489804159,-0.9417640681971142,-1.5913331542864366
9096,9095,0.7118104293279549,1.6378716497326442,-0.862582370034296
9097,9096,-0.12839003315593242,-1.17869520465744,1.1104530108861637
9098,9097,-0.9410558995285391,-0.21217836045984134,-2.8310901761771823
9099,9098,-1.673528450696244,-0.20432774881203408,-6.027168218548503
9100,9099,-0.1924946832831936,0.8103019761733429,0.30361220019541824
9101,9100,0.16818395646655857,-0.8632632961947327,2.4105366912437463
9102,9101,-1.8672812252796445,-1.9133826623277042,-9.2958587776086
9103,9102,0.5315360327444287,-0.6850380273303219,0.2757176981157332
9104,9103,0.5601763084244874,-0.9598568581171752,-0.8271745438053615
9105,9104,-1.6486001511811035,1.0256984241774691,5.082256202633216
9106,9105,0.607775752775607,0.01555512667644632,-0.11880163725687187
9107,9106,0.948466135065615,0.6923018310747373,3.0827112876338782
9108,9107,1.2027763769885835,-0.44655212246391907,4.394483868711494
9109,9108,-0.3031769204012541,-0.3994772093095238,-4.288923636214893
9110,9109,1.8240327320798795,0.505190861635361,3.0849546197628372
9111,9110,1.1908072559888025,-0.780689276831616,2.6179611746539795
9112,9111,2.6546686022500148,0.12828438801882266,2.0971857277507286
9113,9112,0.8932475882183114,-1.0444739513984729,1.5676846637166642
9114,9113,0.0338692501559496,-0.23857990739213425,6.4824639395970145
9115,9114,-1.507124656506585,-0.4371275165532996,-4.752851137033943
9116,9115,-0.30945777865493884,0.22564257659511772,1.3265978619792165
9117,9116,-0.16480183561096684,1.7005860870072338,0.50832607468985
9118,9117,0.42037762492013503,-1.0693721651169725,2.620432812680066
9119,9118,1.617710635778667,0.8937781738175269,0.41087891968053614
9120,9119,-1.6945693737967984,0.8998949965688462,2.873956572529831
9121,9120,-1.4650537755793454,-0.4821814155165529,0.18753721838121962
9122,9121,-2.210123842890705,-0.00603415390964233,-6.242895560698087
9123,9122,0.9510602055219378,-0.47562481903923975,6.9693726721226295
9124,9123,-0.003921974141105875,-0.6309566366329679,-3.95410691822413
9125,9124,-0.6272528242090432,0.15010572862536312,-5.608476292680146
9126,9125,-1.1003384633777131,0.0783836091918013,-5.744213472247675
9127,9126,0.3136047268634061,-0.797017682575256,1.5529230626278605
9128,9127,-1.3786277128626507,-0.5231210616904646,1.1668510223273734
9129,9128,0.2810690350252185,0.6507094202919257,4.941703912789701
9130,9129,-0.7139533080458128,1.3078194635914089,4.61376107314627
9131,9130,1.8397860260010703,-0.5023501522002723,-0.6316293487137181
9132,9131,-0.10897467437213312,-0.006242122093540622,4.434730728419158
9133,9132,1.1003673453100777,1.0057289801130758,2.382151567036005
9134,9133,-0.564324600102401,-1.315947416467426,3.4394547812658565
9135,9134,-0.19938434696994517,0.5590457302383605,-0.07739656950473739
9136,9135,0.6294328498785207,1.2406763664379872,1.6312645050827304
9137,9136,0.21064196805492555,1.1537853892711714,0.8424240623957424
9138,9137,0.6425676106875624,0.7268130916245932,-4.624482580389669
9139,9138,0.023721276852064543,0.3929360399182033,6.7534195762298275
9140,9139,2.586966915064668,0.8165505461663707,6.989572709651012
9141,9140,-0.24048787133723223,-0.9277254912418333,-3.9378482048932684
9142,9141,2.0016128958503825,2.869391157279206,3.345668149668282
9143,9142,-0.8672362004832442,0.997797580992936,0.7689846833031195
9144,9143,1.0422181910932717,1.2405749120101255,4.27043092934978
9145,9144,1.2794155716378397,0.4213372273988772,0.11666530309799955
9146,9145,-0.7793754319299403,1.2229767614285805,-4.384084695138373
9147,9146,-0.5682168540746064,-0.5688695232463173,-0.0908313438200743
9148,9147,-1.6670301318257106,-0.4640707690428951,2.728011598650087
9149,9148,1.455929818567666,0.37096798699539385,2.451047135232246
9150,9149,1.4009718159049342,0.3739083989901909,-4.1462394233634905
9151,9150,-0.9071803239322027,0.28415175813911697,-3.4876216147805787
9152,9151,1.3500391399565534,-0.48336484351427295,3.853016598682738
9153,9152,-1.1043908925031787,-0.08230425469047196,0.07014694018290613
9154,9153,-1.7643419322215468,-0.1395071423336445,-5.523266547520114
9155,9154,0.6049544844796272,1.5201665153830142,4.246171669465259
9156,9155,-0.14902737522448184,-0.422427819974618,-3.5008516568944588
9157,9156,-0.5407084540521707,-1.8521619199153072,-4.8996590678767475
9158,9157,-0.7332252072651277,-1.6379493786038404,2.625320847837991
9159,9158,-0.3243170740306689,0.5798633944398196,1.8432719429512892
9160,9159,-0.39731994715589264,1.3718316290299282,6.662368850822902
9161,9160,-1.0790135971523238,0.1568545390333842,-1.7734556721540988
9162,9161,0.6327840811921752,0.6202736479781212,2.7797763169875114
9163,9162,0.24900162430413098,-0.0674500566060762,0.03266133701781959
9164,9163,0.09759805704918428,0.8404237774687283,-0.4927388585442978
9165,9164,1.0615717921863967,-0.3968339501048658,-4.944938276644166
9166,9165,-0.6099758851792628,0.09497744363287891,-2.196104431695428
9167,9166,-0.7864609931168725,-1.3798154835782745,2.240506430969012
9168,9167,0.0751066174398668,0.026598294746999675,1.2432490406645356
9169,9168,1.301237328804909,1.2257713445494878,5.4363245781534415
9170,9169,0.25625719521307777,-1.0335836974089052,-5.321898431345054
9171,9170,1.4547997645830693,1.1403921638059047,3.272174145475649
9172,9171,-1.7597620396262073,-1.0503806668958753,0.6461160952117952
9173,9172,-0.3318278991448813,0.8021054541506228,1.2124044821219073
9174,9173,0.3742083166337214,-1.441738226699348,2.589234680464432
9175,9174,0.8668750274178321,-0.3001933290427398,0.6608974706014223
9176,9175,-1.9545518003433857,0.9295665670591475,0.15897806096046424
9177,9176,1.9980623375829232,-0.5696390020094646,2.219280817208918
9178,9177,1.934723962063741,-0.40919094955947266,1.3606233503061484
9179,9178,-1.5375153861680453,-0.14580847100992753,2.3673911353966814
9180,9179,1.1857985650789478,2.632752417352968,3.172992448099743
9181,9180,0.8652665972474156,-0.3528340192440033,-2.1705235318186693
9182,9181,-1.1071481695188472,0.5228062653859463,-7.635070784847878
9183,9182,1.2172363712773442,0.20580584261113352,2.0623040450352104
9184,9183,-0.03645584758755888,-0.2930972801686427,-0.7424984440593382
9185,9184,-0.699346024534822,-0.5637140427894605,-1.6785822473492376
9186,9185,-0.3213528158843328,-0.2924914745421288,-4.14208021038996
9187,9186,0.3608612099705806,0.469190122369001,-0.40394514461184106
9188,9187,2.040496116450657,0.23801033348068332,-1.3923595695120508
9189,9188,1.8166637719767607,0.5550366651085175,5.2665926938943475
9190,9189,0.8363339039369011,1.1521376531670446,11.79098427709082
9191,9190,0.026322137362952892,0.1670494075988256,1.5265101254416056
9192,9191,-0.44278676521216753,2.2084909636874683,5.964847127552615
9193,9192,-0.2008456553373948,-1.3485297408936383,-3.059340515810421
9194,9193,-0.4739169827274067,2.0318685652464565,1.7554271080610646
9195,9194,0.23015603263174567,1.1609784427438912,-1.999675469062965
9196,9195,-0.16931342698523952,2.433083967785386,4.0053751507596855
9197,9196,-1.0829903321601524,0.4882253556522818,4.14403442672988
9198,9197,0.5804814040654721,-1.461647275511442,2.589080236631464
9199,9198,0.10444835248512012,-0.468963786188418,2.0653527245622323
9200,9199,-0.5708036262699532,-0.7091340433967809,-5.0794603749128235
9201,9200,0.7134709877981943,0.6313292988746183,-0.6535593459861433
9202,9201,-1.1716394380626671,2.0912359373319855,0.25593869643151196
9203,9202,2.3028533427729263,0.5879094682440897,5.189844569090091
9204,9203,-0.5432114815376127,-0.782347878577948,0.24395949948727602
9205,9204,0.7232127686507762,0.510668722115675,-1.7861497094731265
9206,9205,0.9299975891137903,-1.7708179259241574,4.308520964750124
9207,9206,2.3539455942818743,0.30997334130690335,6.713058690736306
9208,9207,0.7061608529621253,-0.1412071823592261,0.5575074140791128
9209,9208,0.6331096954021824,0.536764750411532,4.266118197212152
9210,9209,0.8458898855203733,-0.9841527175537297,-3.021041756038187
9211,9210,-0.12661381058850632,2.287431648286001,1.0941734083370236
9212,9211,0.9126025780554335,0.45455501438221046,0.10038941900539777
9213,9212,0.2568814193062939,0.31523534230659894,1.1646083455637433
9214,9213,0.3836900657707327,-1.6088011404550104,-2.0963913740124904
9215,9214,0.5176597813670597,0.5913809697837027,1.4230980310952757
9216,9215,-0.2860480493173016,1.3781202770991594,-3.81733070784148
9217,9216,1.0812212274539401,0.6889079704938075,1.433151676652764
9218,9217,-1.35802310746478,-0.0436491598545137,0.22514685599572692
9219,9218,-0.9782705714632522,0.37799307904375246,-2.6186186260951976
9220,9219,0.5012103935950776,-1.215436115231577,1.6323315691232196
9221,9220,0.39405267589800475,-1.4381259322464672,4.429286861406495
9222,9221,-1.2212043739395129,0.1335651914849051,-1.4330068260378825
9223,9222,-1.9229778489380402,-0.946054616916801,-3.610012823869692
9224,9223,0.1877145768701581,-0.1609919418561073,0.3703296338923665
9225,9224,-1.6468804514476507,-1.6363341740781783,-5.491928330630902
9226,9225,1.3180404247883,-1.1275449321108626,-3.727093227221497
9227,9226,-1.1262472648630446,0.2770484117850648,1.2903321143040158
9228,9227,-0.9062277471416142,-1.4280048446461584,-4.790609413378846
9229,9228,-0.15080283637449146,0.5601385030646098,4.176052880060687
9230,9229,-1.3624951489306083,-0.9666787627903053,-3.714210907739904
9231,9230,-0.5282407636285726,-1.0075968970967522,1.976154357690731
9232,9231,0.179369455348588,-0.9302787985531505,0.04085365985410552
9233,9232,-0.9267183032295436,-0.01614170460115241,0.6024047676816087
9234,9233,1.7795943227933444,-0.23716818729026168,2.2809997808855735
9235,9234,-0.41446007207192476,-0.17033252877821603,3.858088477722617
9236,9235,-1.721500654295985,-0.9324207205358898,-3.366659221526218
9237,9236,-1.4566324174300398,-0.2681725391343653,-2.003977181269856
9238,9237,1.0488376954950498,-0.156691200015954,-0.725942857810794
9239,9238,-1.4582519940923058,-0.3042696758768516,-1.7946907420324054
9240,9239,-0.8487586931801869,-0.01886247642936169,0.3349351041428812
9241,9240,-0.19049738624789886,-0.7836009014241219,-0.5953981565061112
9242,9241,-0.850050512586233,0.09835060641953602,2.5522928256952357
9243,9242,1.0074976667911761,-0.5376366747449803,0.4635827433477779
9244,9243,-0.17233292062370523,-0.08642699453575796,-5.294049412042147
9245,9244,-1.0517888308513825,0.7976955166680259,-5.029969080213501
9246,9245,-1.099595760894048,-0.5205151114141952,-3.1749133822376057
9247,9246,-0.03400545429305074,0.6208636677719481,-2.8488593023501028
9248,9247,-0.6941296914805578,0.2461663125918266,1.8154734859864425
9249,9248,0.7839801066440368,0.5070506899965206,2.0555558121899513
9250,9249,-0.6224123884528195,-0.31424003452858307,0.6634544256548449
9251,9250,0.518614113143814,-0.4989169516633787,-0.5104965557766334
9252,9251,-1.258562841611062,0.3794411422301142,-1.0987377156140268
9253,9252,1.4415318834534971,-0.35806924682383023,-0.27934791143718696
9254,9253,0.4878613716942261,1.6817204407095183,3.921282411362741
9255,9254,-0.0029795521519891503,-0.9526995071456442,-2.052163408232262
9256,9255,-1.2900776873565567,1.870343871993645,-3.5231148933715106
9257,9256,1.6420023229014922,-0.7726708106713714,-0.29210291583495673
9258,9257,-1.9188142149194618,1.0818998281432297,1.0633339318847401
9259,9258,-0.1820593478517731,0.5862965774625619,-2.2864442846140403
9260,9259,0.3136983428831913,0.8179269239785893,0.02443852502483057
9261,9260,1.3071498078597654,0.8574701383942164,4.404771331873125
9262,9261,-0.22473753276813746,0.7946188725540017,0.9273898063106237
9263,9262,1.2896960896015022,0.5111807679044678,1.931719119174641
9264,9263,0.08089231219294675,-0.7744864141605379,3.0138286052168497
9265,9264,1.687345634557798,0.1782334207875933,4.685903845278545
9266,9265,0.8950718311180741,0.8077194720352067,-0.30708792229498444
9267,9266,0.7745630231702155,-0.89622268702294,-5.221267355644175
9268,9267,0.2855310828837141,0.2110479565123161,1.9184323425705907
9269,9268,-0.18783395880503054,-1.075519901599391,0.3996678212311596
9270,9269,-0.9026885561414635,-1.0318259243114376,-1.6042992339246926
9271,9270,0.533030057784441,0.0007442811803741727,-5.177617717280702
9272,9271,-2.4786272627960453,-1.2621703323890745,-1.0721600188830083
9273,9272,0.3089425467355918,-1.28446031221077,-0.4719562990179396
9274,9273,1.7571927572632389,-0.5412385279725987,0.5247286705232312
9275,9274,-0.09702483994312928,-0.643943239650493,-0.35054091199664494
9276,9275,-0.026626419673766482,0.6111550254433307,-4.110179737322137
9277,9276,-0.5954269791310319,-0.3389095866389405,3.2394140800478834
9278,9277,0.2363448700591712,2.3345125736869905,1.7577261456309778
9279,9278,-0.669189087158234,-1.7357138736732651,0.8631558301243644
9280,9279,0.3661499706816293,0.912833436628406,-5.011753643093388
9281,9280,-0.9818368699459162,-0.9168108201328387,6.443585550935213
9282,9281,0.8690758534199966,-0.8387276762497393,1.8204357950011216
9283,9282,-0.14193272731504383,-1.481933267194166,0.9663669075514232
9284,9283,0.028300531154845678,-0.04897309081161803,0.2792087374274569
9285,9284,0.4681823872072538,-0.1984462965409749,3.7408915180064355
9286,9285,-1.8852804803374013,-0.5786518421510555,-4.531811653082529
9287,9286,0.8410199480553324,-0.4792451802946721,0.6822068268074675
9288,9287,0.12886463084756056,-0.7060029890896656,-0.8172541250985381
9289,9288,0.48510625843306077,0.23623650318166275,3.231535322623671
9290,9289,0.24099398651514498,0.5085933046594953,3.506704553874199
9291,9290,-0.5761376811506711,-1.1513579583883493,4.878250755552379
9292,9291,-0.6969267264489512,-0.4619691646431702,-0.6380848133693224
9293,9292,-0.4938391180470445,0.6325426988906825,0.6387384378819745
9294,9293,-0.6130580183490907,-0.1831026366208621,-0.5121630610250476
9295,9294,0.35644933668701645,0.16235645264991522,-1.519981064503015
9296,9295,0.6273395823532605,0.7502754996617467,4.183108430610607
9297,9296,-0.6075375042005159,-1.6414169636381637,-8.41781583097528
9298,9297,0.7413030697705931,0.03556059219297728,0.1922785237706428
9299,9298,-0.5451226551739742,0.8529331966764193,2.0028965117189954
9300,9299,-0.02961938401302532,-0.11904066613722694,-0.16327009026235895
9301,9300,0.5532677322411088,0.40621149846305055,-4.850280254823353
9302,9301,-0.31259550819869136,0.1702533429077767,-3.4129213433247396
9303,9302,0.17132615037016977,0.7319137410367674,2.988287845336292
9304,9303,-0.00029392781308927547,-2.032298222660681,-1.9726022927316402
9305,9304,-0.3976552134892912,-0.9468259732928265,-2.0325066806045355
9306,9305,0.01816738611232049,-0.520711897110041,-3.8344572614282653
9307,9306,-0.06918958124805952,-0.14465540203776736,-3.8929545707175763
9308,9307,-0.573851378390811,-2.111172099532326,-0.16451236911796763
9309,9308,1.5223600787173721,0.08148024128458647,2.9890130501246674
9310,9309,0.25776142912833333,0.750809709486569,0.10851741803029025
9311,9310,-1.2561880867927464,1.9178276241440417,2.6224950732541803
9312,9311,0.09403314882703766,-1.1112553436232169,-3.3404857600055653
9313,9312,-0.0015262091285847624,0.9174744582705939,0.4830787128960129
9314,9313,0.7453008501028915,-0.9601051947521214,-1.7021790366299252
9315,9314,-1.8918851453624546,0.2905934052624555,-0.1760389341584392
9316,9315,-1.4596239207768256,-0.022386177184726637,0.9381836148548336
9317,9316,-0.6494945259969968,-0.145627423434234,-1.1495197725776642
9318,9317,1.0594701758483416,-1.033104002462307,-2.6111585905934924
9319,9318,-1.304420735018695,1.0488469463224226,1.2054492163703552
9320,9319,0.8172116565269297,1.246307529138702,4.316173857843901
9321,9320,-1.031244069023883,1.2716469190876092,3.5673486271301806
9322,9321,-0.4836821737887321,0.7450102628167581,-0.3118549573410119
9323,9322,0.5561730001898988,-0.9048543044462386,-0.8378687487620335
9324,9323,0.41171405701555713,2.240185708832004,1.3009729877491418
9325,9324,-1.532236306097656,0.06589993573946146,-0.6926528119445763
9326,9325,-1.3404132035141045,-1.7936511155824955,-0.582415487057065
9327,9326,0.8584492235044481,-0.09153709483228932,-0.2205719210248943
9328,9327,-0.4423514695177698,-0.2958285584679107,-1.1364350060352915
9329,9328,2.1756235519833935,-0.2290633022125387,3.6933805609993358
9330,9329,-0.6406980363003248,1.6220494647259638,0.5473978873679116
9331,9330,-1.9470278735217896,0.5112078303684147,-4.137837705851954
9332,9331,-0.775554998105901,1.1076545212000755,-5.4727177575298125
9333,9332,0.5895236686056895,-1.123931716589302,-6.4975614819894645
9334,9333,0.8195384162852059,1.6885650788464592,3.5295155696602145
9335,9334,-1.8965948260978018,0.39386891253247913,4.142819872582949
9336,9335,-1.4505194781407542,1.9709791563516756,-0.9609472342030757
9337,9336,0.5155302763230397,-2.7019509395857932,-5.793427421550363
9338,9337,0.7908210770177178,-0.18964695514082813,3.059045785488915
9339,9338,-0.15126502205600414,-1.3496349862926564,3.2730858767649456
9340,9339,-0.6983269513784581,-0.5319934554270079,-4.859171361807942
9341,9340,0.8255102357767612,0.07255800611903408,0.11746515492755683
9342,9341,-0.6029545455638754,0.22274269003395458,-3.0213369795094898
9343,9342,-0.34174239166602177,0.4388167860121194,-0.5052822118725304
9344,9343,-0.13964223798351044,-0.40787492362948685,-3.7576651338174956
9345,9344,0.08478580407205476,-0.008841240655962559,-3.9866447094182207
9346,9345,0.9863577642245566,-0.2314376351996868,2.9317143244501693
9347,9346,0.9651744817982878,-0.05459699455680723,5.483997862785624
9348,9347,0.6071767334885853,0.650613470501749,0.4688091779583674
9349,9348,2.4553969884307754,-0.5426812647510086,1.455628733411798
9350,9349,1.4757852125688913,-0.6176414144461725,-1.2049478224399146
9351,9350,0.07821201988855127,-0.06433823934621583,2.1301123860986837
9352,9351,-0.07972028103840548,-1.4576811016393694,1.5850868724208298
9353,9352,-0.3503877631499178,0.4370761802551495,2.761641313392472
9354,9353,-0.7152683668288393,0.1657983893179149,-1.3681977934688008
9355,9354,-0.185533041703617,-1.7550963433069375,1.9015600792485658
9356,9355,0.15294235199776307,-0.6179381548092636,4.9373869676528335
9357,9356,1.4572877309320589,0.7489487728288153,0.5566793293134312
9358,9357,0.6113335137730236,0.9192854985419192,1.3736229594799647
9359,9358,-0.2966488457926962,-0.2628192117179047,0.9940382009179711
9360,9359,0.6286871712779196,-0.4904806519239288,5.981020662319391
9361,9360,0.9329886106502362,1.4566293799718881,1.6899906886861724
9362,9361,-0.9510331160203408,-0.09979922564018337,2.1094159067862033
9363,9362,-0.23079864575878342,1.1613456290141608,5.433304638311718
9364,9363,-0.653703719514228,0.5374747275429206,-4.92530902101907
9365,9364,0.0873042354459618,-0.8888539568402347,1.1090885508395516
9366,9365,1.0285136954604694,0.0010273020432840889,2.0745702483110993
9367,9366,1.092055545349328,0.7357080057288571,3.2422864617339267
9368,9367,0.8350779430764192,0.026478097398409367,2.8393502392516505
9369,9368,-0.41209887435439485,-0.14645346569109083,4.609209437166911
9370,9369,0.10966257304992277,0.524847686537121,-3.152347500410499
9371,9370,0.5484224112937769,-1.0469394623053916,-6.3215421444136215
9372,9371,-1.9511324025775032,0.010639711639778232,-2.881610865053689
9373,9372,0.7530745684316033,0.5347939322504068,2.2245109328730046
9374,9373,-0.6819476447943379,-0.11688039879336024,-2.7802516875364574
9375,9374,0.31064416827204033,-0.6457792647104587,-0.07985041450185437
9376,9375,-1.3518076266197752,0.6611209926031678,0.5888983380730717
9377,9376,0.9887101387706725,1.7119059572800932,1.0156384798986104
9378,9377,-0.28685227745957975,-1.4562477957496227,1.6322190571361752
9379,9378,1.5560412034765823,-0.4475539553138807,0.4885036745647371
9380,9379,0.7618564008496318,-1.120101783961485,-2.216188273369026
9381,9380,-0.9106468973289954,0.627114403853438,-0.7324386768843918
9382,9381,0.9190728204424785,-0.02046895507760201,1.1561663391701147
9383,9382,0.634868080297841,1.392682081939719,1.0326486826048344
9384,9383,-1.3190087100501673,1.174158497913781,2.2964699412394944
9385,9384,-2.488103484071686,1.3563812460317906,1.2781393778622987
9386,9385,0.08372926602661342,-0.33474247773359256,-2.300041117090143
9387,9386,-0.9663531606063472,-2.155159416105139,-2.691243159091129
9388,9387,-1.5841805114899172,0.6789362736783859,1.0394958322851062
9389,9388,1.0604739003068546,0.3057989271010275,1.93819977075637
9390,9389,-0.2762249666973983,-1.5170317360038479,-0.8982186619642699
9391,9390,0.16495034962727823,2.0742312313297235,-0.08298129202872484
9392,9391,0.2044599608980567,0.39828462276110416,3.191016117786316
9393,9392,0.21709795885439956,-1.9807751639780962,-5.157178170721199
9394,9393,1.5582002895587264,0.7744483010606007,3.2224163798819965
9395,9394,0.4847901291593381,-0.44375601111317203,0.33254644734142247
9396,9395,2.6073328487772103,0.7999230767773455,6.585223231784177
9397,9396,-1.2770196681143162,1.363243216590643,-0.6784978345898549
9398,9397,-0.2699799495219315,-1.0114892775814548,-2.5401211985168928
9399,9398,-2.106019673622631,0.0634804255162127,-4.665618628918045
9400,9399,1.8787420958078793,-0.9701850909049416,3.6491569920374514
9401,9400,-2.8018941297934714,-0.5278010944776812,-0.37986139665487717
9402,9401,0.004723514090587503,1.6002515254032936,9.46886970212358
9403,9402,0.9873134444535189,2.5789203808212253,5.830401492436621
9404,9403,1.630433301336852,-1.7245914804757814,2.685365589723192
9405,9404,0.6796460197009507,0.4284808912378986,-2.5607303539574304
9406,9405,-0.2916489998621071,-2.0527313239848923,6.481461677409698
9407,9406,0.8130838973940789,0.2477496299923726,3.052320215964728
9408,9407,0.3702675642946602,1.351762441328293,-1.3408366867929344
9409,9408,-1.303755392786778,1.4111553809557924,-3.8338295401043805
9410,9409,0.20655064389761982,0.10658418996116281,1.4562303641562266
9411,9410,0.13835665744445524,0.5578728615391435,-1.5298165291210533
9412,9411,-0.6992897541357563,0.43483926498673875,-0.3534075480692572
9413,9412,0.5497650159013803,-0.44628430244971956,0.5794746977372285
9414,9413,1.065707658790067,-0.1770181154436085,5.791450043754234
9415,9414,-1.2378808736148013,0.18735504164202474,2.4782331198077285
9416,9415,-1.1894094797360515,-0.5625614829022734,-3.722182586987913
9417,9416,-1.0697263274171025,-0.5563480570003543,-3.818885907324973
9418,9417,1.6384464471325872,-0.5451498142061372,2.61473120499581
9419,9418,-2.7741554097947536,-1.1783240852524826,-7.509889538621495
9420,9419,-1.152534377060695,1.0194640765124185,3.4289754830014934
9421,9420,1.200970228095314,-0.3369834893965514,-3.9568818245904467
9422,9421,0.507046696794628,0.06522583279278159,2.5636546193060386
9423,9422,0.0005159752696639836,-1.4010365910681226,-1.0571782291452716
9424,9423,0.6535160057732132,-0.2442677528594265,0.6232888657285394
9425,9424,1.997730057414171,-0.13707881610507033,-1.0537779875273496
9426,9425,0.22536835469525376,-0.22090333948320998,2.1013207042169557
9427,9426,-0.9661721311796431,0.4369457773858003,1.3633221155604882
9428,9427,0.47868304505233455,1.0593658740562175,0.6067018694144808
9429,9428,-0.8689822941126935,0.04392217761741119,-0.1133330442181496
9430,9429,0.4800971056365666,1.5632470698214738,3.46847853339944
9431,9430,-0.22080701708075046,-0.3267551342580412,-3.1187128230921917
9432,9431,1.4733796763267917,-0.34054564444756225,1.7799100901461444
9433,9432,1.5283175677626084,0.0009632541185980045,1.3316627480738248
9434,9433,-0.5052801190844273,-0.1770644645132138,-0.15884395154035147
9435,9434,-0.2404225914612807,0.009592613485106647,0.9833772151450098
9436,9435,-0.8898855803937521,0.9932026892506395,3.9608128564785785
9437,9436,0.35930849495114414,0.698081362535852,-4.667634197890352
9438,9437,-0.10271471286258328,-0.8642018449888543,-6.684989293257985
9439,9438,-0.4474184631297124,1.2361985896711951,-2.4865830664126283
9440,9439,2.1182100411862104,0.2602395687143136,0.6401530096149652
9441,9440,-1.0802380419747089,-1.0832822023188622,-0.10375970152503744
9442,9441,-1.1555344309813538,2.4847324658091465,-1.5971315316383596
9443,9442,0.16193715243325066,-0.8444125972585549,4.4762594022719675
9444,9443,-1.511140972334821,0.035211305291723165,3.684750547433765
9445,9444,0.11359335433994665,0.475759146670604,0.8105544322542508
9446,9445,-0.2494096571394871,-0.4476889607894121,-5.532152568661848
9447,9446,0.13576247686265824,0.9737226733148493,3.7633069170198006
9448,9447,0.894388190694276,0.3372675816303897,0.9751149778529814
9449,9448,-0.5226876924056384,0.04461564357092393,-0.20004660062838275
9450,9449,0.2600993861500634,-0.6287563530927321,1.1563538313689699
9451,9450,-1.2247823302541323,1.0656205198441004,-1.4097861364916744
9452,9451,1.2451213728727195,0.3036868958022261,1.2149304418715587
9453,9452,-0.60134396499932,1.069784516249543,1.6221929240263893
9454,9453,0.797452423262439,1.436456469542596,4.5744217933303055
9455,9454,-0.2032488772574937,2.46216983844872,0.9134859966468658
9456,9455,-2.1696360308875566,-0.5270229367845463,-2.978884000601065
9457,9456,0.5166645524085244,0.49404400588985037,6.1078750992844135
9458,9457,0.12636605912481017,-0.6325881453871783,0.7944718299898863
9459,9458,-1.5007297990970199,0.275530914946655,-5.0963868782214075
9460,9459,-0.5966736453256544,-0.8735433882232606,-10.377480390057038
9461,9460,-0.1418461368994229,-0.5344636433756758,0.8764216541197289
9462,9461,0.7134639004582082,0.35982850669657074,5.4375380057914535
9463,9462,0.21112840091508195,1.091172036929218,1.4567586999534545
9464,9463,0.2952818112468836,-0.9544625225686906,-3.019942663813216
9465,9464,-0.5996867499217279,0.8003405472313899,-3.3992811972113643
9466,9465,-0.09997828353607824,0.076922241773448,-1.565015154208466
9467,9466,0.09797309874775621,-0.41593119049453087,1.2670857693780624
9468,9467,0.07906744467097578,0.3895777551303556,-5.272674257958455
9469,9468,0.5242276932064786,0.10968907125450644,-0.010484996920099812
9470,9469,-0.8120275272850997,-2.124062186597602,-1.8407005455362235
9471,9470,0.1249682801562375,-0.5924821029872521,-0.7808195076638409
9472,9471,0.9407745875896353,-0.5391029852811181,0.8793264962387708
9473,9472,-0.49517737195852984,-1.155184618897121,-1.2848169412049915
9474,9473,-2.1788402621761875,0.7777695709316503,-1.6186924877527082
9475,9474,0.09945198774022161,0.4093656913726802,-0.8993280153939798
9476,9475,-0.03291563593791462,0.8449430629498891,-1.878051150553675
9477,9476,0.8432307273962836,-0.3132106812535041,2.2225431774472906
9478,9477,0.29498362390025457,1.5544082276047406,1.1811551497211137
9479,9478,-0.46827562632434283,3.342378664407016,5.296991561034417
9480,9479,1.202330584204169,0.4240577640562075,0.4085691298740477
9481,9480,1.1006126115797399,-2.2703482378004423,3.4550785386746288
9482,9481,0.4955133034982709,1.3799200542135805,3.3505802378841394
9483,9482,-0.059752299014355324,1.001322896636927,1.5105599195711854
9484,9483,-1.7427488588907378,0.4164365146850026,-2.382122920565065
9485,9484,1.4564416089285168,-0.7004369432819068,1.0532542254382153
9486,9485,-0.13287611468749494,2.689729520842824,1.2587938915598371
9487,9486,-1.3625626260213017,0.7717323078506239,3.0116195909986323
9488,9487,-0.51399494925515,0.35514492845251316,-0.6147533316527936
9489,9488,-0.18461540511085994,-0.33673785102852755,-3.6142197833829597
9490,9489,1.6681109068659066,-1.2398767832143482,-0.8856068643468797
9491,9490,-0.537727250273465,0.2161906755807208,-3.2317828724908675
9492,9491,-1.1162517090200343,-0.596180645532456,-6.964047623896941
9493,9492,-0.5743059051995097,-0.2978359296143069,-3.99912310528155
9494,9493,-0.26834172287223457,0.9224628306975626,9.321946000209953
9495,9494,0.5777840098453766,-0.09184125908614625,-1.103473324774995
9496,9495,0.16439943531660978,-0.7028762835120372,0.874296219812099
9497,9496,-0.6137582960514819,0.4479269526838738,-2.1456303911666934
9498,9497,-0.055130287102564825,-0.4684337706782031,1.611119881018646
9499,9498,1.861791547259589,-1.9964737990793358,-2.7919804779970394
9500,9499,-1.1933467472422825,-1.6190614634406235,-5.828000865703311
9501,9500,-0.09333865102338271,-0.4093927427351105,-0.5133392880903639
9502,9501,-0.4208929858300784,-1.3439812757766347,-6.4801114212623085
9503,9502,-1.0068855416492397,0.043081051592205225,2.050980097953234
9504,9503,-0.2997959314307073,0.9678322849664295,1.1669767703425744
9505,9504,1.411635574637658,-0.05946307190540208,4.443705721339336
9506,9505,-0.22032093391601282,-1.1464648272918327,-2.2581535065278935
9507,9506,1.2323114482589932,0.5860895466030995,7.7000785847514015
9508,9507,-0.35550320629420173,0.3206474013905578,1.9921937255138331
9509,9508,-0.4628462830360354,-1.5904955927168398,-3.145227551200622
9510,9509,0.16559832279363418,0.9574346075658112,-1.7743947893712275
9511,9510,-0.5078053647417898,-0.6626987422929344,2.3442060299791363
9512,9511,1.9665264803403297,-1.070726828509893,6.163793526909307
9513,9512,-0.2734277308307139,0.23424274817436827,2.4744862567641244
9514,9513,0.045383530069391,0.4664755670836002,6.808327138018345
9515,9514,-0.22605806067666875,0.21084950171066622,-0.7074975456849613
9516,9515,-0.05891237195671671,0.836530850384968,2.1132585051006405
9517,9516,0.32403905454405885,-0.5300294824518571,-2.3693891646220866
9518,9517,0.7827805094177112,-0.07235446201841306,-0.023970619013463756
9519,9518,1.1105818822870523,-1.1538409454599292,2.1628571143149085
9520,9519,-1.109857714742841,0.1001903956756556,2.424729759417242
9521,9520,-1.267143620530389,1.0640371561352289,-0.17048912647743586
9522,9521,0.2527795979961905,-1.0369029142159467,2.059738140104678
9523,9522,0.015404880756678304,1.1933011080620042,-1.530435612498604
9524,9523,1.286383589503117,1.7394388654452366,3.869954140563898
9525,9524,0.1804867870498054,0.4633949632388739,-4.833830965310453
9526,9525,0.2497347258461125,-0.9128759031520688,1.7485754000636775
9527,9526,1.0871194233972648,-1.808477250352794,1.9132996706916074
9528,9527,2.1003859397159386,-0.6685660302761252,-0.6165407959554473
9529,9528,-0.3084557573664768,0.6629971759799446,5.124068735228694
9530,9529,-1.147926126921366,0.20599544039355508,-3.0037198783400783
9531,9530,-0.23085653863349356,0.2047814376443411,1.6492676026217268
9532,9531,-0.5136608777617327,0.8870050452753411,-0.06286966661632878
9533,9532,-0.19359513039299275,0.6993342883530863,-3.8551201906645667
9534,9533,1.0575255463962607,-0.470521107734505,1.71490182721018
9535,9534,2.9962774729570936,-0.19325212420232624,3.4587306821783264
9536,9535,-1.2574761669515178,-0.38723915710484447,-2.3326000464508696
9537,9536,-0.6130588062477788,-0.42171566442121006,0.5432979348860238
9538,9537,1.0087602178983002,1.3683891667558048,3.103117514419651
9539,9538,-1.2766830801203306,0.11190325216780918,-0.2363097973363481
9540,9539,0.7717511296165772,-0.9899862088191277,-1.3105138460328547
9541,9540,-0.12011565880600521,0.7611880398490366,-1.1654225297911964
9542,9541,-1.4370804998524296,0.26489314624849536,-1.3388323462052236
9543,9542,-0.5260031705933513,-1.2424255979673748,0.3282902245180668
9544,9543,0.3276859752224407,1.4869740863807577,-0.7422900213841923
9545,9544,0.20828691372399347,-0.8517629248428642,-0.22600505869125276
9546,9545,0.33989906063588476,-0.4694036663641546,0.5463619392494488
9547,9546,0.03285893876060158,-1.2089987156040087,-1.0335160125788376
9548,9547,-0.24056486542845262,0.8797717374127647,-4.186406945793909
9549,9548,-2.133283738161805,-0.1888181190000958,-3.6344409644929483
9550,9549,-1.3910906032502122,0.6231063776046819,-5.668477134035031
9551,9550,1.3003553021579122,1.0900840171417063,-2.636913551083808
9552,9551,0.24399938503593238,-1.0413912448175202,-4.317948408859713
9553,9552,-0.6799109110896233,-1.636128321372621,-7.333286123169919
9554,9553,-0.04861498529757539,0.7869651558693327,1.5920118624177042
9555,9554,-1.071773011233439,-0.06556458361035267,-0.7841166898220786
9556,9555,-0.5346134723202917,1.2100935149650005,-0.41427804163374893
9557,9556,0.38575762994027707,-1.898256362393561,-4.861618219980849
9558,9557,-0.9387631281426437,0.07201081793355449,-0.7620274589001645
9559,9558,1.4608105895104677,-0.5163941248036591,-0.5656753431473369
9560,9559,-1.1398115088257952,-0.07391389911950853,-1.672132835175118
9561,9560,-0.3669226757925845,-0.9776756801986274,1.479440329170198
9562,9561,-0.7276638007700553,0.372214897071653,-0.6553458498770588
9563,9562,0.7287876894792056,-0.12398745517667287,3.707337789567737
9564,9563,0.24046768144146546,-0.4648963866227474,1.1008415707134167
9565,9564,-1.0974624740604606,-0.2043148608229571,0.747354075330554
9566,9565,0.8470798169389021,0.062277635615130646,-1.0967267497158248
9567,9566,-0.38522480669775505,-0.80933676089307,-4.7220396858780616
9568,9567,0.8146846113976226,-0.04153005327602722,8.28219735313237
9569,9568,0.10841174570778014,0.6248098482988913,-1.3845037088366792
9570,9569,-0.5574521810855233,0.06946386659655104,-2.595251990123255
9571,9570,-0.9244379498053227,-0.2136249208669815,-0.6829150663052466
9572,9571,1.5519228031459094,-0.3191268579341481,2.3116097720785636
9573,9572,0.14806180779173858,-0.19651137782376019,-1.736705466853408
9574,9573,0.9144122223384344,0.049221902757421984,-3.770210253461843
9575,9574,0.07171137896779393,1.2239767479513086,2.9638910837860153
9576,9575,0.44057255371743914,-1.5497351567442605,2.149619241739986
9577,9576,0.1994707079447396,0.7001494318960311,1.8964973937238376
9578,9577,0.15785394511779902,-0.35355749379277457,-1.7795969007277161
9579,9578,1.1043938922272727,-0.5002409808759442,1.7432026714916873
9580,9579,1.5810724258811775,1.3536197205321947,0.04854670283707441
9581,9580,-0.5940541388898286,0.564459736122032,-0.32203910135692054
9582,9581,0.5271208487655885,0.5552305865832642,-0.6419497398788205
9583,9582,0.628441728840227,-0.9174452769025392,1.4474262538850502
9584,9583,0.39743368810980884,0.1807210471744424,0.20026522803561042
9585,9584,0.5246050697867035,-1.4867333229225437,-6.489415694123735
9586,9585,0.15792912921569258,-1.3025312789470065,-5.063636579299292
9587,9586,-0.31275268232801257,0.11913408703454809,4.379940773894133
9588,9587,-0.4146783822576387,-1.8372671763157833,-3.691590881667614
9589,9588,0.2453486008730032,-0.11550145249758927,-0.8950995964465902
9590,9589,-1.1730792598489854,0.32392932902676647,-1.537038130118621
9591,9590,1.1315501611000232,1.3063005710100544,2.588179709178016
9592,9591,0.8519049208726126,-0.5473505907922206,0.9849408254981227
9593,9592,-0.38843957830163955,-2.3269425473671825,-4.903885155021723
9594,9593,-0.16957848884888527,0.5251325685078515,-1.3341756848848563
9595,9594,0.3638109502901753,-0.8509230217439575,-4.010254086810273
9596,9595,0.40830278524305785,-0.03926261849348836,2.6012871900166576
9597,9596,1.2618227280516392,-1.1111092229000974,4.616602302387218
9598,9597,0.14652858472470934,0.8374687364896379,-2.9981355470297717
9599,9598,-0.36582355306153763,0.39964300979567075,0.30879558220448566
9600,9599,-1.10804708345129,0.18173748615731714,-4.713472510992104
9601,9600,0.3903962240644209,-0.1979042302440085,4.3440580998472385
9602,9601,-0.6665360564973524,-0.8300717915109254,5.657975923443674
9603,9602,-0.6087402089512952,-0.6160415352496578,-0.3452246700301995
9604,9603,-0.22266302354575265,1.4309429317969362,-0.5565680417532771
9605,9604,1.918467138913495,0.8941722080052602,4.7186378326385965
9606,9605,-0.7486749262654046,-1.3806664913008972,-4.372487371354763
9607,9606,0.050189947178906104,1.0881247199333515,2.3647758342553855
9608,9607,-0.536085919708283,0.4617935228303465,-1.2072606390327378
9609,9608,1.3042280182756085,0.3833468006191047,-1.8183836619728089
9610,9609,0.5800340842762651,-0.7947024102640062,5.7088274167334365
9611,9610,-0.1943993680263134,0.6641821702535704,2.636374124737773
9612,9611,1.2059213532407684,-0.7772699898677458,-1.111577102346807
9613,9612,0.026724985239838774,-0.13095187788903717,0.35078135709261427
9614,9613,-0.912775535476583,2.213123096215791,3.885518084080438
9615,9614,1.0117552168537522,1.347124515986682,-2.0378853301013717
9616,9615,1.2522932687417272,0.666807405030042,3.6546467826677684
9617,9616,0.10839789710110846,0.7350560978376547,0.17858264432761448
9618,9617,-0.440059202310818,-0.3789997901428643,-0.6613072314079178
9619,9618,-0.6452829214644089,0.8667815682932213,0.5495806740095828
9620,9619,0.3007373640013455,0.23443325744130397,2.605375464208934
9621,9620,-1.4058332491162897,0.7512231689216418,0.6530775636379118
9622,9621,0.11111741757011256,-1.495035282466191,-1.3093207083782303
9623,9622,-0.3045357177848702,-0.6568625896833676,-4.214939556830717
9624,9623,1.21465216163003,1.5104713950726973,1.6427119515461004
9625,9624,1.6580066554785198,-0.12075494690453631,-0.04138401283161408
9626,9625,-1.501325666179102,1.6278036645805403,4.057039162270403
9627,9626,-0.8818198350345203,1.0829831643038494,-4.169505266262906
9628,9627,-0.062156044631747676,0.0572431910916094,3.737955268339742
9629,9628,1.4195178517376799,-0.5925387689274254,-2.8093185440079638
9630,9629,-0.03954948550799982,-0.9162709429293969,2.245606520088166
9631,9630,0.713868364388494,0.5559497688706309,1.3839345717516847
9632,9631,-0.21205827971046515,-0.0721150983288257,0.9915405463906053
9633,9632,-0.8447379632927776,-0.8746763819510874,-2.7469502946188777
9634,9633,0.3105520561103426,0.4716589888859076,1.5619686061928033
9635,9634,1.586973650131682,0.12479428745993375,2.7777370887847024
9636,9635,1.7489060352164352,-0.725110979711802,-1.7238206912954943
9637,9636,-0.49756431153851916,1.8216246973217773,3.8496117235080036
9638,9637,2.4282501118136186,-1.0963509590597849,1.356458088633927
9639,9638,-2.7262441115066927,0.5474599966104773,-3.8742436051345273
9640,9639,-0.37217539998755444,0.07167685323363435,1.5906337501314178
9641,9640,0.8456094003226307,1.0446791088334753,0.6402790108294922
9642,9641,1.115501185726245,1.1401885391800644,-1.0094094578313306
9643,9642,0.9301740194290677,0.20630588339508799,-0.2620351598444867
9644,9643,0.25049833705644503,-0.9086809173701351,-5.168919712944294
9645,9644,0.08856914206759707,0.2929785360436477,-2.3282477240006036
9646,9645,-1.0423529004982302,0.24597970424737053,0.3068254696459487
9647,9646,-0.22589065484029874,-0.17229249652428655,-0.4496207438864144
9648,9647,-0.7099418056943276,0.03508476595132981,-6.934759661299914
9649,9648,0.41031559084739033,-0.028687653428660507,-4.5407762615957825
9650,9649,-0.41847941223692886,0.7286688646502838,6.229216310166788
9651,9650,-1.5669168547977066,0.06302806369041641,-3.074790075760209
9652,9651,1.0525835226748754,1.3376300662152143,2.528893744009393
9653,9652,-0.9821533317731608,-0.730543149955732,-3.5702804643477943
9654,9653,-1.4684371361115596,-0.818275933342782,-4.330900396081004
9655,9654,0.07632202174646166,0.1708145278359665,-1.994235940326009
9656,9655,-1.4352897346285574,1.1560934144233073,-0.49872825390111797
9657,9656,-0.17620049683907932,-0.23853565101702254,1.3933604981696104
9658,9657,0.8839672956996777,-1.120029632792716,-1.3809118278317025
9659,9658,0.01747279695406698,-2.3488246000169797,-0.8640945766063539
9660,9659,-0.28061739187029267,-1.1330012139822907,-0.21051570034014744
9661,9660,0.21599620590012517,-0.5532574651779961,1.2021376731023747
9662,9661,1.1171099930358452,1.918063216058176,4.648458770845313
9663,9662,0.9690662463824491,-1.4986001919682335,-1.5818468661960599
9664,9663,-1.808892694767784,-0.18748474118326072,-3.2967616439501466
9665,9664,1.0114114074458767,-1.1320129007560709,2.9263114703721103
9666,9665,0.5736609759135063,-1.0614492006503298,4.985483853494039
9667,9666,0.3710089963842803,-1.9341283043976927,2.9106213809798973
9668,9667,-0.3524928218271535,0.46165037791622493,-0.36954452836738827
9669,9668,2.3720324864995104,1.3597529444628862,2.367216200369933
9670,9669,-0.13249993647966052,0.23785353682802104,4.8132269271415815
9671,9670,-2.096242152434003,-1.0888986545355537,-0.6566717651573573
9672,9671,0.4188593751912018,0.9235484022935889,-1.1544059487896372
9673,9672,0.5800223888017977,-0.2117381784350743,-2.509450303496783
9674,9673,0.20484971404279728,0.4189351391082781,0.5588527969016099
9675,9674,0.7240651555609555,0.8224908007327274,-4.06605604521291
9676,9675,1.1385322403454539,1.7949927425259455,2.044489987889338
9677,9676,-2.337264305417017,0.4894653870616602,-0.2059653571420479
9678,9677,-1.15187862199245,0.36611177015944607,0.5963986836879572
9679,9678,0.6960301918289655,-0.2984148946521273,3.2780550306452403
9680,9679,0.48526808663791066,-1.189946507768719,2.01586419987683
9681,9680,0.002511375932678507,-0.8898846186499288,-1.5772431509870952
9682,9681,0.13808196375432044,-1.8499618244548213,-0.4575852667772491
9683,9682,-0.042806972236586464,1.5821874178101183,-3.9820285605279517
9684,9683,0.7427488511402855,0.9482094929202168,3.3302208756613148
9685,9684,-0.9561851895215959,1.7564940404072504,1.034792951779952
9686,9685,0.4146968042013043,0.3874611855385921,-7.120701678886861
9687,9686,-0.05224419753248747,-0.45093755054313445,-0.3108257686722474
9688,9687,1.709331322190227,-0.16255286470676505,0.12137662119388301
9689,9688,0.16250852508240224,-0.4835528850895482,3.9624476627550407
9690,9689,0.6530816521562365,-1.54622446957728,0.4772777252262277
9691,9690,0.000955312206274996,-0.4733034329500727,0.1989732360315679
9692,9691,-1.929700946999131,-0.6578095863905472,-5.720556802629166
9693,9692,-0.5900640071485622,-0.2766024074286553,1.1984129036127569
9694,9693,1.6339550104858072,2.450396603711396,6.379268258965596
9695,9694,-1.0038929015885578,-0.6775386511527154,-2.251880497005615
9696,9695,-1.1771356741300552,-0.03030204131438675,-2.7480065446857536
9697,9696,1.1037702391199742,0.7571653728025671,4.382377452810583
9698,9697,1.6682598768851082,-1.6664909748888923,-3.329956908866267
9699,9698,-1.2202190211445765,1.0402633119283395,3.3181394587279653
9700,9699,1.5731722165751727,1.6733315052898954,5.710021180467663
9701,9700,2.2120871571404215,-0.018491861231190183,2.5169898152882
9702,9701,0.5250282801325662,-0.2406923067935606,-3.0500195238297616
9703,9702,-1.5175034765672486,-1.0777779167803618,-7.253769797066257
9704,9703,0.907092964143106,0.7748757002202942,6.105793906867524
9705,9704,-0.2849070605876271,-1.1266044072049015,-5.12096997789783
9706,9705,2.116670953713003,0.3357417099726134,8.158427524727589
9707,9706,-0.5051976763904719,0.031277844191788494,-2.629738339253565
9708,9707,0.27485255816833737,0.02241343043855457,-1.5434341591499008
9709,9708,1.7890690421654718,1.6034690366622684,2.1596913726301423
9710,9709,1.0843308159885499,2.216586666905008,8.218480531906682
9711,9710,2.1569769848084706,-0.765231820867324,5.067874478661509
9712,9711,1.2081259135182014,0.6770783404790606,-0.4209251349379252
9713,9712,-0.2709983872791821,-0.032863407260420904,3.938337311964393
9714,9713,0.144905754516859,0.5751586390491128,0.13005671555974563
9715,9714,0.7939442635998157,1.1925387285112836,2.963299500055732
9716,9715,-1.046510918442111,-1.7940740203941143,1.688477380878721
9717,9716,0.8774101110558153,1.4216377909585696,-1.276922358101477
9718,9717,-0.17085165236170952,1.6634942604378635,-1.0647867333029897
9719,9718,1.2299437519460563,2.3823482968113057,2.96570097911269
9720,9719,0.5330779496387763,0.7829667794095527,-2.3438198594385047
9721,9720,-0.5900498654181968,-0.6353815751123899,3.7656739221388653
9722,9721,0.04488766193984322,-0.6125932582272091,-1.4589696566899355
9723,9722,-0.3715617190664916,-1.7330499208654049,-1.0157127066451057
9724,9723,-0.1288310654163693,-1.4552261878985653,-0.646547841663648
9725,9724,1.83386731459309,0.206795975044229,-3.003851532694798
9726,9725,-0.9612502915999243,1.2804999543134892,-0.0851325796635819
9727,9726,0.13440822482118756,-0.8106042407298019,-2.284098173906897
9728,9727,-1.2498940366143834,0.559524960820123,-0.39542970420533474
9729,9728,0.5584161089608539,0.7946016637566317,-0.9944740654052173
9730,9729,0.30298450464521964,-1.325328888993511,3.0253701311534718
9731,9730,-0.07158375742516933,1.0093909529583236,-2.9500438152449022
9732,9731,0.6705491051485928,-1.7747385732134704,-1.3275287199656822
9733,9732,-0.5547716594613947,1.655523184319315,5.819008518124208
9734,9733,-0.275495550613059,-0.47745364251102085,7.0835288580971065
9735,9734,-0.197198796578078,0.7322109675734361,1.1257031024215396
9736,9735,-1.3685725241632214,-0.6944796576696898,-6.130390248154851
9737,9736,-1.8563134619325175,-0.2863022329251904,0.6739232230656288
9738,9737,0.6102956922089264,-0.4991904986490366,0.9991994843966634
9739,9738,-0.545674821359563,-0.28203220237656546,-1.263798939612252
9740,9739,0.786749186973206,0.47167014781846345,-0.21377908074352325
9741,9740,2.0131846546911607,-1.2446042759167613,1.7640341241789508
9742,9741,-0.5750716083140799,1.74135975097643,2.6570271035947584
9743,9742,0.5493780905970074,-0.9323279320579945,-3.3598512796723345
9744,9743,0.7722426846301365,0.31304867214381227,1.5176334176081125
9745,9744,-0.07416739705211145,-0.5999347812071993,0.7675570367237883
9746,9745,1.1746431748548545,0.09986389876781224,-2.223649708340218
9747,9746,1.3049199459884793,0.4926023511656285,5.787073126058405
9748,9747,-1.888489116318369,-0.35582144600150833,-2.012230561609742
9749,9748,-1.0256008466390267,-0.6635619648291277,-0.8947879313498168
9750,9749,-1.785542614130775,-1.660976901299601,-2.5184300264854187
9751,9750,-0.30620864001991654,-1.3809635779120624,-7.467458517964041
9752,9751,-0.9276522748544322,-0.4087954152433758,4.22297401515874
9753,9752,0.4330660124132944,0.6089252389170289,-0.43169940702993026
9754,9753,-1.155800897857397,0.7786510965053398,0.5139292807359113
9755,9754,-0.5381468759612823,1.0731265869938826,-2.3388145652793586
9756,9755,-0.8686091392234643,0.5819459985578603,1.9628540400615537
9757,9756,-0.5627178012148251,-1.626646567297274,1.454152489144023
9758,9757,0.527911958137338,-0.8083685241421331,0.6312698072524172
9759,9758,-0.7369637214578237,2.6118563698627035,2.9408291144926624
9760,9759,-2.9670500317083475,-0.712845438462492,-3.096137392139251
9761,9760,-2.30628257942687,-0.8645839241918853,1.014294536847021
9762,9761,-0.36354930012751346,-0.09928373419103731,-2.3169644532699314
9763,9762,-0.18120603950853806,0.3005307459743315,5.911032300264995
9764,9763,-0.33482010624933156,-1.5103012163552019,1.3499505393530744
9765,9764,0.1413880098804069,-0.05877807970324139,0.6957157920566182
9766,9765,0.09783021936856505,-0.39203369819582773,-2.1497626901560682
9767,9766,1.0931883290296551,1.2999589459265164,2.3689573464554154
9768,9767,-0.18096213814143164,2.010346631560402,-2.1107497974931624
9769,9768,0.3300361013535103,-1.0875330394338378,6.189988986157723
9770,9769,0.6761858840406443,2.5065713405980494,5.499089901725467
9771,9770,1.3820091674063628,0.2891755498027176,4.091595873983566
9772,9771,0.7255408037652804,0.07389920712661767,-1.643175209573977
9773,9772,-0.23473228455751236,0.8207251309561904,-5.40273167067873
9774,9773,0.4221423489565334,-0.6175580113662459,2.735941979049834
9775,9774,-0.6731903274231913,-0.276230144734323,1.119565664915164
9776,9775,-2.0249144285242986,-1.0799411729411836,-3.617719625946224
9777,9776,-0.04547409441868207,1.0398432051263629,-2.67880711638622
9778,9777,-0.31943096099405904,-0.36837427916290205,-7.350350285027991
9779,9778,-0.4022888503464749,1.062960867313735,1.6196966702475157
9780,9779,-0.3939101426854037,-0.9568368201615332,3.002969424653051
9781,9780,-0.15457172817624762,0.2883354641861263,1.2639400817630952
9782,9781,0.5225804320847274,0.39072142892711187,-2.5998053395446563
9783,9782,-1.374721685050127,-0.29108329644518954,-4.3723011364944
9784,9783,0.574223291187391,-1.7993706759193453,-4.175500802527666
9785,9784,-2.3691601782618767,-0.6691118314757667,1.5682755695129273
9786,9785,-0.15993780765821286,0.9175827350132749,0.8421561636219015
9787,9786,-0.2672275300000641,0.8037522280094463,2.136268309370844
9788,9787,-0.8269131632634467,1.0308909739058367,-0.2823187533396663
9789,9788,1.292669477046105,1.1951763880032844,0.8148095239071753
9790,9789,0.28882841278933163,0.09160234696648452,1.5924876231969811
9791,9790,-1.1947413324639495,1.2807590136047768,4.803555097461989
9792,9791,-0.5751303614742002,-0.16831155545811327,-3.4828136730723034
9793,9792,-0.2743001484899808,0.7138927015766935,-3.3350601868598773
9794,9793,0.1996962762121624,-0.5926281065103807,1.476894619768653
9795,9794,-0.055968920741566716,0.6567902457058703,2.273581104154685
9796,9795,0.2118417641530288,-1.2333240467240294,-1.7210731384118227
9797,9796,1.3920946968799761,0.28906402970160544,11.339836887021296
9798,9797,-0.4782770398327637,0.24145753789509256,4.330749996574458
9799,9798,0.18749988513157273,-0.16802076059773424,2.169362782768577
9800,9799,-1.012575501752503,-0.5094969635246229,2.697049330429732
9801,9800,-1.0255559549183482,-0.23131996565455878,0.957101012776977
9802,9801,-0.1913115725674946,0.3787916747300876,-3.0556639058298076
9803,9802,0.29253860784929636,-0.0246791936497853,-1.4304188685519517
9804,9803,-3.4324816808563394,0.37373829112159196,-1.873207994089808
9805,9804,0.15668978106032733,0.4022530929348682,4.803601675066349
9806,9805,0.016726116043084334,0.2904773773353181,2.069892946088859
9807,9806,-1.1992372188001326,1.2128457769176433,3.2720559412846537
9808,9807,0.26337626752540455,-0.22448846147555288,-1.5467203985042706
9809,9808,0.8923630869575703,-0.4427587428697761,0.09928923925689848
9810,9809,0.7171524044660601,1.2299664192536182,5.497822327351862
9811,9810,0.7155992486543927,-0.14167447047421924,1.4781187216417369
9812,9811,-0.6947215560923143,-0.25389733717202245,0.3640450050773322
9813,9812,-0.22193761827079256,-1.129742759136442,-5.598847858574671
9814,9813,1.705198097651885,-1.2358510845924437,5.257780303247776
9815,9814,-0.7904685655545081,-0.6097946939752484,-0.47314296021071356
9816,9815,-1.3697096748043878,0.5474758744426703,1.1159256725993263
9817,9816,2.1015160520880216,0.3594160845000253,3.8201164526303244
9818,9817,0.28993861008180816,1.224864099422851,4.19813879423866
9819,9818,1.4618568140038881,0.0169433889733939,-1.5186940452494953
9820,9819,-1.3159128602737113,1.2684918005601282,2.8288758262091487
9821,9820,0.10003512665788229,0.13414542641138863,2.952831687917501
9822,9821,-0.1485248028446423,1.7175947261753308,4.031595670828811
9823,9822,0.955842223079299,0.07524668026531936,1.9199596099025331
9824,9823,-0.09446608411700011,1.2779731756057693,5.502677284973602
9825,9824,0.3782624434965183,-1.0678364443871666,-2.4065114264406215
9826,9825,-0.38490946590379216,1.4230020257228306,0.7784528967573582
9827,9826,-2.61974842419814,1.27314826529936,-2.1844177203664312
9828,9827,-1.167400883325917,-0.7812166082236774,0.9319970328777993
9829,9828,-1.025841870450442,-1.322109505423875,-2.930479447883995
9830,9829,0.06369222793727795,-0.5019283578824617,-2.109535063593411
9831,9830,0.16965604143606636,-0.3311495486184653,4.314240520202477
9832,9831,-0.8909563578605744,-0.40987357085975246,-5.118978830175155
9833,9832,-0.5326217064614591,-0.9571959677297998,-3.2238366136762693
9834,9833,0.06370285220208369,0.5717168957434645,-3.323561431491314
9835,9834,-0.711345683733069,-0.5081608808214088,1.673345276859866
9836,9835,0.7731655192017073,0.41785965219269544,0.4041056771734881
9837,9836,-0.8021747388721538,-0.32502401289450567,-1.4464169410708205
9838,9837,1.104095653009862,0.810501642483521,0.9938530656233289
9839,9838,-1.1322713592759432,-0.8541753927359195,0.41722324488803864
9840,9839,1.9693316435987231,-0.15100372109218513,-1.5923258767158552
9841,9840,0.7830027110270484,-0.1668122382264138,2.496091994788241
9842,9841,-0.4177695765628644,-0.04879921631255297,-1.3984485747506632
9843,9842,-0.38551401736844393,-0.7478721488738923,1.0322230743077225
9844,9843,0.6990704281049437,-0.9323107372582156,9.507971768020449
9845,9844,1.334952395545629,1.1488494333955106,5.007702223611522
9846,9845,-0.07406453849338902,0.7301428075274479,-3.2716775231057262
9847,9846,-0.33218030125154135,0.21874713510829966,-3.301308590603197
9848,9847,0.9574351931056255,1.0996102896541677,5.841550081496527
9849,9848,-1.0301600575719343,0.8639695302500762,6.04836339441131
9850,9849,1.2096041724310003,-1.4968151787137844,-1.978959442554171
9851,9850,1.212572930145042,-2.1458530370690125,-1.8403638449215276
9852,9851,0.8568347552159293,-0.028201743829249747,1.2482820147181
9853,9852,-0.9239934040359913,0.9162065220690165,-1.8761485453748785
9854,9853,-1.4638506716050876,-1.2349024570443512,-4.690230008135277
9855,9854,-0.548960255359007,0.003457327464761335,-0.579575490571542
9856,9855,-2.4957535486337252,0.5162943727821931,-3.175244422068439
9857,9856,-0.7799010510780161,1.6933041665885387,4.728789139563028
9858,9857,0.02893866116664127,0.2875016161494694,-3.40534868857375
9859,9858,-2.1124792226592684,0.6528981695954252,-0.7535523638693713
9860,9859,0.9558065358271498,-0.7300558781869422,5.560343825802599
9861,9860,-0.3444580930883229,-0.9560365307892974,2.003060355368736
9862,9861,-1.242354670517133,0.3673972328257817,-3.4532477442289373
9863,9862,-0.10658249209430959,1.7011678220180828,-4.115581794009144
9864,9863,0.6914138151350974,0.1659948334521267,-2.58616005776969
9865,9864,-1.1527682958918186,0.14587395635273734,5.157942420644875
9866,9865,0.4265204065628249,1.386094245225799,-0.5938254576807478
9867,9866,0.6301954945634726,1.5346522796753859,4.773787236589761
9868,9867,0.32099833380455894,-2.3177876023008226,-4.538110076381921
9869,9868,-1.1819048741222673,-1.6540942394008902,-2.582667940256488
9870,9869,-1.0430608875484577,-1.0941118218008958,0.6126228982649485
9871,9870,1.162780750079671,-1.0733336848768684,-5.445805899470673
9872,9871,1.7977673880621141,0.11821526683149076,-2.290602457616359
9873,9872,0.7533499213600524,-0.3592871443075339,2.924565751383538
9874,9873,-0.18358763975080714,1.347993290361682,-2.376466478484545
9875,9874,0.5401213713266806,-0.69199850549053,6.19749581663854
9876,9875,1.1118001776277633,-0.6741374780921173,-1.668276362724568
9877,9876,-1.7903706271117836,0.42546518026051106,-0.2474785262856074
9878,9877,0.7171276679199828,0.20158516287683187,-1.4032905179921435
9879,9878,1.2325577533061347,-0.8894204953356759,3.266557547499686
9880,9879,-0.267314468744333,0.9343485452663288,2.4667000558815033
9881,9880,0.9696965447586808,-0.01971823001663568,-0.7163512589690619
9882,9881,-1.701824063842839,1.454633364174676,-0.8097688952408602
9883,9882,0.5116862551455302,0.26955671558706984,0.3467826230977126
9884,9883,0.37915581154006384,-1.539914152796957,1.909622734239419
9885,9884,-0.5276147098927599,0.47879815788381075,1.3455082776806897
9886,9885,-2.05132918397485,1.7187437218981667,0.35169899803120463
9887,9886,-0.0018548659146588825,-0.036785418160839384,-2.889566295238168
9888,9887,0.12643721613808998,-0.44067176530238095,-1.0534433069624771
9889,9888,-0.3611127415977867,1.608634357916842,3.372180146086607
9890,9889,1.2998563879745004,0.33002445997938085,1.7425413581494182
9891,9890,1.7955416917354232,0.46594069526220094,7.288040478383482
9892,9891,-0.7304780601296671,0.16070677199490452,-5.889593171793198
9893,9892,0.5374556289393275,-2.432089346801366,-2.0503672760688563
9894,9893,1.9880893964973436,-0.03825140417982729,5.304137490861118
9895,9894,0.36516446703310596,0.8380978743607126,4.210558918721088
9896,9895,0.6008683762081477,-0.34291013087344413,-0.48099053219835786
9897,9896,-1.0259940936457383,1.0845433983820598,-1.6655997689622235
9898,9897,-2.426424323952998,-0.09402563812602203,-2.214301320204973
9899,9898,0.3578043040610839,-2.4969199113885083,-0.9546358908318677
9900,9899,-0.32072857037625013,0.7031432730745154,2.4848674592155806
9901,9900,0.40282358603633567,-0.5353224785710233,-7.396034072176848
9902,9901,1.4263412430619125,-0.6218035739897927,-0.3079665961594067
9903,9902,-0.015234889005107237,-1.193063980617775,5.216496857912218
9904,9903,0.46770543325599845,0.11081176192751285,0.8829964181204089
9905,9904,-0.5335358306732433,-0.7804327417925185,-2.8615674033272245
9906,9905,-0.7739241316863179,-0.8584116978278983,-6.44576319578387
9907,9906,-1.5710019972758915,1.2030423019342997,-4.871779461220785
9908,9907,1.2721920125219144,-2.0086194046000365,1.4063207711947092
9909,9908,-1.165679473567612,-1.2574220252131527,-3.1001108770692443
9910,9909,1.4132219056651805,0.8750606796468944,0.13044685395212774
9911,9910,0.3183719671127763,-0.45179193583561505,-2.893771343730214
9912,9911,0.19966689583818936,0.765822881452553,5.7029847183678255
9913,9912,-0.16004758718333623,-1.1515939505734119,-4.709027103343544
9914,9913,1.8640856189007682,-1.8315775044924356,-1.8391255168819403
9915,9914,0.7869403670560291,-0.30119496807399565,-2.8732870002321174
9916,9915,1.316715571774553,-1.308339715392212,-1.964741950587887
9917,9916,-0.10117162605473592,0.3861324180111263,-1.9581619875119562
9918,9917,-0.6603835224965616,-0.7917966511508072,-2.7581070593437045
9919,9918,2.081124109633788,0.7590658865179944,3.3060553624221938
9920,9919,-1.442436499463212,1.0241294915472006,3.3267842848465436
9921,9920,0.21417494504854587,0.8115089585844973,2.947747308924647
9922,9921,-0.4673289863118745,0.7344232748981349,-3.2723756805248447
9923,9922,-1.4621763074312335,0.37557851588664604,0.10020553750695978
9924,9923,-1.801095916294249,-1.7143094734380495,-0.7438550658785451
9925,9924,0.5209297770706829,0.36294015502989335,1.5105358027009825
9926,9925,0.1616333996238576,-1.064966592626886,-0.9756697676277013
9927,9926,-0.19489589669528903,-0.5466872228296791,-2.1612329893646396
9928,9927,-1.72377540062142,0.7358164020058564,3.8723620620651307
9929,9928,1.1020005060810323,1.4898916394826809,0.2355308757117783
9930,9929,0.9442304237143438,0.08828085737440909,0.5458145159457746
9931,9930,1.962903134465767,-1.5503677723378912,-2.16684048542399
9932,9931,-1.4160347928302135,-1.1094671756819958,-5.219709930354668
9933,9932,-2.854401112133895,0.5843193844358526,-1.6522183494017795
9934,9933,-1.040827860559887,0.4324005252254475,1.047616143281167
9935,9934,0.22323627371505594,0.7597808190101795,1.9308317056062827
9936,9935,0.04328444933093042,1.8124407299682335,2.838477132037756
9937,9936,-0.30332675804170595,1.1449062547158397,-3.5190187824498715
9938,9937,0.6206331156354278,0.5950290514485623,8.854650909265272
9939,9938,-2.5362394488894404,0.07477253332002055,-2.3535952806686327
9940,9939,0.8566753332364723,1.595799280684797,0.5926128133813527
9941,9940,-0.2031513371732294,0.5183762723558392,3.0223338201435617
9942,9941,-1.6218625517579175,1.0591765225427567,-2.3802242848585013
9943,9942,-0.05626237307988205,1.1808469854708614,-3.9648736536591462
9944,9943,1.776158332236466,-0.5472503400799343,-0.8430808639173105
9945,9944,2.329526707825035,-1.093556714138094,1.2113068466921928
9946,9945,0.001953546288821383,0.4670838968716821,2.481875801082596
9947,9946,1.2602453510982101,1.128333979437309,0.495261435893488
9948,9947,1.1317036343230649,0.8433355456281793,2.128612141918705
9949,9948,-1.269772632388214,-0.7718352051627244,-2.0544019420146187
9950,9949,0.5232551339604421,-1.9200471753658914,-6.008596240534565
9951,9950,-0.48357574773580336,-0.0480845328995194,1.893182902072361
9952,9951,0.42479982406920536,-0.1515157863881869,-2.194923690287931
9953,9952,-1.2028438527602106,-0.8480429056178163,-3.1607806020279385
9954,9953,-0.23315388142303584,0.6607903370845621,4.070585022514047
9955,9954,0.6776247482244245,-1.3489578622888232,0.014467539930073103
9956,9955,0.2886011330582652,-0.29364911692864554,0.9060004063648676
9957,9956,0.07305101393465484,0.21798223997572003,4.054124784143998
9958,9957,-0.2608976753802476,-0.3820658351568013,6.672807113620463
9959,9958,-1.3154117049540504,-1.1928165123782415,-3.722421104532428
9960,9959,0.04491878087754316,0.16086309290904546,0.08038260306527184
9961,9960,-1.6742740126511142,-2.0315946381021655,-0.07356063122953493
9962,9961,0.9393741039056446,0.24416615373994066,3.7853476304909965
9963,9962,0.20819724570996023,2.1981357277611027,3.130924418589736
9964,9963,0.5754760322193639,-0.2865814061653382,-0.2568403884785513
9965,9964,1.5451430133115243,-0.530679994223683,3.9138905713986873
9966,9965,0.6605752220205033,-0.7885012919483334,1.5648866656603078
9967,9966,0.6700001109831916,1.3994080531103772,1.3554434169218823
9968,9967,0.4992395713520772,2.289384433842884,-2.5268272057824044
9969,9968,0.18507965581192418,0.8773904549313941,-2.413487685125995
9970,9969,-0.9213259495235225,-0.40410300694870827,-3.3113928799469337
9971,9970,-0.3758086092146833,1.6443273636191538,1.2643079369104155
9972,9971,-1.390645972111525,-1.0833024761483063,-1.1121807634023035
9973,9972,-0.6626814782255099,-2.000613598932311,-1.6191904709975689
9974,9973,0.931494125139087,1.1034650823607561,1.7509291491000913
9975,9974,1.0374188998078417,1.5644700053805238,3.5001510670866938
9976,9975,-0.35919474865471934,-2.123787097921104,-1.5468832700885702
9977,9976,-1.1424036779543698,0.349139277948838,-3.511489262214748
9978,9977,-0.7797318311956263,-0.8201825317736123,0.31566340394225334
9979,9978,-1.596371496346424,0.7114508472863731,-0.5802204315860734
9980,9979,0.57839786601501,-1.3504057008330503,-0.954299562493472
9981,9980,-0.4738340274209626,-1.2395949681763485,-7.949486189368402
9982,9981,-0.1312278050701682,0.9919501873955773,3.066749236875334
9983,9982,-1.7390765846500225,-1.2239978917736716,-2.976596895962108
9984,9983,-0.022496286623256107,-2.3966913261196208,1.3799234072291378
9985,9984,2.5258552083340873,0.8326386450495279,-1.2544354259720603
9986,9985,0.6167525909964273,0.2867374619984316,2.3749021677716207
9987,9986,-0.7112097883345143,-0.9965087339808567,-1.979238590905302
9988,9987,-2.467466883056909,-1.7193414465113963,-4.580192962117487
9989,9988,-0.8357173374787172,0.6175881043944893,-3.4477282282995683
9990,9989,1.1429186328841499,0.4096700560578574,0.696823564719786
9991,9990,0.2672723197922633,-0.7744844251136525,3.238969932230825
9992,9991,-0.832532855071365,1.8713984910122068,-0.5948312102497504
9993,9992,0.8854671254897438,0.34458019315633515,-4.437728206192272
9994,9993,0.1663664101873473,-0.48429640523350304,0.4918955005859759
9995,9994,-0.19476899965924344,0.04639053513020217,2.194900999578191
9996,9995,0.10974167380746072,0.18719093103607087,1.8292239871776994
9997,9996,-0.45534556413046495,1.0588199152739008,-1.42301122650818
9998,9997,1.4704352160878997,-1.1440160119198342,-4.080529730917837
9999,9998,0.5918161511417778,1.4453222510863097,6.942084941055201
10000,9999,-1.211928204198899,-0.0773630386575129,1.581191995776765
