Extra_Feature_1,Extra_Feature_2,Extra_Feature_3,Extra_Feature_4,Extra_Feature_5,Extra_Feature_6,Extra_Feature_7,Extra_Feature_8,Extra_Feature_9,ID
-0.9742905608266295,1.2057923307824971,-0.7818468740233404,-0.4996133236214773,0.42668665944508977,-0.43969995093580877,-0.4878682887977644,1.4759637054970343,0.5173372946836405,1
-0.2963072222227201,-0.762124389529296,-0.25912521063285093,-0.4422289258774891,-1.4982058225166295,-0.2470230736372693,-4.713218016237111,1.4408852486201114,1.791479340364137,2
-0.12215224609479869,-1.9549934823956623,0.1372887794876652,-0.514932362981204,-0.13882681418807707,1.212154598368495,1.3066888114474577,-1.044425110620512,0.26870545294687354,3
1.6186680462086267,-2.1108528757308864,0.9112746398340557,-0.8829783739064431,0.2586222630968973,-0.16235110816511772,1.0756563613509267,-1.199622737260781,-0.030578924765371687,4
0.5923584078044751,0.5453293856812321,-0.8478509736907655,-1.1662282279953575,2.643938990543086,1.1827590192195223,3.801082836084476,-1.400315105109468,-1.1329018927418335,5
-0.3591330222970779,1.328502813769254,-2.044556252937615,-0.21651061809936764,-0.7341789879371816,1.1415587322767222,-0.9159167895599466,0.7286796832784742,0.811995575354132,6
1.3270797513934045,-1.8090397394483513,-2.680611134073835,-1.4696260511465133,0.4852110844745279,1.5480743985441079,1.8288101991132448,-1.5678412513306514,-0.020027196843524074,7
-1.375225117962206,1.366613827554107,-0.17898344139169084,-0.26130011056889496,1.5427687765652558,-0.1586511834690122,2.8168532185350688,-0.2650822723081325,-0.7888492497413011,8
0.6057587975500438,1.0659748636554465,0.7500617971067234,0.26294077876109573,-0.713334922463897,0.394598935358264,1.5897317395613513,-0.05935746659203589,-0.9067927155209334,9
-1.2671015614018384,-1.77467281722148,-0.2319240021136228,1.5514377658892888,1.4381590913149442,-0.17975613307640745,1.6884893546637583,-1.4228913086628703,0.09955759759996681,10
1.0621913076271912,0.8644417054073248,-1.6721855090761322,0.2482585417616836,1.5596982652545706,-0.8059868968101835,1.4460791938187567,-0.9777134182212055,-2.4338165053449266,11
1.3054024262651662,0.9350663193087987,-1.5795054170872729,0.6034810103015367,1.3213699790423097,-1.0385563060358844,-3.82333074942558,2.901847035400203,-0.41621021383958845,12
-0.8602686289293177,-1.1327136893023293,-0.8174050744048972,-0.08855005154301071,3.9494233021958864,0.1817766247947565,0.9241237825967716,-1.6932991884199744,0.4239516680632088,13
-0.580741118283471,1.2820620293679459,0.4983144204532381,-1.1463526088450813,1.6966317999957499,0.6978071357336549,3.4641517769862675,-0.36022541653919293,-1.258368594304883,14
-1.7553545693201642,1.6383686513980358,2.2182669931208663,-0.6367951015495571,0.9271847912157162,0.057351269979681666,1.3979835817548951,-0.17366890050560935,0.2967484809781579,15
-0.9059651413176992,0.8945533164425833,-0.7228852010761648,1.4303627991183554,1.560386981133954,-0.3492954682052211,-2.676939184925085,2.9320701576887203,0.6650224694439736,16
-0.7802885344227728,3.620487686743051,-0.4001245847187433,1.2217081395199536,0.13213843462720276,0.504152361376481,3.128859248765172,0.8031492574813893,1.0136670858668373,17
0.6607238244589877,0.12807851869591746,0.23406131089431337,2.1477848272405127,2.5552854364882,-0.2963302826486849,0.31473410391352286,-0.5718563182484366,0.9416533909405052,18
0.740520153299995,4.175219206448558,0.9553929964573576,-0.4062337583664761,0.3913600141464624,-1.3109708357228902,3.7737315931039244,1.308362094250413,-0.15526930410375947,19
-1.2762176831011511,1.8441280311720867,-1.4020184956478765,1.6179611429548872,3.425904382590788,-0.19360239600739912,1.0877607293466804,-0.8553835276243584,0.8292150433882666,20
0.3802395957968297,-0.4308196013078661,-0.6356316158615979,0.5272899188373267,0.753402544242825,-1.640093755709837,0.289173197649798,-0.4782087324307843,-1.0629427301831689,21
-0.7537543405673636,-0.015912651533914746,0.05486328715614163,-1.657932993720959,0.3449447444752407,0.8593904978198513,2.9088944041203026,-0.36312416387977164,-0.7974605228064238,22
-0.5334317466174908,2.7574456489524155,-2.4978471195672807,1.100663944921611,1.5664812191575865,0.31299630453482846,0.6203267974004986,0.6297452064743996,-1.4471735937410677,23
0.4224050828319216,1.471447221117896,-1.1821492488017975,0.12395793250589623,-0.7927229047986997,1.7677573579602104,-4.507999370245422,2.7024487933097943,-0.9448697722957545,24
2.201390712287935,1.791644686832973,-2.062178104748147,-0.660028148910743,2.2392824136793372,-1.5462779189814124,-3.7773329149222077,3.1141189822390998,0.5494295074357635,25
-0.8755621004332629,0.9987502746860577,-0.6464582095203093,1.6321522438452944,-0.06240999888610177,-0.5923804604873747,0.009740026777305044,0.6841247581043151,0.6287543145278464,26
-0.9806629122300344,3.3991327808702465,1.4547495353705886,-1.272830420453946,-1.4279658815505076,1.8807611462026483,-0.8810575681989755,1.553835854309188,1.1409694942564312,27
-1.6695269492947695,-3.4731762682455676,-1.929808912891066,-1.1752801165962552,0.4299478026090816,-0.08575294762046702,2.295601671473518,-2.307690024214737,-1.0280817598431713,28
1.8050893504578904,0.3532780037488982,0.4747109773986651,0.16183947304260143,-1.4702380949680232,-0.25356317144820206,-4.6281527105936835,0.8937003230454591,0.01361561438082699,29
-2.337296287244784,0.3179841175573095,0.6783182731341612,-1.0035864681614417,-0.2504062853592015,0.20627640584490148,0.5980429294461836,-0.40162568045438385,-0.17946835767597058,30
-0.892941968129662,0.6453109198887172,-1.250025532784049,-0.18600769429209638,0.4534116863041111,0.37171923869004314,-2.848024882797783,2.6417673186100776,-0.098336342192499,31
-0.05688614954256105,-1.371698225931088,1.179145716235675,1.393715564418126,0.535682604964788,1.2486557538896381,-0.899747699609185,0.10774707339895806,-0.028681658637313222,32
-1.1668292849211088,1.1656116681341973,-0.14192592360688056,-1.3580100590415056,0.0618261158188842,-0.8770011627319106,2.6897406366524645,-0.10771229372235536,-0.42958164559171663,33
0.07759846984107813,-0.27556010651564145,0.36984069075304565,-1.4387297499463698,2.04189663592748,-0.7662030903453688,3.9781462708898103,-1.5064663797645998,-0.45630339249623575,34
0.705099736904737,1.611436798912147,-0.7924151516998811,-0.10142889318015628,2.8940347961104873,-0.8508863000277902,5.333407176093458,-2.9288777254571183,-1.3898470660572528,35
-0.1106491484308348,1.611387806973639,1.3160913602427415,0.6811469645654931,2.10305542546229,0.5103080062634342,5.074592638473105,-1.2053985868534232,-1.7833234851885762,36
-0.3125523090219542,-1.0799691054059504,1.2796484346719947,-0.5303319007472351,-0.3218080666812597,-0.03823850767809254,0.5045196532315257,-0.3805073104261435,-1.027603143173384,37
1.7405212298373929,1.9459791735870087,-1.5878747688613812,-0.9612704991504749,2.251516520900766,0.8402168599640815,1.9592299699632736,-1.169638801497304,-0.9992938076263314,38
0.5210397575671122,-0.46567629855453907,0.3283623953335297,-1.1795570216833908,1.9778110773830824,-1.7163271096772137,3.136017650061962,-1.9025443517898109,0.996186671095305,39
0.07987605427022527,-1.0538904157751428,0.5440149383064131,-0.03933995592736076,2.709146466841216,0.3615990341455025,0.33981109044572555,0.7029560905973997,0.17829094112565794,40
0.7116217341841727,-1.308691937986036,0.1847588127884412,-0.4536842696609017,0.4826829287033769,-0.3667360785170223,1.5114517563271215,-1.181751988527491,-0.10084481837845984,41
-1.2421965946218991,0.6806260966304987,0.040818566389435304,0.11389991890318406,2.3601895508407145,-0.3157568372191886,7.827201540652426,-5.814203319975749,-0.30085274896254033,42
1.098196118243411,1.5815170390208761,0.02999423869317595,0.3284329905815492,1.0865872003668495,-0.2578293766360323,0.25477237363434085,0.654239234040743,-1.3685201427252165,43
-1.3886220145349841,2.2531131340832014,-0.22973533149785047,1.0725207141772715,-0.3006378116889292,-0.15582105557381679,2.7039273243281667,-0.38074286654273437,1.089787014204167,44
-0.1610175756624195,0.8276872908156148,-0.6925811773904662,0.4869606394296784,-1.2657106736429327,1.1053069074036117,-2.734878323813517,1.3361427684653422,-0.40530106080334305,45
-0.699935209266492,1.3511168398978828,-0.23171496691141202,0.39576180425807006,-0.39963321495392967,-0.45019500330053297,1.2510813619088188,-1.0327015491079823,0.7093673945834129,46
-1.1280284070314834,2.326369381710511,-0.03358497517999565,1.253774017998093,0.5866010868495042,-0.11472151179391586,4.60500100855337,-2.945660281679218,1.8652935992889785,47
-0.4094225730308178,0.8039330878972819,0.23065792520835698,0.80634841107493,0.9832518711048641,0.7145306910521689,1.9773332416441411,0.4378538785518783,-0.43064925275382604,48
-0.9364460516490096,1.4770654246243917,-1.1838426410516691,-1.0482511637190517,0.5578302688590266,-0.08485904498935258,-0.006121063387198449,0.8926936350364487,0.0945076530473908,49
-1.251606656972313,4.107443991437666,1.5979058601964082,1.009955496707081,2.033958451046564,-0.6473772706479662,7.933944231809447,-3.3446498608804704,-0.24195152465778313,50
-0.038826288656095734,0.7506088902453129,-0.8289266290193714,-1.0300758824810878,-1.4067251655607214,1.1891600128447566,0.5702810512785705,-0.08928506825662852,0.6948161429230939,51
1.677789754745502,0.12080214713386805,-0.8232102514740889,1.811496881871767,0.1123376057472042,0.7293118165382784,2.422528990912541,0.05518364982944379,-0.9517444732917201,52
-0.3759357199135793,2.8024206249979886,-1.6759410190991015,0.3160681424016308,1.1640610907979372,0.10841247335290131,4.490269290569238,-0.9855142531176195,-0.34458653573463344,53
2.054322205562732,1.3222646734716117,0.8523631348003574,0.13162068898893264,2.7213307917663307,0.36519790841142424,2.9445376221187436,-1.2113398293645148,0.5475362192819941,54
1.092627565173108,1.511935627942747,0.01903417621607687,0.9692032217790022,0.10861769771340857,-0.36049233867067115,-0.4684622639878172,0.8402842891611901,0.13104916396117336,55
-0.21326194401298093,-1.083869468920435,1.532906465411626,-0.9273072539306402,-2.6899799705688827,0.8111069044531379,1.430925416984674,-0.37979955141591926,0.1275682330539122,56
-1.3436243632847782,-0.058717814161548976,0.7411650473265385,0.09237914939206851,-1.3417907876258068,-0.2825833831169834,-0.7998963164415352,-0.8112101196297865,1.941206008265922,57
-0.3039540630705414,0.6261274359396295,0.14512033292760365,1.2999189780618117,5.134251836353989,-0.01923676106405932,5.029909170728249,-3.3918530995739165,-0.9014797888584318,58
1.0820841971530328,0.4154842567839544,0.13398422394332238,0.18977761392638479,1.399716224935299,-0.1443119324167644,7.012708270426589,-3.276583850542455,1.51319168432021,59
0.9502571938685426,0.44197448707874076,1.2715241476539387,0.88323257530898,1.7741676114670435,-1.441645146510813,-4.139829311120078,3.670451819100538,-0.8462132852877351,60
-0.4147023867269672,0.5163128512174624,-0.7026577451166509,-0.11079147568777581,0.4925177447492882,-1.9053304524509354,-1.8041241003689583,2.1654263330023067,0.9679455131409394,61
0.7395248008042937,2.5260577955538124,-0.03964982602951878,-0.7953836793707056,-1.5177316765979345,-0.7228012370979725,4.321306945410093,-0.3937149675074715,-1.01964533574504,62
-0.8635221330147131,2.2205588056589614,-1.6571763603015677,0.8641143920499731,-1.6538367983837983,0.42883829780528115,4.5451275006877125,-3.1855851373151354,-0.3783926926938018,63
0.6375801377818118,1.184216370992632,0.14926551039329786,1.7481804580692595,1.0685694075738754,1.5952280459034476,0.16421845667879,3.2388718164559958,1.3965915625222476,64
-1.5120063120615763,0.42608658188487447,0.0225129743977275,0.7048615481957615,0.3520200279967709,-2.2775626068490844,1.5825386020392793,0.5425454392940536,-2.1638030013490286,65
0.1270685733595555,1.0330530109797265,-0.5136113022139397,0.44339795063605675,2.266123761382047,0.9527596891941905,-0.42773190537277844,1.2639131645607913,-0.30755673518126164,66
1.0110630878929017,2.511560739225188,-0.08289999071715835,-0.707959370631998,1.738547306710735,0.5913475819086403,0.1523809608650777,0.3802798581027864,-1.9929363156801763,67
-1.2893743578898493,-3.5470539841957676,0.5974295355288878,-0.3979917748892223,1.4808892609988509,-0.03749077172481981,2.9335535687554466,-2.7047524516053274,0.18026279390151156,68
-1.5473356864655803,1.8536867806096642,0.8327488885850196,2.950764746605784,-1.7069505531546576,-0.3371069725385019,3.9902033600049487,-2.80244725081031,1.223610737986763,69
1.2097881878438104,-0.13583696902848086,-1.810416783357745,0.4829567337840797,-0.5946020372848466,0.03622057046526676,-0.01035523618218649,0.16873813203915633,-0.06297691981449226,70
-0.7670713513188714,0.05739667974977336,0.9998235210624266,-0.019514802751701654,0.45354938496111064,-0.7677380186293818,-0.36575691863409393,0.29963165994160823,0.5055077575917957,71
-0.3033469188198543,0.9268829445309512,-0.14595299782903404,1.2824920372746025,1.151122635298826,-0.42710301630212694,4.177413847165869,-1.0537263859283574,0.32656143033812945,72
1.0363849679305441,0.39212035303686776,-0.12890464877038457,0.6200836816119566,-1.6064797181664152,-0.2681227090178478,-1.8386455309018752,0.5902030612871452,0.015030036910796848,73
-1.3204681310202717,3.378997846401259,0.38580277512469857,-1.143195323350039,0.016420620930669427,0.6391257634784937,3.681298237626099,0.26565950953647366,1.1314577963453558,74
0.5965723448835499,1.670759843312157,-1.1813549645828454,0.7614897389393612,-0.6710837538334593,-0.1972506403523,-1.8174682695815179,2.323274925376266,-1.1094755448397438,75
0.03880900045480176,-0.07969275943199139,0.1302390838495389,0.09440695340416014,-1.7794425842694286,1.7636192077507902,-4.729259830797645,1.6557555462248945,0.19211426707866847,76
-0.5782201666209199,1.0472890397735048,1.1132723127393924,0.4106739732747986,0.5828175936461344,0.9391589131441815,0.9942992847734003,0.3068759535034835,-1.487359916725743,77
0.21114021307695982,-2.8639382549042818,-1.3898647409015294,0.6120825008037826,-1.8582914883450465,-0.11834162387382174,-5.313240712401777,-0.5735209740244387,1.753825244849748,78
-0.6921470503760725,-1.8425475989674402,1.290180638778603,-1.5914981540273423,-1.5360045515215792,-0.6208842391872638,2.3272115441210737,-1.3591497895151492,-1.9186340908607376,79
0.3477606482268912,-2.140411659149887,0.886821712427383,-0.746631839036923,-0.32525142913997884,-0.06970191911782275,0.7273709765077035,-0.972022091585097,0.09840166681486873,80
-0.7512555936946737,0.8051611140578344,0.13894280970401568,-0.4989511237259181,0.6080921578734866,-0.16046355181704455,0.3903677046722877,1.0903889848788986,-0.28358112214153597,81
-1.7480674719137859,1.0598636501071623,0.09256355362227849,0.8043685299379365,0.8396186832771312,0.4343624898395662,2.4606699375219963,-0.14196548437605827,-1.3969825943443908,82
-0.7374338889839753,-0.27379798117254395,0.02496986338196453,-0.5902197379293576,-0.36678290705102645,1.177706354355018,0.668061628230289,-0.04543900749676488,0.6305442086834521,83
-0.47405307303580635,-2.3168244366737483,-0.32166358054911637,-0.7882151673019153,2.1792112063561584,-0.2858559561574305,1.6717281583352017,-1.8378307361215156,-0.9146648231644132,84
-0.1377410990575783,1.4365417283964306,-1.4737589013433978,-0.1848503606505301,-1.556245528719102,-0.29568771745753564,1.5778551777333654,-1.1240329891396064,-2.0967994808279724,85
-0.7244621682423739,2.361698438882709,0.05512820536405596,1.2199329755364838,0.7852808574706899,-0.5023907477200587,4.317557361150524,-1.9917542991349309,0.5131472038994898,86
-0.8526850162328397,0.009729658896811877,0.19128826013625272,-0.9959479907832324,1.5856703011584823,1.820871810123474,-4.178483998318006,3.2594943818844815,0.23776116459489285,87
-0.5721519329225444,1.3421112011659284,1.9256261274619442,1.2557661752685587,-1.4028035626983155,-1.1032507054703398,-1.4566887600160496,0.4117161254663575,-2.161596133238537,88
-1.338682741545504,-0.6291117247498352,-0.16118523821931702,-1.467771340655257,2.7759280937576047,1.02919059020358,1.24998857385462,0.31186050904812634,0.664086228770222,89
-0.5074351128366974,0.9201881669531308,1.1198666299357458,0.7841950999855668,1.621534380524864,0.35623312286764025,4.843329538133775,-1.9275461212834144,-0.8058609552534246,90
-1.137865674653784,0.27859266875936606,-0.6341434452723188,0.2834313183720053,0.7216134471793485,-0.28904787606115256,0.4708648261422872,-0.10192688924614313,-1.1439335705975266,91
0.8791383240395397,2.88397710570076,-0.04392513295512187,-1.6621147135514407,2.0783573896667153,1.0874535506941656,0.25221009468137184,1.0983494754774865,2.722948687724303,92
-1.3065326416622,1.5078322198253788,-0.5602216277648677,-0.6702333622134368,1.855546840913096,0.8168979113065605,3.951345591455727,-0.9314298215745009,-0.2616635842307758,93
0.34704645759687075,-0.879534627020073,-0.036602662694947094,0.1108964301634123,-0.9227732374925918,-1.1300441691643648,-6.571087299473754,2.6067585614393076,-1.500594587108753,94
-0.29263062033020526,2.3874381081457505,-0.6899159780289247,-0.8291091806340453,0.7969634803521886,0.04177365736491215,1.180697369266239,0.5214501678620718,0.19774913553806917,95
-0.9109581754432782,0.7583600228821561,1.3168798384684821,-1.012493970203614,-0.019842581851669427,0.0817527464644891,2.9551768552713593,-0.8214955585579681,1.3151253352250998,96
1.1131931245769775,-0.6789302870161529,-0.064912732745021,-0.987579995165302,-1.75864786190292,0.842513108236196,-5.003519769345217,0.5733219852146989,0.22963531507382523,97
0.3639713400560981,0.49672263236899894,-0.33840722205681556,-0.8028652402339286,-2.5042272204119556,0.931569231063757,-3.1029556974515122,-0.23500040253795418,-0.1964917000792602,98
0.3854694758482433,-0.025089026416264426,-0.28429011055333836,2.861136567633684,0.502265942726043,0.7534043708791854,0.6816197029515133,0.9403029069086961,0.993334501607768,99
1.3718725864957029,0.5140987470603666,0.3197835405596717,0.29387621185014656,0.3000263237435252,0.8463352179958837,3.230045870505583,-1.1021694895255885,-1.4626339528990246,100
1.8563936983248854,0.995411610876172,-0.49499019890806567,0.41524523432339355,-0.8780269511908115,-0.879638932722936,-0.3383086646453241,0.17916314273103118,-2.1641367670130003,101
-1.1801416044618,1.5835223119368769,0.07608325081486271,-1.1046309924184885,3.4722849292973534,0.2370049658786637,5.715538808417106,-3.4187599935519706,-0.9805463271163027,102
-0.48414713088721034,2.0442212747318713,0.05525609828667641,-1.3184181401263892,-0.5350881090344632,0.7999112816883867,-0.0849888204997285,1.3335810104954267,0.610511002359014,103
1.2966387699193163,-0.09041203285997912,0.04851466221955901,-0.02529319310900609,1.883915813480296,-0.2157337077705497,4.042401157569683,-2.3734862178235296,-0.1553415541160091,104
-1.4559149194658056,-1.6535249256201618,2.103761476945794,0.05327871056486983,1.6152517760332707,0.7383984490605373,1.8733571446210953,-1.891374699369599,1.259316579895051,105
-0.7505471890030484,1.3050840224886016,-3.141414541296546,-0.3334772500935388,-2.1295293546480156,0.7937581430991331,-4.44740003952665,1.2494409327208311,-0.8472692768687942,106
0.4109902028775006,0.7773872511810979,0.5272865396919498,0.05769722216578412,0.8379514242934727,0.10122772783489464,-0.748794601914877,1.737380318540827,-0.5622056962202638,107
-0.7909538805384142,-0.7353375647731603,-1.522954471956448,1.3750544911647091,0.23693833117463114,-1.9517764835951803,0.959680159758324,-0.7011921049586911,-1.2848012501226194,108
1.0009645902889825,-1.4548589579159565,-0.41027351238081644,0.039933046556253286,2.0147665924285914,1.0154528481746792,1.0391126585946535,-1.7019692234642583,0.3529530848137524,109
0.29601205313814366,2.3836649138929933,-1.76255218604164,0.30015374152697616,1.0738337324051468,0.2801411217288841,3.19749325975742,1.2544270776875672,-1.7159390725522328,110
0.6273523885443659,4.724045773761776,0.06159585537267723,0.1212606623491845,0.4054376842662162,1.1510973454488218,3.1491502235858415,2.3273064712506377,0.8315426650725335,111
-0.9074611148997993,1.2158454158856162,0.025627672402025205,-1.605790859981598,-0.8384805845399699,-0.2283220843383629,-3.6735149756530823,0.8966617265856464,0.02001555011092398,112
1.1346860199275617,-1.5316291721719493,0.6087368960918721,-0.241152492261653,-0.6752546694528241,0.41572550997978686,2.451530700067499,-1.6233944999008094,-1.8630468568224754,113
-0.6916896590824176,1.1797322877268823,-0.6000195816539611,-1.046878502776499,-1.2222438202008457,0.7275201938589705,2.115745541934161,-1.0217578536802439,-0.3454547476179307,114
-0.8746803013392757,1.4932137676802955,-1.57640980780968,-0.3611424346118292,2.883285085723325,-1.7539828207421797,3.364435397989963,0.2956474696753113,-1.0959377796704024,115
0.42743822808338566,3.0545647213468263,-1.806559406234549,0.5050626662835505,0.008614747245305976,1.1787397760052507,3.355289436607069,-0.29959379384763296,1.300911237416557,116
-0.8788145790381195,-0.43507760239805005,-0.07877182941689992,-1.6589105828832822,-0.7593627059340633,0.008114698472211069,2.3442447430650266,-1.3229759625120303,-0.19087430235377886,117
-1.211361133949532,4.318161242873237,0.9999443433110298,0.1596777618308206,1.0983329401693127,-0.9981006602355318,2.3916379119960904,1.045295541343846,-0.039904311589052395,118
0.7848093094573921,2.0198265120128656,0.692857874596972,-0.43395549707247744,1.68674030689008,1.5642902635270133,2.4780016996106022,0.47472982782557427,0.9597296602772671,119
0.8450430673104926,1.4106745108175032,1.6343692945319386,1.5975461699369529,1.722564518855571,0.8890021156230895,2.424121366733154,0.515286130243956,-0.16696642234871384,120
-0.5793538328376587,1.4183704692447276,-1.9076118069567995,-1.498368985465836,0.517412710128533,-0.5483991391083297,0.012838840607326983,1.1157995908878129,0.5593373245276719,121
-0.5029710109066279,0.29593612067824815,-1.267788564261654,0.6918287913117352,2.0426890085021396,2.2181609054442255,1.979734831552302,1.715081246645636,1.0795235160501695,122
0.10543922618137079,1.067727356363867,0.5803191772595504,-1.5296924370016545,-0.6791195565582213,-0.3234369531427366,-1.6901763932433576,1.6358585735140756,0.9373459780957001,123
0.39119015882625124,-1.2983389971172614,0.4185693262294482,1.0689160184253121,1.187478875199615,-1.3077999067530763,1.6208971094397977,-1.4144132169088064,-1.2073794021077044,124
-0.36568698487245527,-1.123291381389895,0.18280171273074106,-0.12636599805613863,0.07388586949234155,1.1211383450103514,-0.959131791566447,0.650236892358325,2.428934738076904,125
0.665567197875302,-2.2986234416392124,1.314740264821312,-0.2526026876211592,0.22732060927328013,0.9601638968056067,1.2140435763788482,-1.168751958754966,-0.1252776371125806,126
0.7601208090554414,0.0834519239100755,-2.244860266589254,-2.0503721163607103,1.4212177234599221,-1.51763740478641,4.4746106858404895,-3.7713551520275463,-0.5236746880555153,127
-0.22175201800740965,-0.6440856488989148,-1.6478868938568443,0.5341281187946741,-1.4485839847688373,-0.5456589932114322,1.6760578560227992,-0.7123430908911477,0.799910952490804,128
0.6778539748410302,1.787966554927602,1.6463292076954565,-0.3177902139123112,0.7339178836068245,1.0078568974549136,2.149659237953617,-0.48391738178164223,-0.25023616565707474,129
0.31251987977721984,0.6986062211462879,-1.964897282976844,-0.06093163514728437,-2.184260461768276,1.1548911426353936,-3.2917281664123217,0.24705659708085437,-1.6139911270961,130
1.5773708700880358,1.9956808664854486,-0.7584976535731471,-0.8319258239334376,0.2178590205916009,-0.13259355462133912,0.8528972780189975,1.6146478799864818,0.5862503755302528,131
0.49462463957428626,0.17642676051430417,1.5749486993076387,2.0877459858751446,0.1362679631480317,0.758800933975769,2.3766235583203716,0.47891900425725664,-0.574590030688042,132
-0.03485195049100507,4.074316666719626,-0.25804243022206463,1.4574842978317002,-0.4845575020745587,1.2744351442728192,-1.654052298209359,2.6314821031815194,0.7307546611603922,133
0.12554527929976342,-0.5012537807686788,-0.1815589215952325,-2.0545820248619173,-1.2511764489396793,0.015579013809551462,-2.7102889328302955,-0.5167838005277248,-0.35549166291420126,134
-0.46621078219393086,-0.24449005440278815,-0.08825146273128724,-2.326063713389172,1.4171125146424164,2.979054963801388,-2.6042698655764527,2.6405959491513444,1.692329720677218,135
-1.9004897060177401,3.636341932854928,-1.0079942388684906,-0.4665549688269199,2.7427040098521616,0.3598539647549959,-2.670026744089165,2.4744485305551294,-0.37979424209195584,136
0.3710312159860168,-1.1070593615924231,-1.1693454637658045,-0.21472739379050806,3.44048684777516,0.36698575655102667,3.8707188397402725,-2.9995177719720916,-0.23683145896557267,137
-1.8914238918499067,2.289993512056332,-0.638412418669539,0.12404180777202144,1.8037125227147914,1.0610866281588631,0.5131902935749212,0.5826089150436781,-0.7815044632739434,138
-0.358197991287776,0.7963358871997435,-0.08933492345641343,-0.3947782567536824,1.7619240263519984,-0.3243220409101956,0.6245084655864196,-0.6163388420055818,0.8557352519761905,139
-1.8420827576087888,-0.14269400999681836,-1.5861688669408665,0.460344804825644,2.190453565241868,-0.8182319835023398,5.744132406361077,-3.270327342969774,0.48050023313565854,140
0.2618353205715371,2.076057407345729,0.038485528340927076,-0.11003342425971001,1.0594612223999595,-0.6123937847213143,0.2749618983636914,1.016262398983637,-1.0033440637460869,141
0.743132179858201,-0.014016282783710698,-0.14781626507577086,-0.12672634156275375,-2.26723675233704,1.0709129433745872,-2.985087292907224,0.32316132537187914,-1.3122595933253687,142
1.6991150188707476,-0.9412398624051634,0.6290379839581703,-0.16182322817597725,-1.2775592515831855,-1.4204972858182259,-0.055412178981623005,1.6621476178739054,0.476579396547265,143
1.285743102133064,0.9998170961100764,-1.5891712845113302,-0.49029841026058163,-1.2220254949704985,-1.002545632389522,-2.638639668746711,0.1991581547299084,1.4517058807768237,144
0.6401707108826453,-0.3246240726408116,2.095690329960366,0.027924442679475903,0.3762637827183877,-0.4583555927457061,0.8213900946780468,-0.33077024765580987,0.9430159085677375,145
-0.2224781332998583,0.6821736323792984,0.06812285014065171,0.2022258745919648,0.7978458657361711,0.4837788340027778,2.3663798255353816,0.0345783220956718,-0.4491074688293155,146
-0.875272098575002,-0.33460550249778365,-1.2624524016646612,1.074848721680636,-1.9166858604309525,0.1306748998926192,-0.9146618915418513,1.6800098297303503,0.4870171564202809,147
0.318372939514666,0.7731432838693413,0.28825157786932626,-0.19417973726286455,0.9719911813491038,-0.5414316450742609,0.04096382416116903,1.1280353382856616,0.8086627654972872,148
0.1844165694269777,-0.9104535051684737,-0.44721781472885597,-0.2772031153416828,0.623414190521666,-1.7290991774320505,-4.5216429535006935,3.665126632910486,-0.0850731748251321,149
0.16477652906792958,0.46440381919215823,-0.2852413403073753,-0.23714390943617558,-0.8047006924552893,-0.7429340962912804,0.04288194588428766,0.34343391369381093,-1.8999609181669426,150
0.8667746651846128,2.6470184862822217,1.464704483741246,-0.5830018483659962,0.4763519775456764,1.3478575872624903,3.559770474516759,0.5285558268099204,0.30928260321359313,151
0.15565419709973197,1.2428547133112873,-1.101681879928681,-0.5401305925079748,-0.05101725807843671,1.563992154846776,0.25959469847810995,0.22259977310752177,-0.8386274786632111,152
1.1263475324349776,1.60021275413314,-0.15742133377341097,-0.7901701308584828,0.8605202529861536,-0.0012678534874969358,5.780807041063339,-2.173444928986077,0.20441437150141376,153
0.1455207430655127,-1.9494736711009324,3.0873138111123435,-1.2486884854285891,1.4359007612491976,0.42425058766885315,2.175667561886511,-1.6392737763925607,-0.4004872448671374,154
1.297753711787242,1.0731551421867005,-0.07484063612659135,-0.8668585821680355,2.1307279297062407,0.2661150248621453,4.108193546648404,-1.3334598465172625,1.0689605809846685,155
-0.4778523960351749,1.4506403661975402,-1.1227366253686797,0.3373630663468662,1.2810300811217048,1.9757358680726427,0.26023483982970647,0.620038286945906,-0.44694772758266543,156
0.7552429989905723,-1.4931549207498969,-0.1969257225752349,-0.20813209608425548,-0.9934305501898775,-0.2196020942255738,-2.3442900442831487,-0.4591134811612747,0.3114883770570639,157
-1.1249400218849843,0.5823945420044385,-0.3337586054906369,0.28337800240176214,-0.9983904304495637,0.9061821573482991,-1.5472486971420718,0.9052120462129545,0.6370518396087587,158
-0.2760110617164809,2.6829976131485753,-0.3390783736268482,-1.1351045212157118,0.562170901602708,-0.6713242302684823,4.321107461970434,-2.058938909969862,0.23286061196457572,159
-0.33921311906995516,2.337167548873216,-0.8970953004816775,0.354826829520639,-2.05208465606255,-0.34178037492148444,4.145838120048339,-3.668565776785968,-1.0194778316576736,160
-0.5908281109074761,-0.7799261328162919,-0.07497925907755129,-0.37656662149101106,0.7416682771813654,-2.0194061287908016,-2.516163700448478,3.265436095683132,-0.543473107253543,161
0.7602016326255314,1.954418658631715,1.0111190714443534,-1.4743508560246943,0.8097432712889504,2.334246897312939,-0.948493428731142,1.0860999336871995,0.22735992012082787,162
0.6417092451913268,0.3762292965560956,1.8840011375698578,0.12949365289609474,1.845518203514843,0.6810395960445219,-3.0220406730843368,3.3308818927708232,0.7536938995540108,163
-0.24715165741179193,-1.1137075263160183,-0.36004177383245,-2.165618993847802,1.5761372701554328,0.9337620752499193,1.8697904745817124,-1.6079143227844837,-0.4993712043191545,164
-1.37388911758857,0.6433866443315089,0.9672729750616863,1.036157261138504,1.0015771416945414,1.4072300113836351,3.3221484734796185,-0.4408377404665287,1.1841810163672148,165
-0.3320847466741954,1.022263319549782,0.3180681628612475,1.2524957291499996,0.6997359529247097,1.6216475959513212,-1.5849550090634392,1.7216067264747574,-0.21389648864431846,166
0.34301196021346014,-2.2437711892479593,0.08835799115607225,1.2556519185204347,0.6915361332418926,1.9937020681487547,2.282884446051507,-1.719531833072419,0.46278738652830775,167
-1.006287753837945,-0.024579217765852923,0.20158396064036266,1.1372532466416827,-0.657820801629154,1.1054124052149825,-0.04264349224221823,0.39945830644448943,0.012691764112708524,168
2.4729999267680864,-2.3572143751463934,-0.21274001806559995,0.46726417503386314,-1.093999575423771,-0.8234340949567339,2.1415440487411863,-1.3456276866357058,2.7437091693368596,169
-0.700014835093287,-1.434376967374516,-0.06218005432057701,-1.1395027940812656,-1.4913823240157584,-0.237975813124896,-4.697410319956047,-0.11409319499877713,0.04229109399772563,170
-0.8556922001737279,0.6060859123357154,-0.8725433767755096,-1.0244849990154383,0.7291980671955864,2.1692707351256835,0.3133951706308879,-0.1635032475831787,-0.9339419074180085,171
0.5792129424360255,1.5899687165278076,-0.9320368655873537,-0.07291096782415907,0.5922761920384081,-0.17972636478580278,3.8889380615755185,-2.48252679982581,-0.811268733480996,172
-1.9286814348628423,3.1702174799917096,0.6117870490026632,1.6087138830488947,2.149753736291262,0.8752900534165288,2.844861609104508,-0.5092911985027784,0.4857158413539969,173
-3.112527440092419,1.6743954367904768,0.2154934679861821,-0.643084132454357,3.1178554782654047,1.165877811457279,7.5604323516454475,-4.200337807107876,1.7557905435329837,174
0.005635830296852785,0.5267467908919592,0.8619647560864865,-0.35476852115876384,1.2730848525771432,-1.343470279529558,0.2143220282674208,1.3076754794886836,2.0531401837412075,175
-1.9714812999899154,2.697156790135978,1.3527398946610956,1.2727575366353827,-0.8343132276558657,0.4142175849508347,-1.3042421135919493,1.2025429052173158,-0.5716183915692663,176
0.055042557281043444,3.080553240039337,-0.4763977606015153,1.3023407448537614,1.6879437286128742,0.22525845349509843,3.369526135640997,-0.986728396132585,-1.0720580618430398,177
2.1321856668063788,-1.2623419394652782,0.6689403187957681,-0.377013282986791,-0.1758473617980605,-2.667629714606425,-0.31237487247880014,0.134375187082588,-0.19098580847797167,178
-0.7713972154433948,-0.9121364777805693,0.38417588133766406,0.5833469497415206,0.21566169094652443,-1.9489636382185753,0.5738058757932535,-0.45535476704570543,0.7855463198980281,179
-0.4089418892412716,1.5230467821043432,-0.3651826162937345,-1.1510247094577337,0.879694445391214,-0.5032436553016811,2.4626287835608305,-0.30670350386200895,0.22089765608138748,180
-0.21964501553375446,1.61609291905009,-0.6446759511634916,0.8624022887588952,1.2210817713940472,0.33121927873852836,-0.34334639495594826,1.3752066685256972,-0.6211380888123978,181
-1.4537985507462725,1.4447193099366098,-0.03202756915864482,0.5058731822029173,1.8561362644578483,0.890260531467201,3.5333756747072265,-0.18768693927547586,-0.6108677782071348,182
0.2419691680554044,-0.5367533803543463,0.5979135073989382,0.39750594509097736,3.462010822183149,0.22003100406939308,6.721754469945796,-5.185669473453512,0.31932188607293693,183
0.2748134611974878,-1.7512220672684933,-0.37357436365296853,-0.18779162815613903,1.6269557593537565,1.3494425056388255,1.4146106164518137,-1.4184782528131206,-0.10570808097568828,184
0.3081274643361337,4.118977057502468,0.7328675824556993,1.2428010820599427,0.23880155281603055,-0.5133291866775045,0.005177931199218931,2.070870196650416,0.9489482228070966,185
-1.0221012939641378,-0.7664278502093012,0.3094599960034553,0.7687444546116228,-1.3553281905648196,1.1213940199703027,1.2179988646251283,-0.16381784341180616,-1.5294277200326896,186
-1.331106098741396,1.0617498642663745,-0.4129221450105309,0.1450241724724937,-1.7545837153968464,-0.7271848826528688,-2.5076410983286075,0.292654043278499,0.47917915941149414,187
-1.50790236336102,-0.19386831754337108,-0.42074514889806713,-0.688964755853499,1.8597634191322174,1.2275795050671234,0.404911967935739,-0.4568115709513372,-0.37221850964679243,188
1.3776074471743054,-0.22888483762284673,-0.010915681073449155,-0.18810287554505153,1.242495884462358,-0.07633080004076884,-2.031605540597392,2.6288244150551856,-0.9328631117935932,189
0.5034341078469109,-2.6123135820318,-1.4574574645085605,0.48412792003922966,-0.08813762536363012,-1.867717998159681,0.6934349414918033,-0.8002189814935529,-1.7593494887836287,190
0.3411796290033564,0.6294061918014073,1.3471592934086047,-2.7634441636088,4.586175383880743,0.6300931581315045,6.924858290362698,-3.8827572356686666,-0.7777821637043995,191
0.8282663567889997,0.350607452153058,-0.6380730352667855,0.8297041293737117,-3.3243534872309484,0.694999668887765,-1.1307000960738445,-0.18823364690484556,1.1573322956735501,192
-0.6066308273221378,-1.1675050454049676,-0.024718556623273127,-1.3432266479483184,-0.9967002654300557,-0.1297722243984588,-6.402899053063775,2.7998539448165642,-0.33315433207729617,193
-0.21194892932393988,-1.0846031345890828,0.9019934527501375,0.23656889341322374,-0.06837240219610252,-0.768426681526005,0.027621482810091507,-0.33890715136526384,-1.231041982815341,194
1.3846304581765432,2.094102214860773,-0.480201725345037,0.7213716777887588,0.0551142788699549,-1.9286137303867605,1.8518739830186892,1.1893967414497566,1.4765300374527022,195
0.3007927103144743,-3.460546035566821,-0.04473506041522046,-0.33437710670132015,0.7440725031698383,0.7933952017755574,1.5106204088138757,-1.6078829987425098,-0.9111228918701051,196
0.4261031309833969,0.5537390928321763,0.040614086965532745,0.588500786261195,0.3075308663556904,1.4325861182252961,-0.5729100060371339,1.2061264245467775,-0.8295075588820175,197
0.2169443275957465,-2.182563013282066,0.6547912616681332,-0.9160337447075975,-2.888652295606453,0.5240414373702086,-6.453997925268043,-0.01129341508524262,0.824670393319513,198
0.3518594294465751,3.273147223484408,-1.4863533019065733,0.879738674219885,0.25801816813881606,0.24068982229387786,4.717624317862763,-1.450538340170452,0.6190988310119041,199
2.406122358003271,-0.16798034994178912,1.2551054165830837,-0.5643880987057234,-0.6228153225382734,0.6867092043485655,-1.242490285665539,-0.4571063477821242,0.5751078209897706,200
0.9175992702596298,-2.0124673769017702,0.8764153664646398,0.10001187412138075,0.21762700268699808,0.5341144682972696,2.2613522327809275,-1.6037630616881957,0.2785636893603813,201
1.1475664521446984,0.3231191923740151,-0.715262519315179,-1.167519120076846,-1.2471183103233803,0.0554112559857662,-4.43747900838837,1.6249718100759818,-1.024949531131682,202
1.1840690584438738,1.114348241704059,0.08831454946524162,-1.0814078479612759,0.48896142497358364,-2.772838743096468,3.094532899927713,-0.9000932844532232,0.2780092848865,203
1.191931236215073,0.4906735512256438,-0.30275286996176626,2.025091083491953,-2.955454902282109,0.3505754576125442,-5.997021694183423,0.9362432906534441,-0.364290095892411,204
0.06118220714424601,-0.852661371707673,0.016504455311128593,-0.1298726431173898,-1.2193123338818372,-2.170219000302106,0.8689390213473636,-0.4523721420852507,0.5674786341372773,205
-0.15250007015031203,0.9124639020497192,-0.34598083090249077,-0.13926870666758576,2.0232005708771146,-0.3266785659089869,-3.7749326686280154,3.7472596978746475,0.6572011012960537,206
-1.7330137884913392,2.283642986357698,0.022099323550935804,-0.11782971759325418,1.3547210242043546,-1.239023260309863,1.9553703357106806,0.7841613207894067,0.2361841552978902,207
0.7231929760287334,-1.0222861418851057,-0.1376278822574411,-1.1151224325087035,-2.083407613337773,0.254406878746652,-4.621021673804001,-0.8604468202185782,0.16023036461340598,208
0.4039767650554655,-0.309411874118497,-0.6945669453637701,-0.5467841559157098,-0.8028650037576692,-1.7515027038203508,-2.423218704885566,1.3211787903562882,1.1702608313680876,209
0.6843025841384672,1.8318949373026876,0.16203399361214757,1.1767833821743214,-0.9268621674240438,-0.12714041478611238,4.4303522303598175,-2.692440752363937,-1.97181516773194,210
-0.3639158241690212,0.0634918837059022,0.1470085865535555,1.4980843617057056,0.5935492970877595,-0.5617346640606443,-1.3552721954850446,0.8303807552541094,-0.9939813806107903,211
0.9683751663534794,1.938932459620828,-0.12610241655815774,-1.5077964445891907,1.9421116285231785,0.7251601334034021,1.975314225294893,1.8523727338448266,0.43379340501900926,212
0.12550887448218748,-1.843937898532409,-1.411575685125063,-0.18072229018177993,0.9932394716219276,-2.3787619272587017,1.7457242362855898,-1.2698526777800898,-0.9627748512670647,213
-1.9636701238610712,-2.228571288641804,-0.6724081857942658,-0.4381515056207866,-0.9634681766795272,-0.05685659986476704,1.2991447741362183,-0.9631024144396391,0.8474157131500993,214
-0.40719681788136125,1.0715821512286676,-0.8240591186880378,-0.7753263821119137,-0.5600354945765469,1.0145862532614673,0.946658161482401,-0.48764846328869194,-0.4573570689642907,215
-1.4102645281739967,-1.4156482142451101,-0.3867933378573258,-0.11741852378595928,-0.961104621576355,-0.006736156114102297,2.6429489370002606,-1.581581355758705,-0.1443304678030941,216
-0.40467511819418855,1.1543069341704102,-1.9771131794544554,1.365286135891366,-0.6085145844753888,-1.1092685864671672,0.4586504372874894,0.2002594631182678,0.36672775218581294,217
-2.2364262035051636,1.6370254206456631,0.3246397411466488,2.230818271811151,1.2336503147448579,1.4595381748779412,2.287159710731297,-0.16292593104125075,0.42355883701672115,218
0.0460850135404643,1.2583413368754193,-1.3764734410914066,0.6160542355371026,1.1847980512730065,-0.3938585671692143,4.495834789598807,-1.4255320138838388,-0.11705532308526423,219
1.6604268534933473,0.2594636340208929,-0.4002812712029349,-1.2015908216734499,-1.8738223328458257,-1.835536811025906,-2.6466732439962155,-1.2424343146627765,0.32463679042940263,220
0.09149142640100641,0.4779442805013202,0.5481383805825634,-0.28160380343382285,1.5103227925735134,0.11299243431797523,0.36169104875106356,0.8060674176606348,-0.31967310745946675,221
-0.4558827353720192,-0.17928682005941088,0.4620742558975168,-0.8378432960225561,-0.7525616858199187,-0.31575800821709465,1.503530455729243,-0.6096296077539528,-0.9430094039799051,222
0.8261618320092936,-0.0900991202478334,-0.4090685863233753,-1.2256029509557917,-2.0666050033513597,0.21996209981516307,3.5895259917495097,-2.7499747150084364,-0.1636254487730873,223
0.3349835554979247,-2.452913162701528,1.8399109991688833,-1.14316060604008,1.3975795876601929,1.1407914475545387,2.224005689438914,-2.118252785505879,-1.104667547727515,224
-0.7848762463576265,2.492097827257761,1.7726916608999155,-0.6748784964301175,0.48092178908833894,0.10103348798279618,5.194224962409932,-2.3762218628451506,-1.989815518799147,225
0.8758373287657037,-0.1515821469432227,1.3316354299678392,1.6708505294436606,-0.565941456719202,-0.6419969944533352,0.475259633927335,-0.18450527192152422,-0.035295917188680345,226
0.7613423567935125,-0.07713094911663387,1.2326475043818441,-0.12115804919071038,0.7966498316147376,-0.032442661893587,3.1299591389517816,-1.1609231554919832,-1.1640049100033534,227
0.413481615879562,-2.4250308051557696,-1.4780690905925407,1.2780661047654278,-0.43899881646384253,0.2429439123508158,1.0841132164059422,-0.7605010760102455,0.7832702169367295,228
-1.605454699039078,1.417455581505901,-0.7352747193775556,0.5355953968440479,-0.8845706639432803,0.1921642360332651,-2.25803621669818,0.40307012277196996,0.41083196312415077,229
0.16711659922497588,3.2507971932329425,0.4798283715194892,0.394373845392447,0.06926209244214776,-0.27151118310388506,5.230841389922323,-2.107460485734249,-0.1842694730461071,230
1.9972805022846487,-0.016524755455878504,-0.9822732534781534,-0.21540612797099312,0.011026300691781676,-1.2809407999993476,-1.9600492042619815,2.402183601336023,-1.874728280561408,231
1.4502193738337088,-0.3029427939653758,-0.21760223577931304,-0.7311842409140402,0.9298051830594034,1.377274386508468,0.5392392630332574,-0.47379352543279074,0.2789781019156488,232
-1.6794266193847127,-1.5148309746425337,-0.036902840728767206,-0.9855878206715561,-1.8311130193409038,-0.010901197099380455,5.915423106304261,-5.777263447309726,-0.31127928387953613,233
-0.39354631987318744,0.5840685483818306,0.6846612305437452,-1.1596206115397987,0.25446925765213124,1.0699134354109718,5.435646697307276,-1.3098362155684553,1.185829198742175,234
-0.7051820240254286,1.8728544531505957,0.6588139748838978,0.8731831407786059,0.54743920361829,-1.5870337615259915,4.2397094710414525,-1.0404934810462323,-0.27460232652043887,235
0.38428868066582644,-1.3379834355480735,-0.01865679377762594,-0.052085761646117223,-1.2272963128927392,2.1003956109556703,-1.361311248360614,2.1770205821940256,-1.4400225578501806,236
0.7445296083014027,0.36014167946113607,0.018539945289034115,0.2531854351405918,0.8997202947369102,2.565841659244398,-0.3888073850678841,0.06324269425030526,0.10299559976168061,237
0.11341519819815811,0.4990892487208962,0.04181934789533887,1.3042551998259626,1.2462655048897977,-0.6968660144532531,1.1485644389708878,-0.5642494706981329,-1.3899517473838237,238
-1.343125267644541,-0.6849504374419282,-0.3956003732457072,-1.7725785653614543,0.31776200932887155,2.2383531617708616,-1.1975677260530027,2.2152533852074106,-1.3146373957920054,239
-0.5717769086093873,1.095462674646595,-1.8550786634867393,-0.6545495398363831,-0.27001848828062025,-0.7506809870516554,-2.3715010764897047,1.4601850229246724,-2.090118507169905,240
-1.6593624592297702,-1.2888568950120431,-1.4235351409702315,2.080692510430297,-0.5425710004499162,0.004370251582966527,-1.591008830075407,2.126732107002488,3.3009718943015276,241
0.748482294383642,-1.1738379263047318,0.41854432009397274,-0.17735654863990905,-1.3526167613680138,-1.9379745472165477,-4.254684551376593,1.350407988347046,1.6432713276859345,242
0.43566456645700186,0.5418399999223584,0.6200799984463362,-2.454973541273946,0.3014367211066823,-0.5859059606811758,-0.7034049768064615,1.697528902175395,-0.8019092044499574,243
-1.0712222864955512,0.7134647121711727,-1.042969033343766,1.450575700819326,1.0681122369771354,1.31936877582296,2.2845564685224113,-1.1916985577521735,2.0866256153414393,244
-1.2667207021315745,0.5243507508157104,-1.974011955045982,0.22087622608652624,0.9693242515817723,-0.6691427506673333,2.946752467559514,-0.4010485872099139,0.6901337767224391,245
-0.5129346017785026,-1.3807873573536953,0.4886130964164574,-0.933753736140097,0.09673477667077457,-1.7346403355315245,-0.04919160823191812,1.0735044063655983,1.2502869129412333,246
0.5811209451637238,0.45427649546749904,0.1263110138013661,0.928717832228207,-1.8306719172014265,-0.1332975669939288,0.3334982679825765,0.35778551332130704,0.8643653463895952,247
1.175224455567833,-2.4412901347037783,0.8018192902010521,-1.0391461303604197,0.17450790454408727,-1.4952660600014247,1.853368502957186,-1.626300176166939,-1.1132566940209931,248
-1.2325605624906806,2.0531035457811804,1.8544334333618275,1.0728514906209918,-0.8427632223603396,1.375459677668053,-1.1314734377664941,0.2630740689129911,-0.40329558191709247,249
0.9996310435934835,-1.4232329723705186,0.8765405122923029,1.4543101017964906,1.8259246911559754,-3.4542548528409984,2.84152313815545,-2.6519839343542992,-0.04704344829848102,250
-0.1504477462514849,1.0916269286212334,-0.10690649009074292,0.5755087277566842,1.45876398678589,0.869825681396013,-0.2929808157635393,0.2644015036694036,0.4121092051372377,251
-2.6906063880179767,2.0064724882903175,0.12125475009869426,-1.7704339025362246,-1.3980067394014415,0.5284618918237096,3.57177699248514,-1.501424113400782,1.2678987951708858,252
0.6276112125924505,-0.017217566486744662,-0.9068077260268592,-0.05936745123140444,1.051310981487338,1.5723062561857772,-2.083707240078917,2.5604758494394817,-0.35127203711064553,253
-0.3163355447400646,1.79474590047366,-0.641146634452866,-0.7711349672336278,1.1227685838844652,0.41818896442890974,1.1620129495156746,0.8181767125645697,-0.006048518639085177,254
-2.604346935214705,-0.17397318676493811,-0.525458414206894,-0.4215940625576031,0.6515729157045478,-0.6976164506090564,-4.157556736271826,3.3446561485512305,-1.4566814413240818,255
0.1667819386556424,-2.343460098075867,1.4268361417556514,0.7067703870618957,1.565136346120539,-0.12666088153077432,1.2536334243244052,-1.6181337839521575,0.8322695885742079,256
1.1002751801452397,2.797512827746049,1.5798669556055074,1.3808065884550094,-0.951686484207784,1.9631579869922164,-0.1683523503327645,1.5390642826891177,1.097221329671825,257
-1.3056713470362415,0.0643223120630938,-0.8601003213280649,-2.476681556030022,1.5553761483854962,0.7017053967895513,2.7034228100968156,-1.881706900668791,1.1054813523421145,258
0.12477348791115626,-0.01868796015471763,-0.1702845318258011,-2.024953334893217,-1.911700526909497,-0.08147417319827278,-4.824690038245891,1.8277647032624074,-0.21462066538522007,259
1.2325361550005687,1.650153066814449,0.3488818313036715,-1.9608507978328928,0.11915723260843014,0.15359460673551137,3.328569338258064,-0.6921645825876135,0.5387771269189496,260
0.8922098728099856,0.4414888641287563,0.2181243696810031,0.8857263538818548,-1.8860852543014097,-0.2947110388441811,-3.2959583152038,-0.22710785165416225,-0.25642516912858027,261
-0.7420840949227768,-0.9161773403895759,0.14007484795982725,-0.7498429227081852,-1.3727814137086156,0.5374325913880298,-2.4392350831419267,-0.33701202130685326,-0.27675103077825325,262
0.5886354597962726,2.674355115418155,0.7283452130695429,1.9630858846815047,1.5853860020857051,0.8277079982342662,3.349223179303359,-0.6326435511816251,0.151231072166842,263
0.09336886080316495,-0.30993407421053276,0.9837355113956464,-0.16695883065295022,-1.0724562857110214,-0.23291020749024438,-1.2095403812010772,1.0332196707262493,2.2576285464143426,264
0.40607916662993754,1.4346962901195757,-0.5868497335487376,-0.17197574364882165,-0.9071040012194483,-2.2599013674584763,2.387023802327002,-0.9956516871896914,0.7702860513831254,265
1.2122600577854141,0.21083604168395575,-0.2759102124020307,0.11919081300759192,-2.5234067186189435,-0.9637605983755171,-3.5462708486888688,-0.1276456203669467,0.8352595671994314,266
-0.5743824504629396,0.624927042221729,0.3348381950246217,0.8108631155983488,0.22113780684408701,-0.4060006639084922,0.9807382554032982,0.3722247570621142,-0.7743014221048545,267
0.12488728990101115,2.358042097972232,0.0051431414744674145,1.679728476372106,3.25878126893375,-0.7589265408192374,6.239422903915439,-4.4660203102669005,-0.40990352279450387,268
1.6991455815232015,0.4386622203641424,-0.6982222323384965,-0.8482871944946482,-0.16003944584060004,0.34295626745530594,-0.2180215535715091,0.4631074741011141,-1.2558167842423265,269
0.42832741416942294,1.690830426193701,-1.9939946266792412,0.364626353942051,-0.30077894043141684,0.594410353957252,-3.5386583131648535,2.5424566634759675,-0.4020762594398505,270
1.6719629600732748,1.3991691386310354,0.5710314643971474,-0.24237661538640737,0.3895333555437057,0.6285994930303792,3.951998372803081,-0.5626113340696408,-1.1808359169921354,271
0.9867984350370388,1.1762704805379514,0.6294941559995911,1.8123562925094931,2.6063698966253566,-1.2662226643379593,2.0600333840132836,2.259127103960655,-1.0935586856554882,272
-0.319490070572669,0.37893954044017497,0.5428733481036709,0.8262314899624682,0.7116627911307981,0.07486130625002908,-0.7811839898944527,1.6647710079961922,0.9533975332379796,273
0.07264421304330575,1.804135595344785,1.5193945969413418,-0.01749734565510574,1.7154987085931999,-0.22832189135444766,4.145282154580676,-0.32305388295182413,0.8236922388427681,274
-0.2251054046798361,-2.1269200438649745,-1.839565047822103,0.334157621873155,-2.29147601329451,0.2863333298670089,-5.1079756645738446,-1.0885980894039156,0.770833961123564,275
2.094718583848544,-1.2931829485131567,-1.536789513986315,-0.24786705924526525,1.0551650479972827,1.7579066898546003,0.3432429964979527,-0.5435337469784831,0.2538871906655972,276
-0.7489730972700454,-0.052550438813280254,-0.5560969362288024,0.16328605308013255,-1.6695785923541206,0.30074901718079544,-3.346030087151734,0.49740349220250624,0.30500054520972886,277
3.10338440576487,-1.4424448946296524,-0.2367610667849929,-0.2365961040368478,1.8414287333661776,-0.10351635506286484,1.4508638542566141,-1.4303141546639608,-1.1097208282932345,278
0.2482597964904795,-0.7901649152813994,0.22909475621236441,1.099469081034057,-2.05138205477735,-0.6739476617634077,-5.084620202858124,0.291172965018454,-1.1106632699512438,279
0.02682953092481496,-1.6230443287100111,-0.011409078855165644,-0.47357931981800644,0.14557346205804722,0.5107665885939133,1.9388664894696248,-1.4262210544408733,-0.7178763595791292,280
-1.83356421398709,1.739989619397918,0.26047174907088094,1.7275520426206816,0.4787422364002659,-0.8789470032478534,1.106932103027282,0.4730153168196166,-0.9703839817512533,281
0.45104363374589096,1.819677739221668,-0.6770232850807263,0.9456606628205836,2.319849012192126,1.2169820392052504,7.106347927071138,-3.5928405012557243,0.24139996626790924,282
-2.3882924507511794,-0.942601033444707,1.179913410425699,-0.7273212215022773,1.6412976314518954,2.0700263824782756,-4.281885889636285,3.686216082797946,-0.4473732498412154,283
-1.4515181184283728,-1.7802022292166293,1.0366064138649516,1.7859438482695906,0.3925503143999852,-0.30736124134784987,1.3179411047047345,-1.0751557315924851,2.1520733558620604,284
0.9149333898817024,0.6500057550801103,-0.25197318715848965,0.4350783381858596,1.0928419845921173,-1.2039381307977697,0.6875891859671596,0.9160403112940967,-0.668876034443013,285
-0.9451088661130198,3.440339004717403,-0.25184710532935095,-0.2715583037938346,-0.4264948104697157,-0.7308656201837209,-1.1497388855215835,3.3246353538576625,1.1700770630296313,286
0.14903970062499755,2.1200808046328,1.5321637696085468,-0.08966392153963396,-0.885823244311316,-1.1264276888827558,-0.5046001236413503,0.640416278805031,0.9097833451011628,287
0.09154564404472815,-1.460276332835669,0.7452522288182044,0.5879282679978648,1.2862995997555553,0.8023674328958811,2.652503585478851,-2.1270179816485992,0.23847015891454734,288
0.49940348661769834,1.1377139506434142,1.0530192099399445,-1.1937262442757581,0.11395219678573865,1.1070142239824061,0.43125953920694143,2.563731366467087,1.2337872769596048,289
0.10073524631751796,-0.7441205997568558,0.6062097760176023,-1.2707564549216972,1.0077536457255192,-0.2896871727535511,2.1263303236760827,-0.16604580196112917,-1.1796394343446837,290
-0.5147916994996568,2.317805802333795,-0.0032743790558235593,-0.08672224914150004,-0.44855855452749194,1.504942189115205,2.9115149843219927,-0.5194194354011548,-0.6643822914959687,291
-1.5604981578743569,2.44736068141344,0.25431562655371015,-1.0639936165655535,2.190484683140876,-0.7017504421307859,0.7534779863244102,0.7046457296938383,0.5920368258199806,292
0.23321456024834725,1.2513307539275806,-0.3558188353382118,-0.9831431262668516,-0.40824096589034853,0.8754948832617212,0.387104022106658,-0.061998632837752754,1.1424495630017617,293
0.7821330142039432,-1.0466400396954612,-1.2821138111330639,-1.1842208938938112,-1.2383609736165107,-1.0879223785936563,0.6411142142614292,-0.32624866942574315,0.29740069139109965,294
-2.3586788086803407,-0.40128092833700324,-1.3316043186119952,-0.7245647575411844,2.6712774066136227,-0.7502886691740386,-0.3084843089835412,-0.704393778210132,-0.6518995938750431,295
0.3579276999848827,0.38860023726362747,-0.3055922675144163,-2.640785635575405,-1.3244925435148924,-0.20475655908015453,-4.992463418064777,1.0999847678195633,0.708936451068717,296
0.7791875770008039,-0.43897449842514047,0.6593409950691119,2.432636324021755,-1.645341121546624,0.852174181321905,-2.6184064875245823,0.6930320787047781,-0.6881370621515897,297
0.015404681557600861,0.393754088331141,-0.7731004559390707,0.271225614199156,1.159451228454172,0.20083973869410499,-0.844158395637401,0.5616615320742417,0.779772810403127,298
0.906138918091378,0.8934198961103244,0.8343402211571068,0.6000653263523615,0.18893966566214382,-0.7806882771074571,-1.2134332884306773,1.0857411623249047,0.20608698450500018,299
-1.3844231543584364,0.9117612804142561,0.18379937299342977,1.619813234242322,0.26830894876243905,-0.41438979196523296,-1.8573252844576271,2.7613002196521124,-0.3252989243235641,300
1.390479477204648,-0.9271930775916288,-0.4873529392100594,0.42434494386140187,-2.8581874177867834,-0.1288008287892548,0.24329169890945307,-0.9032751945031093,1.0679577442582933,301
-0.31609928405105125,-1.1965922003037468,-0.2515792770268969,-0.2097180768228321,0.4430273715158455,-0.8967843857224138,1.315830014806807,-0.8678162629140215,-0.553687515924103,302
3.1496480111345417,-0.09118687038298812,1.1056008152536936,-0.2815287098643214,-0.948708165892554,-0.10489963779012251,-0.006716992591754467,0.6766815986456355,1.392095244121183,303
-0.03113553831527568,0.15758136401611544,0.33419894317176624,0.07796909938329855,-1.8790173450558663,-1.3752594809811896,-5.662672182992856,1.542763191749958,0.04818875474790214,304
-0.6658509226836544,-1.257074200667946,-0.588684643504235,0.284621047537073,1.0810992451222208,1.5270132612259923,1.3695641976062882,-0.48936105468934943,-0.2646116022346786,305
0.2147990149793038,-0.03874897481286954,-0.37301165148314186,0.9880493146133418,4.22299801625391,0.7788107685278893,4.194514642805157,-1.0831805196838296,-0.22448215446342795,306
-0.6887241565242733,-0.12259754084426788,-0.06362640381960291,1.7089640520298932,-1.478793670192821,-1.362194891382653,-3.152047278776173,0.4491521497498757,2.986329375576428,307
-0.6581766876096433,-2.2625263153396693,0.7599369819598276,1.650748344305217,-1.9182112065060863,0.7631000245479144,-7.01860900932487,0.998946572689949,-0.6594957083176173,308
-0.7201426001603074,1.044048042571824,0.7070175029576056,1.0866335418415303,-0.791279040335533,-0.2829762769807495,-1.9377299909272503,0.83795574813281,-1.2700067677908868,309
1.0719653675991272,0.8146465360963357,-0.7180388134051491,-1.2947051806855492,0.14788824391663413,-0.11149078712511215,-1.0343189616379895,1.8709151900802006,-2.4241506170373057,310
-0.028017622333999927,-2.2304642603447125,1.207003238752548,-0.2273275873143359,2.8023556061971986,-0.35283390585135754,0.5937442080105642,-1.3573000189914757,-0.5918228767052861,311
-0.7866299715542499,-0.15570020048517574,0.07638440758894632,-1.2844508622826205,1.9506861614952768,0.9747256009057279,2.72986912212063,-0.8925763365425853,0.2145789262421487,312
-1.6721595136444953,0.5985993802303466,-0.6468759020702652,-0.9223240562677364,1.3750886068026225,-0.08374738765171298,3.7692094887831065,-1.318835405329959,0.9678122108045354,313
-0.04782984619791361,2.2274736101487687,0.14342186871507595,-0.416217619899324,3.389002576374612,-1.2064103339541286,3.478134227193159,-0.5351436906524163,0.3103284759617465,314
-0.822335471352724,0.9033105927821673,-2.103500091725501,-1.7225600747524696,1.7003134618889537,1.4948228998923268,-4.268832445175356,3.895818762647871,-0.8354102823918247,315
0.3412343716834272,0.27612171201530433,1.8782773517441866,2.2963393159293584,0.847439077175171,-0.32007792327212864,-1.1447240754323942,0.5967046855427625,0.24470042646170703,316
-1.8939935928422162,3.6274142381481407,3.5440650109597804,-0.11153361619350736,-0.43761628702899313,-0.6906085414833233,1.388920166850942,2.4404783471520313,-1.3867682108376858,317
0.5873933864175546,1.2021884045865576,-0.7464363592272815,-0.681739934114868,-0.49858269529628485,1.1810005310039455,-4.130858713854399,3.308715239753405,-0.9524542417152264,318
0.6593081195113274,1.6726035026936295,0.7983480513491078,0.47255739938382246,1.4691829024529637,0.17557206171548811,1.4347752708346515,0.02491524129040068,1.2227986359705558,319
-0.3608064938391779,2.7069226012312724,1.2722703777665494,1.7197667929295155,-0.9637832694576428,-0.5792726172884419,0.5272694514066144,0.26221191453847525,-0.0713399985004032,320
-1.3218271117477924,-0.07609435095652184,-0.1499634011101363,0.12936433827975002,0.7858136384818881,-0.38930562075357045,1.125308475634271,-0.9866716359967486,-1.3061577004789535,321
-0.1428665853419799,-0.08017005334475713,-1.6891124539708449,-0.44719939306998346,1.1831213894987476,0.7131723652486122,-1.4468508455535583,2.7087110112411503,-1.6516095967182838,322
-1.2566032042472546,1.9386058657495941,-0.40601135338038663,-1.112704595006501,-0.24893021824853123,0.6924643413643278,0.5797871902653722,0.9890356940709909,-0.4318225494249425,323
0.5222968416165916,-0.8092532501582157,-0.5257449832680463,-0.27598214310675,0.35524869794361824,-1.0830289045923183,2.177624685527902,-1.3988737846090578,0.20490085797712468,324
-0.2530073476011097,3.3862371326586445,-0.6074408952832138,-0.01951543940406494,1.9059771257461526,-1.7428879738170595,5.8192592656950595,-1.271841924705207,-0.22337033778687312,325
-1.266907462058216,2.8533954941502095,-1.7931247843359264,-1.1961266586802455,0.6718863349456673,0.6423133625895667,5.786780369386623,-4.106582076746552,-2.0343390357733857,326
-0.13028624928391652,1.0719505023181108,0.7702665284831038,-2.1956724413257467,2.1514267706319794,-0.8043501578320993,1.6414700269829858,-0.8485216547437117,0.713597488557311,327
-0.9549853534635654,1.5012532270411647,-0.14704456043989222,0.19529665595685236,1.098819439309711,0.4693077924198947,3.2630408864253826,-1.111718984780771,1.4094980979850957,328
0.38581270320864025,1.3327858144223494,-0.9253363714385271,0.8890417717343652,-0.9955786723813496,-0.3653774358566567,1.1743807081835458,0.36421737465218995,-0.15649639057169043,329
0.7837769056550118,-2.0372686077712,0.77857289727785,0.9367532635304259,0.3391026363162002,-0.301421489244918,0.7675336282299123,-1.0278373475838594,-0.5831114770864428,330
2.01062063320819,1.1664791896486242,-0.8986224302507531,0.37736436613524704,2.96549324028849,0.5333647089351805,0.9289164440289491,0.2751292342963516,2.4390231871773165,331
-2.0360681984757933,-1.265784278782641,-0.9792523330043671,1.4685022718853997,-1.5824143253861007,-0.011179115477882038,-3.1240381054255413,-0.8624781250675815,0.9010053242021153,332
-1.781424899551631,1.0631799704310891,0.774656635890075,-1.7547978853712451,-1.433491905505332,1.486396043328376,-1.1126169273711242,-0.13460626451242375,-0.1483471788078211,333
1.1984651733852205,1.222753302049598,1.121076368449011,0.20932685149187039,3.223088983027604,-0.9941057342308224,6.169132701810652,-3.390671874627372,-1.8159319960198228,334
-0.22843192106635843,-1.1427337407940459,-0.7342759712894197,-0.4807765615046036,-1.4035261794411165,-0.6530305754580548,-2.095306524680972,-0.8105578286620165,1.5675522201049312,335
-0.375219230133898,2.014872115278024,-0.1560136594232553,0.16942808390894876,-0.964604793572232,1.2570848921053457,-1.5214876380019122,1.259992382958432,0.3714010859322353,336
-1.1222549787929021,3.0487214349264398,0.05268245431008198,0.1431002076430992,-1.273265584541135,-1.5734971240144306,-1.6166180617027255,1.6237831386100823,0.4792500958967251,337
0.07400401194286525,1.785886086172742,0.09673643273801409,0.260171890336454,-0.8610929532900631,0.37635488861189087,-2.504157089372577,1.9650774004234464,-0.014693753025559694,338
0.6518839479369677,1.0830358554444994,0.4472521554922508,0.5216912595809831,1.358686355203346,-0.00798120435170447,2.1083552936689536,0.5396071422360639,-1.4524983970876972,339
0.5160550147755645,-1.6833436789954455,0.8695084820001195,-2.3440788973493767,-1.0693226564828455,-1.09246704047634,1.383200687414491,-0.8251054024478316,1.6790247985038282,340
1.0417941190215945,-0.13262543047569553,-0.44895981594017376,1.0577686473022374,-1.4192268945769038,-0.08307844096388375,-1.7575347628226492,0.4288004478060864,-0.24280228731195067,341
0.5064207749970311,2.0700174014521506,0.624287956648842,-1.7328736516456293,0.9458819124888648,-1.4251777645007055,2.6415692896550005,-0.3596838537092155,-1.9640321579709097,342
-1.1548228677262822,-2.8254457531159347,-0.6758008534284953,-0.6216620050475171,0.7620209256314929,-1.249476488541901,0.4690171486820949,-0.9463833619331213,1.7334534666048023,343
-0.0657289443524329,2.579122089215233,-0.005386506614087913,-0.7293913343701742,0.915207988802683,-0.9526532293994717,-1.5225719393661938,1.5676880756837743,0.7071129589620101,344
-0.4297759261530207,2.322471997049381,0.5889111175754248,-0.5914438195394393,0.19971846794684345,0.23005561154550086,4.722797850861825,-1.7123588600776092,0.0039612809245876,345
0.531665595938595,2.438847119440359,0.4565998486985019,0.14564912192963253,1.669454695286111,0.21356119968924533,-0.7016961310922694,1.3795223458456416,1.2051177396144506,346
-0.9772376887147608,-0.08745640917557429,1.738397194049411,-1.4214646871565255,0.6085240157070144,0.8209228791097093,-3.043325587787157,2.5868706924762694,-0.0283398453664603,347
0.4785303141499034,0.735160329366167,-1.4448973229642597,-0.5115852052062981,0.8248235987493124,-0.6039858592158763,2.0115761673743124,0.4292744388966727,-0.6866592091733184,348
0.2317967095246296,0.8695198242891522,-0.19324244245896385,-0.5639164696142108,-0.3352241819839763,0.28682824500187637,4.511135712233733,-0.9561225721497592,-0.5430364949296432,349
0.9297402248111573,2.2934920053968626,-0.4320438142447743,0.17777813858498578,1.6737664630764435,1.8075903221923073,2.7120426776556052,-0.2363553794073252,0.7170790369961638,350
-1.0610105987880223,2.8014421234905766,0.33281593432606316,-0.10247922314240923,-0.5762783041762565,0.1996961966253978,-0.9724665623629533,2.209574249882767,0.4580155514898559,351
-1.0790244592678986,2.340897091985459,0.1223266861648562,0.8039292795848746,-0.7954821983323377,1.4278623820852956,2.190802581335501,-0.6050663092490576,-0.07860980175325702,352
0.33340901239271226,2.148308024812205,-0.05605556594019711,-0.32010047635008365,1.4685205144487579,-0.38259338288737815,0.5256557922281827,1.0041737246043558,-1.0337348667080686,353
-0.20918043446703338,1.977943844106814,0.8433066744329553,0.1371334013192164,1.419467365067671,-0.8993672798372561,-1.8540021960160147,1.4699889587871038,-1.029524515195794,354
-0.5862022186072832,0.5632410711632168,0.2774979724338658,1.1559719901158712,1.6394648486739856,1.1152504932817804,1.9419478516412207,-1.3039045895430137,1.0347608071046908,355
0.3125765753355643,2.919984862567293,0.6448412895542256,-0.9596633265554438,-0.7166471415697239,1.6866513536678973,-4.1730095216577805,4.031797953591704,1.6427259073979663,356
-1.2435850778072015,1.0808061055651255,0.9585319612986151,-1.6934990908350727,0.5863236368813267,-0.044005544941825944,-2.1274721262738168,2.069994203327553,0.9515573777304999,357
0.5194888741480125,-0.3055316824476302,-0.2826092674912256,0.5804197564673585,-0.6074092114806893,0.16260534505003804,3.464584714591253,-2.6634505371175825,1.402581417043068,358
0.8733955364172833,1.1276861360528632,-1.243515672324092,0.08581631955639477,-2.444409555400454,-0.7183530388306428,-4.584788259311917,0.8214939970979032,-1.473075643064614,359
-0.08356255319286285,-1.3904172309585607,0.9812158840733828,0.1914561361499349,1.0344568045752385,-2.410662694908141,1.5553844802073573,-1.5818249800910986,-1.3042886623027445,360
0.11877840680279592,0.9850725348498415,0.8096224271269085,1.300309545788696,-0.0727891655955879,-0.610248829249581,3.8230198861459836,-1.9414834776430354,0.7332484725630033,361
-0.7482709979740649,-0.11261128799391384,0.6189276135952376,-0.4174489690553193,-0.5702027453213805,-1.7074329104488837,4.167962839162148,-1.6520830490501992,-1.670178192416227,362
2.1815690809682082,-0.6719811095676389,-0.36609231290773714,0.6316352098206687,0.28279214799880337,2.0101508500891336,1.4744210425030229,-1.0624559659148933,0.4571755311570313,363
-0.1817093920268032,-1.769603636079336,0.48982495484649824,-0.13481352569439856,-0.33939602885402165,0.0757886878538678,2.9752377892742006,-2.0544911235154677,-0.19295885256670225,364
1.9699379120649152,2.5753556432455316,1.1247999769778887,-0.0017830102524277103,1.7253451120229006,-0.19728558300943913,4.586285980875481,0.5429686916015803,0.7205648517880489,365
1.3160559602096276,0.6135941911382555,-0.4490401927324806,1.027286169739685,3.232119294135177,0.9053230960752856,5.648851016193117,-4.008158725594599,1.275280993218131,366
-0.8454321838049752,1.1588588530390742,-0.11536962821082757,-0.29187885403461106,-0.6820460282510249,0.9397074919455912,-2.09749603851084,0.7632345645455192,1.3240877836120952,367
-1.267057102065067,-3.5656041037031456,-0.20608537303860355,0.9996891539453561,1.0821912630153105,0.18261578366539605,1.1278735513089482,-1.551846799247578,-0.06815663043443759,368
0.1260623280034051,0.13568475415194836,0.7779866783080691,-0.09634663149429264,0.7994427786333413,1.3015929980039929,-0.03217625421574179,1.3373885942478216,0.8809151690332453,369
1.811701208981497,-0.9432151509007054,-1.1939024401995502,-1.4301015922497284,0.26283328949551166,-0.7269385975720276,1.869613809835244,-1.3599187357959073,1.199590148993406,370
-1.2208478140625258,-1.8683058955212917,2.498200117974112,1.8568436628491722,0.1207748890617536,0.27633084300105565,1.37110317986708,-1.2292843878315496,-1.1657706171669668,371
-1.334160759004991,-0.5646408555493516,-0.28372750445327777,0.5924779841207163,1.6166972043694552,0.5867973779847261,-3.828747577648494,3.6386291005761335,0.00397495651718248,372
-0.8874154176968325,-1.4776934183938362,1.9694453813319799,0.7575291392086144,-0.7395240311375748,-0.7345338183480314,1.0317434682671778,-0.6529585058279691,-0.8113785008955597,373
-0.07192559294852517,-0.4714718875668513,1.0551271715811792,-0.8095673868458734,1.3140063333191994,-0.6862827822133699,0.5078777155073915,-0.9429552276527002,0.5621895306852417,374
0.6518577695156011,2.345637427405773,-0.47449044474837226,-1.8110231428819916,-0.5144216465512514,-1.3400177279235521,0.2062028272855382,0.4576023692710598,-1.1812224476083821,375
-0.4216085853111195,0.8697494716722303,0.6259704749887174,1.1168681622707382,1.3865563669521141,-0.10899516071138145,-0.15042201702684405,1.4238262185148103,-0.5728225235804407,376
-0.8878791855361773,-3.3132042692910697,0.3105624837042775,0.4560395883836946,-1.51700530763967,0.219238917490338,1.0243922559532186,-0.8389185273267034,0.48344366827831864,377
0.016120897460654492,-0.04578903526978095,0.23069731833443458,-1.6007371559445422,0.6970919389253378,-0.8389684396441776,0.0010726593468000337,1.1531233488548627,1.545237712763686,378
-1.0499106120188058,-1.2158643995226863,0.288805553332357,2.800876947609391,1.011337872742219,0.5301512631836031,2.0173916245468253,-1.683521125697516,-0.2708112728027683,379
0.6755187365822855,-1.186733976691189,-0.16462909752818766,1.4099046552689198,0.859118785440932,-0.715393571239174,-0.081276835482088,-0.41865572285719377,0.6480780112135068,380
-0.12508053197001673,1.6413996511276792,-0.540014338570062,0.6755618979049025,0.91495964683326,0.4328185412653227,4.366460849863696,-2.2595275261404004,0.09306677628155917,381
-2.7892049920138704,1.9743568484658625,0.39027847705954627,0.9404670077214295,-1.2349250541016428,-0.7341100512387415,-0.7421493729094665,-0.0036845503881723918,0.8416072037583916,382
-0.5411811545334609,1.543262194383858,0.6770023973137358,-0.1556575382899,1.0828729236443222,1.108841419071706,3.90914351511038,-2.124569793955314,0.851883409377045,383
-0.9766931954727915,3.390892450148595,-0.34146687286163924,-0.16023078346551933,0.9535603444957339,0.33383761907736353,7.57173789641144,-3.2233415891965875,-2.2601188298694206,384
-1.5580727358535134,0.27838450759511846,2.8334956118942727,0.2575331531289845,0.7151073004019334,-0.3906365307513523,1.0476099591928825,1.0658279633802807,-1.904935777417886,385
-0.5584201684875328,-2.9243453447439203,-0.7639474022443523,-0.10132902281809021,-1.6551086399735566,-0.730011522864486,3.540630627594432,-1.8913258304500693,0.23788077019964818,386
-0.5856218351657279,1.6215460748731905,-1.4241224116579378,-2.0739060049716462,0.8797116397283394,-0.4564031828401075,0.2927197057350283,0.7745336218441126,-1.7043667082962657,387
-0.008734975897599313,1.0367142998836147,-1.2847961599318027,-1.6237683520495778,1.4793133924015336,-0.015238046500086614,-2.8854208331559383,3.398634358197825,-1.0869752536506059,388
1.4254332795296318,1.8009431955995008,-0.8134420560054573,0.740725682982642,6.036792892920811,1.0976628115966007,6.813719733768219,-2.491864670613829,-0.29644951459805785,389
-0.9320268136452012,0.9253818756438659,-1.1548940361658717,-0.12147401855004489,-0.6668606746404824,-1.2830719897303882,1.2011353392849569,-0.24184769248167726,-1.2284906763809074,390
-0.15433037587971057,-1.2766970744717194,0.9601836693743491,0.460328390011182,-1.4411711780496836,0.2343596907289823,1.5042797365322578,-0.3959955075148338,0.1988956723491754,391
-0.6743458265962994,-0.20547434102808526,-0.9003169081180842,-0.44505734388725304,-2.1539304351272373,-0.06519888434982433,-3.1732183515744956,-0.2943823982531446,-1.1686474299403116,392
-0.2496496656607904,-0.4693364459991931,0.48905750054155556,-0.09211683792364998,-0.6460506455204051,-0.5031963884173696,1.2240810139473175,-0.4241668159750166,0.09900162758932099,393
0.023675056330267077,1.6252856659220911,-1.0758659254889664,1.1158472749366464,2.26563206787285,1.2565166360057005,3.9485350835646384,-1.4957764854156506,1.411296865959639,394
0.18256299069534276,0.1654392554386679,-0.467797463976134,-1.4022050903368122,0.9841218668706274,1.1327021732161113,-0.23432080935316002,0.25574789309070245,-1.954852079131145,395
-2.161361092625359,0.37196707562701303,0.11389757199847944,0.5805185455957046,-1.4909959560224975,2.9170327712086563,-2.3735698283341797,-0.06700674343918256,-0.4395543550857605,396
0.7262398732709644,-0.56215508506626,-0.9635914050207208,0.6494025158224629,-0.18173093686107133,0.2010549873105696,-0.2552888292010019,0.2999888108613984,-0.14018119361085743,397
-0.7917242738890952,2.7442389430842455,1.3955415800780508,0.028060806383912437,1.0870125795761507,-0.7615715270929277,5.071404325713745,-1.6525684113468846,-0.12277952727933832,398
-0.7230156982860678,4.575373253802622,-0.31607335884173615,0.39273094038199013,0.26782983714728603,-0.1626442897771436,0.931853974988405,2.616582374259708,0.7643296141303859,399
0.19699115611679208,-0.9997490743744424,-0.49759074464419617,0.28245048926523897,-0.06912134550532456,1.2670446625292706,2.8645728578888554,-1.697602319952844,-0.71005905662051,400
-0.7727086601309809,2.8322479653551618,-0.5783871217234395,-0.5166771070339689,-1.3131979425412594,2.13508200893013,2.5117269060419782,-0.6495012434657496,0.0317487576237926,401
0.35486164465499803,3.3293409935707294,0.3930042068581856,-1.26363406950157,-0.22383177262424936,1.174995362251581,1.4156972785755841,1.616659794243065,-1.5330126672577307,402
0.6597224693877703,0.14264420080280849,-2.064390964028844,-0.9554018651065527,0.8330195616144812,-0.5321615134814498,3.13064516130584,-0.8811167174853289,-2.170160938560155,403
-0.15404003002697222,-0.7487245074262685,-0.7873259126880789,0.7418087414777685,-2.411175604907432,-1.321115666827012,-4.813790518175629,0.26800758682742665,-0.683233042777688,404
-0.2805085846244696,5.066061280449542,0.8895536310796277,0.2443831271971808,-0.7941962844277018,1.3711410473420904,1.088033640659107,0.7696447910247073,-0.973415358504453,405
-0.35845550683681077,0.40418878587675267,-0.49057083488586584,-1.4169364084756522,2.932285707460853,-0.14990111465838005,-3.9915646832858522,3.7617848195742107,-0.8605697894225621,406
-0.1448408767357999,2.758992291321613,1.123053197526463,0.19490720526237568,2.3540856344468644,0.38726730043453017,2.2609518592779825,0.19497709104098582,1.527429386880181,407
1.3655229804061881,0.05332636905870214,-0.05661208726445672,-1.4021959857560435,1.127277964133266,0.026571963404306363,-1.1842058697637736,2.0883039879065723,-0.6892040470850336,408
-1.2450344592513576,2.329580360541881,1.1408589867016137,0.9026602893824857,2.664648649438,-1.1795410585807278,-0.244885191399538,1.5428899522278674,0.7357213110188876,409
0.6301795923651136,2.6630436511523765,-2.241896354774829,-1.0585682782565227,0.8061986335317128,-0.2759154704361769,4.412829942530015,-1.2655771716532005,0.8162218725571921,410
-1.5623231616000273,-0.5354436227525172,0.27527852910081746,1.0182382110986368,1.1422361493403244,-0.0960912191687334,0.3997112471571191,-0.7286827425555874,-0.17245076202828996,411
0.3816370677020346,-1.2368453230095238,-0.8145025922824178,0.864958205837676,1.5967554096254688,-0.6418457827653071,4.428487734054291,-3.47141605981575,1.3723698309363015,412
0.5855382583384953,-0.27098872477387603,0.4305673840619085,-0.8924840191326041,-2.1386075415226777,-0.7518775255875076,-5.364058609449644,0.5546100036581392,-1.3885102489172416,413
1.0474969148759905,1.0163003378593238,-0.9457215875184727,0.4079971272497635,1.229364923733069,-0.8211597081953365,1.0015522224458915,0.877294957544811,0.4008231637352854,414
0.9012697695616145,1.5895820540140648,-0.41145863079048745,0.6226270398123211,0.018181245418372072,-0.5478214242432214,-0.09638156735530687,1.9859394531382328,-0.4335640327635492,415
-0.022368861878339998,2.009221918945861,-0.00896632576373965,-0.17414071713024398,1.0819444089288979,-0.9474290450606763,2.994463651778858,-0.6353698274233974,0.8686752713391771,416
-0.7342399476916422,0.45821971486642,0.4121638465035031,1.5528293201988428,-0.2158739408242445,-0.7977807260741908,0.058911702190498454,0.514863862264163,-0.077453007266273,417
-0.29961744891075925,-1.8116782870660768,1.6852235114797387,-1.2388150181242825,-2.6350907722855386,1.778269239304477,-6.583731996579815,-0.01084839614538402,-0.443318302385349,418
-0.2572160368446954,-2.4905082257643394,-1.1822464019884,1.2649635597716582,2.5082092729123806,0.39849877872840567,2.5966419432228953,-2.706659314325317,-0.1390655984692081,419
0.2759844929124723,2.360461159990309,2.042257840510792,0.541444099389737,1.9450009403678927,0.5721257176083903,1.838574573110972,0.25334176468817216,-0.41149124122128033,420
-0.971006823410639,0.622860558100055,0.4247993134767853,1.0830506555535824,-0.4697907109425894,-1.0863918778775465,-1.639205341597872,1.206239656102443,-0.1440855704524944,421
-0.007815917090578843,0.14471199842009674,-1.1998061740488901,1.2704333556647733,1.4857217036255372,-1.7850694591464658,2.437408148521448,-2.455584819465942,0.6353644611714051,422
0.5661383087123703,0.5826536179194955,0.26186065929027363,0.8673533789188775,-1.3820361737564646,1.2341698587913752,-0.475199080660299,-0.4026057145127062,0.13774389400313738,423
-0.5484228891280898,-1.1674967422590103,-0.05475155588077463,1.9816014026513504,1.441010161267012,-0.09582708075830633,0.169270961314712,-0.53271421750404,1.359995270562447,424
0.5221815959136071,-2.1975417252221234,1.4175622239040202,0.3497852675752838,0.5334039590114863,-0.1671111278986771,2.7079211661828753,-2.2055523171667337,-1.4832483178978748,425
0.8731556045083784,1.9211161890377118,-0.22971559344511477,-0.8310478483110982,-0.5642239243730112,-0.6645818159304667,-0.4930181813218094,2.533225330154729,0.9127497799138464,426
-0.94862451018643,0.9881387371673682,-0.9421220953528096,0.30267689342297366,-0.8377467283911968,0.8787342780476652,-1.7392599639212805,0.7107551001446131,0.5515930140405155,427
-0.6099539105905558,1.2434164061336646,1.080144166520095,0.7399207602465501,-1.0041566590221855,-0.1411905820903369,-0.8948892883970261,1.1538764883011101,-0.9702994960940159,428
-1.206683053744219,1.972733007541941,1.760831339937733,1.054892412551747,-0.06755835250906794,-0.1255755879300833,0.7458075295813348,0.6323938936559756,-0.25669502812438827,429
-1.569472453051818,1.7453101986630386,-0.9349240814388441,-0.6953774654837631,1.4369233702687607,1.4297352661900702,3.8946090959871427,-1.780458807825742,1.7324850076956253,430
0.35100115422484945,1.9334260693589767,1.2115302123032052,-0.9231577428076856,0.9676644316010501,-0.9408488722060531,3.900216447099565,-1.8387874553496157,0.23101541457623972,431
-0.3002647179188309,3.2748245722582885,-1.3012526243920979,1.060288640887317,2.4588772541465524,-1.248270509868803,2.2701770464438495,-0.3091912120323763,-1.6278978465820517,432
-1.4170765579218223,-0.20181507090021533,1.4552426408204644,-0.11119143548734531,-0.6607962122890801,0.4334552379006314,-3.1729192154215045,0.8395868232075672,-0.3090282758170436,433
0.7214359073440842,-0.9983523792740214,-2.600575019529331,-1.5417679247047975,-1.331503853117465,1.429927790332089,-2.2930921898594705,1.0057183856114023,-0.6823456398792657,434
1.2716652332964993,2.469724774651923,-0.11841510471612826,0.1566588323151004,-0.8682361282409267,0.848298179304868,-1.3044257083704427,1.074910092311093,0.07012493246484428,435
0.5141458264060461,1.0564753118132775,-1.2944933548580113,1.6739397972447685,0.24178170718133696,-0.8183374833362531,1.7577633939692114,0.44812837520928395,-0.01727323804817288,436
-1.3186672280286587,-2.765630279572342,0.8528059005567749,-0.994830991369274,0.5811627555730876,0.7413940915019883,2.370410307211454,-2.0053442265457426,-0.2680521625612906,437
-0.6226729773168778,0.4738745636859929,1.018318594558966,-0.4043653256803252,1.6957170955934275,-0.5959467111162355,2.1322891979741665,-0.058786688104642604,1.0937656474284883,438
0.480882653933827,3.608380748116966,0.698164421750891,0.564301351141907,2.7933099830206043,-0.3051622999429823,3.9374267249911905,0.47231043329494615,-1.1286963336068758,439
-2.1293270511692226,-0.8418798853057026,-1.0902350801857508,-2.2303204247730286,0.09298149825807955,-0.14224842863978576,1.896045259258354,0.12997446529320222,0.7051733219097177,440
-1.7654286975257067,0.7886759125391559,-0.40677521629388924,-0.7687182605183653,0.7640751170946534,-0.8746398141480541,2.036020589548586,-0.22254747217673287,0.01318026088668942,441
1.1612076717580284,1.4402851858494012,-0.4365660514296659,1.2753734072632077,-1.6806143303254744,1.2632845023687043,-3.6972430567330123,1.0757590403159984,-0.25615844322144626,442
-1.1488514099292881,2.2895954267254055,0.2560798786660208,0.6502223934069432,2.081496807374506,1.3686296220971284,1.1895072732006102,0.6305945364205184,2.5511742525026477,443
1.1441584717919149,-1.896012240557242,-1.5782903761504106,-0.6136312383802843,-1.535738475979986,-0.26355555201653547,1.6132981340797323,-0.8907251350172432,-0.12624814774958787,444
-0.4788983318098163,1.4184277472338263,-1.4449225041457987,0.46322445600013434,-0.3003987048244866,-0.5895071723046144,-1.7941058352601753,2.4355631754252824,0.9530353650977579,445
0.38850632385943296,-1.3111471422990666,-0.8051978857221099,-0.8465079577702125,0.6640993863337423,0.14435828822543298,0.17523452360127903,-0.6239992325456577,-0.5647023539979451,446
1.0000374458259134,-1.3435105980951731,0.5177279086900803,-0.7363727523560001,0.5567041357426552,-0.6667847639617395,0.852623145873649,-0.9890875512674758,1.2074912492745373,447
-0.6268343208914771,-2.24414620291373,-1.1299648926666546,-0.8499082527601255,0.7081978411045013,0.2444479584974529,2.13840348729828,-2.0197332913410513,-0.07256648695919042,448
-0.3588760848681331,1.5256662988757346,0.6986867093533149,0.6117426066644042,2.372240542301273,-0.17468191658949636,1.4388312083859092,-1.1744684624448298,-0.90937524752908,449
-0.9684127137100002,0.591247345502306,-0.31136924127099364,0.6826368812128897,-0.5715977761359372,0.3153314706444249,4.418355143964553,-3.2083842651347,0.5148752363294603,450
0.07262738817940276,0.09201879748338249,1.439900556356811,1.9943449497198495,-0.9973100461876464,-0.3221824497620064,-4.497378999937189,1.2273943957466196,-0.30348775949843565,451
-0.1039195114788388,1.1251003879276742,-0.7079729470064022,1.8085899671214083,-0.614277771101948,-0.8215141124852376,-1.9811386216962694,1.1781238410530122,-0.45099393312640995,452
-0.6955483344918731,-1.7581303894807148,-0.05696568026326645,2.2819029165141713,-2.950068935288976,-0.8939283230009163,-6.817850125818663,0.6988691428630982,0.6657600540078024,453
0.06770781001595248,1.494891389654855,-1.870061098685374,-0.0006530739155414998,-1.4755518027045613,0.8209775618249165,2.8767545027110915,-0.7137201727101128,2.7985659120309045,454
-0.675087578960491,1.1435038758510174,-1.527041060820457,0.30983759319992266,0.3364016642292075,-0.5034623439010585,2.8549558083401543,-0.4940636711123061,-0.19678094887698314,455
-0.19714738095841286,-0.8029237146220858,-1.5060888450601757,-1.0254636745111536,0.42107748453091043,1.0705794675782778,1.4779924829982334,0.754079219971092,-0.487357365983966,456
0.8370510042355225,1.255988278539122,0.077974461818732,-0.21080832450621106,-0.7115983604167344,0.506379498694662,4.604779772276128,-3.140961174132767,0.9803386702177634,457
-0.36148220557752314,1.2753636027276043,0.22352572447638855,0.19742304769258168,-0.2731156980037299,0.556242187528883,-0.37976366232829667,0.8465963500887727,0.7770822584652559,458
-1.1853826287004856,-3.4915727213099377,0.17515444066647393,0.5666249492410705,0.28143036952607803,-0.7166839079360776,1.9251492399589991,-2.137341051351207,0.14933383976980086,459
0.16358911436627552,-2.9094471917118163,-0.7004041846681616,-0.9115585553391796,-2.0989341578013514,-0.6148279504490117,2.346065480665402,-1.1291633859024548,0.09136775910665185,460
-0.6458124527580007,1.5211922619309695,-0.5739354126827827,-1.651683488490996,-0.370090945998824,-0.6802958350592943,1.7535896837397273,0.1289726001739675,0.45063433992680635,461
-1.7665987194139492,0.4966182891306594,-0.8650096430108425,-0.7707874030402765,0.1777219727368986,-0.5173465729392782,-0.4355529815831189,1.691675776704012,0.06926988117587513,462
0.3225604959975529,-2.5864543545488816,-1.566801501069484,0.9442163762851975,0.9214696713634002,0.15145007027714577,-0.24921956437012446,-0.5793691003590163,1.3880868894563783,463
0.9908851216043476,-0.17952682444798695,-2.078969564967517,1.0004366772966917,0.8435686895765918,0.20045003912884646,-0.5944592506556154,0.1529933634433689,-0.5588426970712582,464
0.7562867286022293,3.7252882545963963,-0.42103034586249494,0.34825822151413316,-0.11308100846240876,-1.497548961160161,1.6646508612734554,1.644886664619952,-0.8370200964411151,465
1.4984673241370412,1.934905884393594,0.5622390597582658,0.5958974585203658,1.6359048253064152,-1.2235671854750108,0.7734718174849248,0.29308557147527114,-1.1101887981524234,466
0.6324586861481764,-0.856856393209739,0.47760112766229346,-1.1509711621737373,1.7979799120220865,-0.6967047672987804,2.3049400319932736,-1.6484701053752184,0.2212447039887671,467
-0.38234194097565327,0.46925371467012733,0.11831114811666943,-0.47970673955782334,0.8223054544469554,-0.6935408894621853,-0.8973819956470573,1.9460159031055908,1.9441077035254948,468
0.2735287711417637,-1.2535837870522135,0.8491426059321912,-0.7848299034326328,0.9824088981528653,-1.2745191073073694,-5.59652213754765,4.493121549153288,-0.6166335598554541,469
-0.8168960881781395,1.1944461461431026,1.2485911362493523,1.155529776357458,-0.18824238871856425,-0.14534531448773885,1.260369959828967,1.2068559456234582,-0.22487537795256549,470
2.000625932214334,2.580644379670037,-0.13558814302883332,-0.049079204226818746,-0.015134333316985327,1.0131898045103889,-2.0372522145218386,3.9429694517077865,-0.602258177282046,471
2.7998241463378313,-0.7100539147016187,0.1946480039058068,2.0443238023747976,0.9828939478462921,0.376202317860116,1.228913512669162,-1.3011688317881833,-0.615735666971556,472
-0.4522708391935566,1.6673684709043057,0.6533143142145408,1.121827491987481,-0.21029209935158222,-0.1895736954826558,1.574836224243834,0.9754908706365923,0.7630620157385543,473
1.6670127053570707,0.9779855148453886,0.3985640658920073,0.4437392912698055,0.5878814622784991,-0.869432748036864,2.064055868688788,0.7877654040308582,0.1693750512716112,474
0.6249536980641566,1.3356964350734208,0.251331260458493,1.470102781718696,2.1936040759930706,0.008521072738391776,0.08630343147569024,-0.18650939914147202,1.4362013949052208,475
0.7223054837827397,0.17591695347041347,0.20709618034236218,-0.34950687695877036,0.7702493775815298,-0.950754988583956,-0.1676008088107085,0.04107818328775292,-0.22544312741700015,476
-0.06820297252355163,-1.9168382517489828,0.04522619064655778,0.2518803600928554,1.0685262298505822,-0.07142964623750514,2.611738547763334,-2.2820072603161137,-1.087677694731258,477
0.3460523100870328,0.25611086510538084,1.0912989562952675,-1.3699857724669031,-1.0501758229293734,-0.058137294499229976,-5.070389713795357,1.6477668223742385,0.23609816417071042,478
0.06846306437172905,0.6948662663392268,1.8563277133624867,0.1774864154778142,0.24013963974875996,1.4646672588818006,5.346629953918684,-3.9015705156914886,0.0741518959311109,479
0.27040813420804877,0.6986892688344883,0.8949874360948074,-2.0630118115008154,1.497293782144619,-1.2782626292575752,2.0929662648306047,0.2787939784820236,0.8627049219900169,480
0.7273525822688602,1.1655431515326278,-2.059725226878529,1.4648661065048176,3.8648910689774416,1.024655190284435,5.112476830495065,-1.432565953939383,0.7801577172566628,481
0.09315877991765241,1.2627057666558166,0.1751749493090029,-0.18018083137286922,1.3544855443446422,-0.9652763395995575,3.6892447291687227,-0.8761902139157123,-0.6564299636141256,482
0.49470466805022306,-0.1782924775333985,0.8912902117888275,1.1330634416071725,-2.418721380506808,1.220782917368932,-4.806615289797491,-0.3167860152171531,-0.38552370444361184,483
-1.2065815287074781,-1.765064434326968,0.08623487529719638,-0.8729382946572608,-0.3523774723733992,-0.684281536425708,0.7320577654507143,-0.4553585051294543,-0.7761755648978872,484
0.8136361486422357,1.337412860537473,0.723972744069368,1.40337865669859,-0.3703181559680423,0.8989032098691095,-0.5304165232646171,0.9554967668069045,0.3106172284661484,485
1.014894342063009,-0.2057424419033953,1.0025044548820388,0.48752205869567816,0.5054091636811604,-0.6961984723041789,1.9179636296761324,-0.8530722014779142,-1.8448803728381054,486
-0.026839568317151834,0.5098460946351835,1.3616072363167513,0.007349575464749858,-0.4009500689919552,0.05667029407167183,-4.087464961474235,1.3886998692481631,1.279039916459254,487
0.9936896763006376,-0.5586015945828606,0.5820273536172682,-1.5786201484291058,3.0145504666807255,-0.3572022912606917,2.3684975965279014,-0.5976600722183671,-0.4239476620747893,488
-0.9458633078963248,0.04784099207160608,0.2599579936436911,0.3285698496773193,0.13323574472265087,0.053212197103539735,-0.17040585106622105,1.5667514390216626,-1.2910395748499208,489
0.4970819410032019,-2.6729317025178636,0.3563258295730599,0.20351560371854796,0.33427603848639287,1.9429614348444821,2.466094305987734,-2.2737587497851823,-0.16869103498212665,490
0.5066873795191851,-0.7194756824959903,-0.7290157224810525,-0.7025136898233378,1.3310745969146205,-0.5385026522226634,0.6155739227786379,-0.8478043221305497,-2.9421258106806167,491
-1.1836923420361263,-0.3658978164007012,2.055220968516346,0.2305980188939099,-0.38900927996308754,0.059312765419377855,2.603041555771016,-1.7381582042775434,-0.06242813747513088,492
-0.23565340051520234,-4.269815819578547,-1.004726227645455,-1.1446176648765949,-1.0393768948199043,0.3292500621593337,0.8910583718464786,-1.2462718979022902,0.4193460736613444,493
-0.05755147023815961,0.8401999844261985,-0.5735140205204284,1.9290914012185698,-1.2040445032663343,0.6126409425877073,-1.1401775127786586,0.873062766213292,-0.7834497409003949,494
-0.016875005724353236,2.1922182396486516,-0.5356480725277248,0.5145324663418078,0.4255814375474277,0.32007756217707,4.362632423630462,-0.2200533652395671,0.7394018150232046,495
0.2179711200386592,1.3021891874781615,-0.8774505811694809,0.24594371883183785,-1.1138009322391436,1.415875149264609,-2.5568738677015923,1.5728672390223886,0.5739767008316781,496
0.725740075270287,1.736338489067705,0.010678863235011495,1.97871068423802,2.0345438000061478,0.4226115733141265,4.104314385213697,-1.7142926623275851,0.39609100485977183,497
-0.2637350376313479,1.0680278669765646,0.3982209514202937,0.7707688064351387,0.5663504347840895,-0.2521534658435748,-1.050299096346191,1.8673334849986905,-0.03602103575443992,498
1.012224423453833,1.7415680313944546,-1.681728535328834,1.5990545154786884,0.1670464275186878,-0.29550228953308394,2.0693518158761726,-0.5859646814710691,-0.39719096651343244,499
0.9050665483595475,1.1365231196024626,-0.13438106818006249,0.2262633165688082,0.6575928713679788,-0.07541318090619945,-1.6941243435530002,2.0935780307390335,-1.1775186159066409,500
0.6109643442466431,0.8788603980687696,0.15359913525416638,-1.3646486738693806,1.4832688539340015,-0.5450197282648013,-0.9121992570789368,2.208717833909815,-0.1341253790451568,501
0.269017527771541,-1.382655362138696,1.2107777468234946,1.2784108952618878,-1.0484777914747188,2.184810310984808,-0.1805636065096662,0.34288638153086737,0.7000726963262405,502
0.6973507446380671,1.1850497719246877,0.6247953894695016,-0.7841013735016077,0.028071071042541362,1.1356412676748064,2.9074702294288817,0.1418898417869423,-0.7619278440542826,503
-1.8680018866707437,1.0997279098928516,2.0136989173313573,0.5983301738078541,1.0985699648569083,0.5622502831697198,0.6324903413044826,0.33679941951281556,-0.5242827429098788,504
0.9742622630864519,0.8067004447355455,-1.2495559027394803,0.030675176070709104,0.677303505707058,0.9491491616748444,3.1581522997634717,-1.0228971398653668,1.6933256357403823,505
-0.17910355363265076,2.4862332624489625,1.4089107574829256,1.7040464798219166,0.5526892649517705,0.4592428063793111,1.1787448170920978,2.474081606059822,0.28487101741084303,506
-0.8124651836820451,0.514970584820805,-0.8577388807870001,0.4565023351677955,1.542683684005135,-1.573914211994401,-5.16245385240036,4.605668632162393,-1.4764636416218018,507
-2.312187002938297,-0.31454749837691165,-0.5987398123063147,0.030013842616624525,2.3177660075639346,-0.3281596849796921,2.0416015860334937,-1.430374976499643,-0.5963999059798073,508
1.5457331421535163,3.4658952929439115,-0.8177041519860727,2.0737786828032836,1.5379618401055757,2.2041861678862227,2.3529448196006646,-0.37102010144649245,-1.0798061676931627,509
1.1399751145005097,0.16063568660779692,-0.10155820367255168,0.215220732950218,1.7640681093034782,-0.4822722102015164,-2.1093598088126475,2.6435239534303703,-1.1262382070860628,510
0.6694380133932271,1.3636531549494706,2.4388567065792515,-2.0306425707261035,1.2309667897022307,0.8348285011924532,-0.4168597569045401,1.3970427130486607,-0.4175080735150316,511
1.827441941113795,2.570354442858735,-1.2817956203514085,-0.7308749265135105,-1.0516611439614054,-0.3731404762049969,-0.8583374668617769,1.845072882493299,0.8424887372351394,512
-0.5846505953032183,-2.0296814774845933,1.4211790967971154,-0.14704806469804693,0.928218424628029,-1.4818523031090183,0.8695555187107679,-1.2239540900269654,-2.0657020978301204,513
-0.63057816231632,0.14485301460816624,1.300248944252042,-0.5322617261715757,0.38602495940177095,-1.4015298469325186,-0.4014416079765254,1.3274951766689436,0.08695970203716943,514
0.6063239220082872,2.094580723840096,-0.6239514162412679,-1.0071313718040806,-0.9176431574444727,-1.7238502188100389,-2.841119803790779,2.1127057981616044,0.5719563219724997,515
1.8149139351663486,-1.0614587887543014,0.05446036929644432,-1.4914267376560257,0.8833308112141813,0.86151388816879,1.5297144557584175,-1.0445064938425996,2.617273338971958,516
1.7202653088549351,0.6571030206295312,-0.35477988735035715,1.1517714693868728,-1.4625143024339926,-0.21129135779325584,-1.828512787592674,0.2218240362547802,0.18770944812792473,517
1.6422722811658959,1.5127621501356776,1.0043379436417033,-0.8729036753264977,-0.2854691448315486,-0.6959364024507146,-1.8571988104709358,1.5378685680525694,0.7731815128101375,518
-0.21969602421644946,1.7674236279853939,-0.31997652935102444,0.9860838914777112,1.2011659795358258,-0.06829514729013947,-2.8316009726486957,2.59890684035246,0.2797480006999844,519
0.8548070356513602,2.003976629652528,1.3907631720334803,0.6242691543408252,2.830215068180987,-1.5106847034140596,5.114018253836228,-1.0972717091560837,0.6392699474777953,520
-1.25784055600532,-0.24740704906252486,0.38858528903260314,-0.9972512344570928,2.2335775222307523,1.7462922006600914,-0.08719306435803863,0.5014255657368938,0.8059371244868505,521
0.46536292373182886,0.27481790528181727,1.2154887216247832,-0.638723320526415,0.060934891410993175,-0.3326707985128008,3.2926311848428416,-0.7912286795668124,-0.557129888598408,522
1.9456675025532757,0.3109406907283858,-0.8093724413438168,0.2512094484418934,2.7537474524154977,1.4637441249908447,0.1473658899598107,-0.6928318548819551,-0.24286282457205172,523
1.7368727731524256,1.6955075120816991,-0.3546774435728737,0.6632184207404347,1.7973228659485283,-1.3664632710364661,3.8164876993506334,-1.3781226226738315,0.3589205088726431,524
-0.7289658219887498,-2.2782420426126917,0.009770567353241414,-0.289944066366679,2.0464383638788735,1.400554386500802,0.5705006251581834,-1.3868236848856377,1.9793844714143014,525
-0.9250306472386158,3.3223832462749168,-0.4648087802060128,0.43257932208484806,-0.3647711499390477,0.48117155757922697,-0.4816567841911223,1.3685306339252807,-0.7009246321685271,526
-0.07550997256680742,0.5480322407493041,1.0009326791956683,-0.3427106214798979,1.1376076223616365,0.22330233955220558,-2.583764651463935,2.504969056768815,0.04056454809536032,527
0.619096478051551,0.7882450369618503,0.08978496441913161,1.215480593634632,0.9338073229117682,-0.2714050601644967,-2.427230937352689,2.322242753495058,-0.36389378950892304,528
-1.221428498419076,-2.8117089210017525,-0.28900555354386737,1.2878307886750573,-1.0709768053400337,-1.1350623455172877,0.7023291115742321,-0.7322991747148306,-0.10425431531645454,529
0.8073904106539035,-2.054131202865099,-0.14695677543719574,-0.3599684214241245,2.647180964813347,-2.5274493700576737,2.3222198945797463,-2.4557782693239316,-0.6339934632565143,530
-0.9049514889131439,-0.6113578562949421,-0.20819273278073774,0.06548485945721162,2.6262695442559876,1.3549896343416075,2.6054006043197284,-2.2508597846277265,-0.07072889952100804,531
0.6457378503779051,-1.236527693356139,-0.5080293594424473,-0.08149386595949229,1.2722741352657512,0.8148741178747696,0.8524336106443331,-0.9762973990360796,0.07974966748849803,532
-0.2434828217817324,2.29497433907014,-0.6314116367541304,-0.7543828593643029,-0.871496569309154,0.24155486847639623,-3.030809107923912,2.311541565958944,0.6530295532955295,533
-0.27900802150803067,2.5668685632253654,0.33295020049012247,0.3586747060511434,4.212771479626662,-0.5753908793371463,6.447885953819919,-1.8969655866921489,-1.198926071463697,534
-0.1276261786504852,0.8579877916847877,-0.18424597885404745,-1.1470701456912535,2.3292009293863103,1.2060858873997573,1.5168388058354219,0.250817183267551,-1.571395594482974,535
-0.5966033549083545,1.7854194565460308,-0.1340652496363761,1.028610311303378,1.2457266253876076,-1.0734607447026951,1.3373351515303804,0.3034179698492061,0.7038809278242576,536
0.47465364575734525,-1.7728091625467013,-0.5108576756023839,2.022486906000581,1.908527041350225,1.4271502479634401,2.186475918506785,-2.3705262903297966,0.12580995348529364,537
0.49910644197992277,0.6518396273382308,-0.22777127624396384,0.7934524888344344,1.790978655989861,0.7142374677317087,1.0011140675175392,1.8022918714761844,-1.1585691575463308,538
0.26593258631826233,0.6564501396109288,0.14091764823475636,0.26669978950207235,2.431752377494073,0.15103290905513567,-5.38556429839237,4.585218205604704,0.7589443197586707,539
0.24295635213135128,-0.2542739976030908,-0.243078056079208,-0.6116015792028642,-0.12657744894471268,0.8638716595520065,1.5101873784295288,0.5267728755220427,0.2530084866777919,540
-0.2532212766165934,1.100632051304655,-1.1986001519629408,0.808540758322193,-0.17610042582033114,-0.17494736099589125,3.0496839907082594,-0.2006440139897725,1.4356447200992184,541
1.0209796051476259,-2.59414380473215,-0.5915158696705674,1.4371698553041121,4.3102002750538215,1.9616294732981792,2.6252453031466128,-2.9537270834735523,-0.5304087401275661,542
-0.4121039499732385,2.4397895146205997,1.3871907131863401,2.1146001779083368,2.1601161828991238,-0.7306095413814279,4.555307419213407,-1.8624433600484684,0.9700677886825241,543
0.13883208271781333,-0.8340646959684441,-1.5474221283691512,0.4570400655963672,0.12560609966857428,-0.5375769410007443,-2.219757861743652,2.5106588634435734,0.4029445735036033,544
-0.9371511578343222,3.531633763176552,0.23977017358264288,-1.9269362882455543,0.24795224527784754,-0.8080232546464313,0.3474503812992665,2.8188546789237803,1.0627695995287993,545
-0.17762703762329876,2.192353280975359,-0.9981039109477717,1.1490280629982936,-1.3206587928278557,-1.7355176103597263,-0.9265568994193351,0.3270392425547768,0.9615000943039684,546
2.229639433423198,-0.2036968844493514,-0.0777940894374174,-0.01916049758164179,-0.06309315977685981,-2.6001207001989832,0.29387647142512485,-0.0421984948425318,-0.04797993391856003,547
0.7396229667440826,0.3879260228515149,-0.0948269890469991,-1.2391280239022682,4.006825777341057,1.9440486756879016,4.601454442891841,-1.6204721640678827,0.4497284755061113,548
0.3449338425226121,-0.45990257988537686,0.04337195668334984,0.13451567159461553,-2.3460966916735484,0.7877296574335861,-6.459027423643347,0.5953708103584596,0.43234696420778335,549
1.223931818468504,0.9804259536011648,0.6141129671981066,-0.42026860559090073,1.5858564391681496,-2.2546108782927172,-2.5065507680342947,3.009857474788436,0.6720349456554423,550
-0.38129496080457614,-0.16497531429811896,0.3018007570109798,-0.22475898485840615,-2.2958886113061205,-1.825805741892989,-4.52456110800985,0.663061707112329,1.3653656446411597,551
0.24044750514001126,0.2529477266768896,1.8389065643095044,-2.22573333738889,4.375753059473867,-0.8751280279606837,0.9588631778591374,-1.4334563483330305,-0.6407286126266447,552
-1.9340439217476193,1.4022746238279975,0.6002250417454383,0.059574110980515994,1.5800734776645253,-0.09298240734595055,3.47557609037319,-1.2456743463565187,0.23891686709962753,553
0.07538846923434823,-0.6379199304982324,0.3369938400965603,1.1234647179238435,2.948899875813573,1.6980131615034877,1.5947004944564298,-1.6355610633026767,1.2565041179401115,554
0.05704168467895999,0.8950907742229026,2.165879741391191,1.3287414300992495,4.520462511718868,-0.16100816619470118,4.005857653295643,0.7168538727860365,0.7366199329005703,555
0.28438571286359393,0.6598131063135131,-1.9357723308396255,1.7252856569693447,-1.682733471127802,0.3409461235169334,-3.4984846684865105,0.06021064761203154,0.4599946164130554,556
1.4835632416259588,-1.8821875702331199,-0.20975753075451017,0.5893372847338489,0.6390675580447052,1.0329960790963895,1.1825623462693777,-1.1427878441493189,0.3427490054354261,557
0.7437158203998124,2.4271809282656074,0.5559487499581871,-0.6515274797657549,-1.2426719321312214,-2.0315513107472367,0.353593123910278,0.6725483106903193,1.4546055390688633,558
-1.6884768330888253,0.026983658506905983,-0.8114652006233829,-0.5649990232431681,1.1115408327441003,-1.863472815908306,3.838135957180695,-1.752968066869567,-0.5274444556279307,559
0.582686961681618,0.32539024965195484,-1.3322948735215885,0.04098432823524924,2.6975077363669016,-0.061156602845558995,3.1459942623318473,-1.1413588426508285,0.6650059156350103,560
0.12822454150382243,1.727100413775089,0.49937966061579625,0.9056459033037962,-0.4135009186528288,-0.7265362139655445,-0.69747147779679,1.3085304134603704,2.2114035759302024,561
-0.1205704567692146,-0.959042054984546,-1.0361717752673318,1.0055588470061783,-0.011336142831321228,-0.18696842946794323,0.6184957147013154,-0.6972054560845302,0.09330264256756057,562
-0.36091932299328416,-2.159454377492697,1.4580597766491035,-2.447838883399216,-1.815487663137322,-0.9199078445739007,1.6128113800965935,-0.9520210357669637,0.07028706708913407,563
0.12845106724629307,-0.03230240279258689,-0.5913046388789457,0.3748480783328206,-1.0322501357823983,-1.839170389171607,-3.1302100613036057,2.025921662340065,0.7827039386018507,564
-1.6858236362126073,3.80891904909578,0.38999838747385573,2.3613010227878575,-0.2435026290194071,1.264508281227147,2.1163575199470706,2.3319054327444024,1.5075674538069848,565
1.4237073100207738,0.8217518521898677,-1.1206755675459958,-0.9011400512018704,1.0906626495058083,0.2347483784081829,2.0189794786280943,0.4555996155468265,-1.804407722497076,566
-0.035143579404707616,0.6264588164939069,-0.5108248188641186,0.22036754883800364,1.4048765952736866,1.0425415920925094,-1.6073899251663109,1.865673322686523,-1.2949773886349234,567
0.1659181710960416,-1.1866030162179255,0.19698604998941163,-2.2166655160135096,1.6302828963960958,-0.46609040423510983,3.4139322776269174,-1.4145978624383988,1.0155948097511047,568
-1.7091965261833535,-2.040895022479884,0.8829862054617901,-0.3596988359733296,-2.0426287800586422,0.5165570447998351,-6.395408801550566,0.5251558143750978,-0.034181328830489306,569
0.04798272044661219,-1.9017509613201167,2.0001525124929094,-1.0412947614311003,1.670451327271679,0.5154576979248359,2.6746035012912657,-2.428727073277604,0.8940966759537066,570
1.4808862906533322,1.8510836852576729,-1.5117871459689358,1.2907055153121305,1.583823021569131,0.5349706723637695,2.283428453143587,-0.40919394124176534,-0.7717096870583702,571
0.22159801813674082,-0.6317036965819258,1.050281993397764,0.5788091097845559,3.3717999377692878,0.10789969826743621,3.2523099420221397,-0.9624496360894318,-0.6717136568774156,572
0.20078517039165847,0.8197841695933978,-1.6759559708658476,0.27908968505734144,0.7622029887998376,0.1396621276864955,-2.250211593616704,3.4542214237982076,-0.775699349550235,573
-0.14092592389881278,1.7999132799370678,-0.13479985209347917,-1.0337358005622264,0.8727397418179894,-1.695962008377259,-0.6148681522802596,1.257996640115291,1.714164357415557,574
0.8655587656739854,-1.7948271716526785,-0.43172068208941927,0.21809280646166604,-1.8999221983386045,-0.4588990877908779,-4.744723253083012,0.8373958828221445,1.3126881784496485,575
0.8997203730295341,-1.9586378375181765,-0.9687747384090089,-0.47598352432522295,-1.8542418304699626,1.7896989895963833,1.5650218931543012,-0.6774183347262542,-0.5135970504353424,576
0.4187145588757942,-0.6788764260166786,-1.386879470527027,0.8705355430382522,-0.5883549587603518,1.3084741692001631,1.5955975895417227,-0.9141787320159015,-0.7491526548670611,577
0.13285868266724762,1.914748051410606,-0.8067704520025192,-1.7225377425938015,0.3638538781648206,-0.0774827743318861,0.9608402061549983,1.1599263086195308,1.4282342144746913,578
-0.02464906934366358,-2.777036026820601,0.5376701182018967,0.15908652584386626,2.295746448281566,0.18176889538381724,1.2945856322839218,-1.4670959344822159,0.5021391293011044,579
0.19413215200564357,-0.8844312972296364,-1.2885917083775924,-1.5829241627174528,-2.961769431375547,-0.6169324702941189,-4.519358147751992,0.139040159979696,0.8878988189337149,580
-1.2405935848407343,0.45993881571167583,0.02846344841915499,0.032254229060957,1.2882416089519393,0.021729490989722763,-0.644575925740586,1.3811401423736414,-0.25291677271931917,581
-0.6197516566710809,-0.09272056652855287,-0.06302297737989031,-1.592103669637827,-0.969957783806657,0.21588595803559726,-1.6204074134479034,-0.2326398454425065,0.09251130898214224,582
1.3630483212767515,-0.9541764435407504,-0.07172898181100094,0.3054462438603733,1.483338049673722,0.24443534797901806,2.4796242344901946,-1.8236148657824411,0.7698209031577865,583
0.7448110491967598,1.7881388341138673,-1.1169803085905285,-1.0548634298235902,1.0366268621902495,-0.9735258086474549,4.279943547467878,-1.7217291980259288,-0.07949794586859955,584
0.07657993120346739,-0.1324383714583246,0.6291798578745547,0.3877812093623871,2.59262099273732,-1.6290932886306528,3.444256714039797,-1.2085412886278248,0.2777256563345103,585
-0.23880188735057656,-1.721630524027204,-0.8786526806291152,0.6695342435560055,3.4696290803279863,0.33593539139645895,2.7896169048171613,-2.2289622815260035,0.9156646964840696,586
-0.5410554059280798,-0.6122143896509746,0.2820069867560609,1.5229359244837934,-1.440799582601403,-0.296307402785102,-5.704896016408599,1.7409103877686416,0.4048656929636095,587
1.8169458252058674,-0.988019555103772,0.3230416237873795,1.1221588504151059,0.4914945821707596,0.1579626977529609,0.22867015516917938,-0.35190252056164295,-1.1466051963455226,588
0.9737669359390929,0.5939620026406933,0.8629397112422239,-0.09722155873808332,4.124509826480077,-0.14939421360242464,2.025801698010608,-1.8539858846419814,0.4242495529750107,589
0.9738462572598192,3.0773168545163627,-0.7468482589920851,0.2575749708891944,1.2328031215836908,1.9072978364265534,5.823879984391485,-2.2494130277639077,0.28405657052987,590
0.7783255241455084,0.20335951728870727,0.03760944630373803,-2.0304135758161195,3.223539189002278,-0.3442030790233886,3.462170187451836,-1.0926519771006657,0.4436168006413885,591
1.9600075188155925,-0.04131165379587043,0.8042382946826748,0.2516506656796395,-0.4232990762347648,-0.2935379342872174,-1.0237080083923273,0.7606750415890917,-0.1832411107353288,592
-0.4630639442340176,1.4367374744142614,-2.8843243671782015,-0.9270500919253337,0.9997051542915274,0.4667552048385791,0.6826209333548505,0.9750096418742658,-1.6052170156959435,593
-0.3319944588800761,2.207793349513514,-2.009540055171467,0.8861381534941315,-1.1463547805290661,-0.1880362858866683,-1.187358507509724,0.38282390685451784,-1.6123097359794165,594
-0.11640489946110076,-0.36489025253225216,1.66675312854367,-1.91333225014893,-2.1774177872904703,0.30722104429568986,-4.613737319284391,0.34345952543858405,-0.3639115638274786,595
0.7521309491276379,2.9365333475234765,-0.5681722279222957,-1.1726948896596399,-0.7972896391377535,-0.846454491268648,1.1642230908770614,1.057231525634406,0.7516239610463575,596
-1.1920782645758172,1.2232096056493722,1.5931210565100329,-0.9552154704962744,1.4540799652310459,-0.7681413934931884,4.407304785682056,-1.6570578294559222,0.6282594678874105,597
-0.5268960053371092,3.107747834982756,-0.1655353896476764,-0.7786738512970465,-0.4560205458363733,0.7944982907563105,-1.2470054518655485,2.286464233973553,-1.5604195304769135,598
-0.8115535434762642,0.5082122333106931,0.7533844599846924,-0.020239721297646392,0.7288756523157356,0.13378906286510542,2.75196913231699,0.16520667086459562,0.5463317060017513,599
-1.0078023315985045,-0.12308684339306009,-1.116865971932945,0.4931698342388367,-0.495851227168022,2.0863754175513516,0.9154822095861876,0.4457921873039088,1.1497153292266302,600
-0.3962103422811035,1.507572222949951,-3.0711509878990277,-0.6342131936855273,0.9553485871315822,0.7779723634666434,-0.932705938746629,1.8626615114681657,-0.7703260652176505,601
-0.9574868582445993,0.5436595879836108,0.7117343679998122,-0.005936426468805091,2.109291375661824,0.7965943027229403,5.832353090464792,-4.08759756209966,-0.4854481339801763,602
-0.6166726850782285,-3.436979766443589,0.0231430125659436,0.3532230675468552,-0.7663842035698956,-0.3351075453280277,1.6841031873918462,-1.4958791291092615,-0.8954583137194013,603
1.9731246657865393,-0.4638238414969029,-0.836851563487394,1.4297307261923515,3.1512472321513645,0.9639448490796676,0.22677756215078892,2.6154876178571573,-0.20535722387881458,604
0.377033837828013,1.058155377816807,-0.946029826350961,1.0848277401561082,0.6517429846024299,0.46644580083980597,3.4148595784628806,-0.6466759479722508,0.6589353548536838,605
0.30695075011252615,1.0988875903903816,-1.2369989013620628,1.7461537795510573,0.06455439867649937,-0.28491234787746483,1.7526968281685575,0.25646047463950283,0.16548939312256028,606
-0.7977905543208894,1.6438402100080136,1.3460935524432736,-0.490356596524683,1.4894332649637791,-0.5508800432049957,4.819852062253458,-1.964715153114668,-0.42225672172140166,607
-0.04770815667589652,-0.48846461148247233,-0.5826045205661378,0.9278687654752137,0.4329719769909106,1.413774727492927,0.37522687021339635,-0.1409612676289288,-0.41581620987865425,608
-1.056581435577234,-1.7244673093288125,0.4947854353300981,1.1454669865593403,2.4338909700590117,0.13344327904398043,1.031294537526612,-1.4569492828612478,0.7142839761013748,609
-0.15985786583573805,-0.052931938487129404,-0.5896192625604866,1.4985910968357032,3.6644697800874284,-2.0979046842888645,1.0873154326622934,-1.494807149991049,1.5557119779162483,610
0.006638010381105304,0.2998705946927943,0.1400593061162479,-0.020998256334276225,0.3074578500040741,0.3407676757274373,2.150616212530251,-0.9338751812125967,0.264540615736169,611
-1.4446591716832917,-0.34488823278661096,-0.5043199689792308,1.6239434870162683,2.5121204193530318,-1.0580352588581445,1.7637324524774816,-1.789619197550088,0.5291151085637205,612
1.5444420988742655,-0.578701583259458,-0.33578174195413085,0.7119574667172651,0.8646458788450205,-1.1212013268388503,-4.234821635761064,3.3961104808462586,-0.8878557074772063,613
0.5295254443280599,0.7762583243600276,0.8562414122965504,0.39195243160084786,0.4390264049375242,-0.5365572838111947,0.10829566619805793,-0.07659466100863332,-1.6020830094994443,614
-0.342621129847713,-0.08648905915468408,0.916240462969932,-0.5769892665921663,-0.2361346752161102,0.844928641765585,1.8283048934675448,-0.5441310536181098,0.3575758908293014,615
0.4069067258566319,0.9167923419218811,1.7114017557841346,0.9082221265959503,1.0046412739981718,2.473266082762811,0.32594196757253224,1.5370619054247499,1.6004950658110577,616
-1.33678520108368,2.047661775172344,-0.17436412025215542,0.42131979423243604,0.7579030767944004,-0.677113945880534,5.605698498019535,-2.092992841786753,-0.23328856174639337,617
0.634080936752976,3.934851674817397,0.4073971776443704,0.3913177662105359,-0.42955500628414134,-1.8153707896967453,4.762901057148287,-2.2977745700834116,0.2974486052239491,618
-0.6279767328966177,1.095351448604354,0.36262799251452593,-0.3137418348982358,4.898836483319126,1.2934268180208393,0.41554910203711204,2.4874963275290116,0.9873207116256772,619
0.3028832767193024,0.3814538621435398,0.39844804551200075,-0.7657453187062563,0.0007743704354002956,0.24540406120581154,-0.5442049997502423,1.472391887644657,-0.6572117082110901,620
-0.4201229772718935,-0.5795711582104839,-2.078528943200621,1.7063797807824088,2.674560006542092,-0.5993444805665006,2.350126708314212,-2.2408344028967244,-0.415227229260821,621
-2.1648858089120564,-3.5800334663790356,-1.609772700335389,-1.2166430955406744,1.2071620288054756,-0.4183194199414601,2.1191345892757876,-2.0856703090644793,-0.5630141949126682,622
-2.197913445574011,-0.5162033906054349,-0.8825604114455291,-1.1945375070362523,-0.5661089437152733,-0.047497445454862945,0.3390510296736501,0.8787083000404354,-0.6031475670136944,623
0.2617304381938836,-1.9056285772886126,-1.3224044807028261,2.2793128348480223,-2.499170318419065,0.3185063986013747,-8.102613787399028,0.8311490860052946,1.0646588504081422,624
-0.2875581101511349,1.4581690334337103,-1.030405737227558,-1.101483756976957,0.4663115279140899,-1.1885354539611006,2.9722253039983957,-0.7294279652966751,-0.6039798866072239,625
-0.1936273596236468,0.6813526038063027,0.9644174581203495,0.20998819408049657,2.161606262980002,-0.14323554191355994,1.7011037120241068,-0.6886250159244981,1.1800193126959724,626
-1.2809774344385265,-2.3246946181432175,-1.0041124247584468,-2.028273040578791,-0.19404169714590713,0.6328186361090995,0.9226664069720233,-0.8923254026906451,-0.33069614544277387,627
-0.987702687655587,-0.5342129330987808,-4.019121156763875,-0.6102823114778584,0.735707851897917,-0.945468708176232,0.5622490873749664,-0.303556888569844,-0.21811946065081583,628
-1.2192863858260627,2.025960298951574,-0.8018621768380816,-0.8706210231258847,1.462913094566622,0.061086172598312574,-0.47909669219650197,1.2813268221039862,0.6500889080816444,629
0.5140481406864676,1.9835577181693957,1.550630593257668,1.544984795382366,1.023027649132663,-1.1412362168447279,1.8489892372083192,-0.06872983499056207,-0.30867740967478285,630
0.07152204427778029,1.7548329256114537,-0.6863442866489757,-0.005622584426260658,0.26087300510709066,0.7821156049763861,4.202432884159357,-0.618062885401986,0.10567472528083996,631
-0.12399297370756884,0.6460853607622102,-0.7296043637016657,0.8072610563356423,0.725049940299656,0.9424092950341348,2.0884314366552728,0.011864590216369097,-1.7152852174529993,632
2.1960895592968157,0.863896043515522,-1.0347697780535663,0.44193368708851755,-1.2891773153171942,-0.3184817988704806,-2.2895391279286246,0.9396504326844408,-1.7062608199696396,633
-0.16609776301710188,1.1362995050826652,1.1650994130651908,0.7842615695024255,0.20697352656074086,-0.28593314473347575,4.450900358659746,-2.5274409584956503,-0.04470281574178449,634
-1.132279129544896,-1.4087386950542007,-1.3462761232318592,-0.5724175857800456,1.930720200105254,0.05985296137968417,2.0042633540349737,-2.007284102090644,0.7239119667589865,635
-0.742279685508737,0.3651618409812154,0.7445896031071664,0.03690533855301417,0.3957066592382156,-0.12044699536116532,4.904527284656851,-3.7334026984324318,1.4889450601163348,636
0.3026276315298145,-0.3659341414447821,0.8280104061634723,-0.5014694233584738,0.743525887901626,0.7015384583583996,-3.519582590085094,3.0713699860050805,-0.23893182145712105,637
1.8510541768497661,2.7505640356277805,-0.2617009938158365,-0.8552063823110898,1.4843383174499845,-0.17168507736928265,1.0522483345134648,0.43255694887972984,1.5984264553578396,638
1.1827134318744033,1.3876299453143819,-1.1577492458637992,1.2933001091062284,-1.137050344353618,0.14930524122544148,-2.558687612927525,1.8806466104433253,-1.0241826404477345,639
0.3291192134172946,0.9461711876762031,-2.718973238006895,0.5218483720258803,-0.8469611213785596,0.07161839271028002,-3.737265146209445,2.1601664894203276,0.834262757889537,640
-0.328440737328814,1.9129467395085642,-0.13589138552518037,0.8645719724972687,-0.28471276634144427,0.14849780662791137,0.34191193239084394,1.3485290878847063,-1.0567856331498822,641
1.290548225767958,1.2398913016072282,0.8651565501202622,-0.14593743611330154,1.539798687406457,-0.48899228957847524,1.4013133650425598,0.48739687727408176,-2.139114124430851,642
1.6544802739196436,2.360783475832648,0.5090283540679753,-0.5491907692968236,-1.0760488926713234,1.153894134538491,-2.224612490578244,0.6429346142433855,-0.4923187949790351,643
0.6106802242124623,-0.1926987848027969,0.34819685301797904,-1.207604507566461,-0.1229568943734014,1.9057882343626686,1.1731322158281003,-0.5607235129670773,0.8621113790337348,644
0.4236457885331881,-0.3900079429766026,-0.5632976675458828,-0.4560742727116305,0.11074939836703901,0.4142752175136015,1.9014765655124777,-1.0159760604173118,-0.03288569920279419,645
-0.7731909684866285,1.435502456990125,0.0877150093177639,-1.2516035924647442,1.329024974937317,0.17538612453994687,-5.052771069606856,3.516093236389713,-0.7940622570360218,646
0.7102985786210347,3.466084162503973,-0.028168270152338536,0.27447580157780926,-1.3303540645333491,-0.6799362542946168,-1.0800000665790819,1.5035557223706943,-1.195954340055588,647
0.43488634036358464,0.1634490948689289,0.8349173474267537,1.3897925797618274,2.4425950933974985,-1.348447749031108,1.0714504132644362,-0.9157977073038411,0.9775821467761894,648
-1.043243409174384,1.0223388235192823,-0.324402919948115,0.043855097699741864,1.6589131911585595,-0.26447378409691047,3.151646674551829,-0.33683675004552205,-0.8866121875254491,649
0.008873458852412548,-0.2957269089272665,1.7572742170721443,0.23648694614658164,4.047182900418969,-0.816042000988651,4.767767842580029,-2.017678673651609,0.16838302778308764,650
0.060787683319983375,0.5740967927010682,0.35321918183079504,0.7669879313800368,-1.8373895250080499,0.5403840477736647,-2.436358632562292,0.6325819027978814,1.3373939949136822,651
-0.21087275318943097,-0.42620407370749525,-0.36696159452816834,-0.4878711748161698,2.9101520222167903,-0.32097516939919124,3.8879377211394406,-1.7490795944164714,-1.5489796616692089,652
-0.5218957376082406,3.6437438158855047,1.0866608278509824,-0.9125400174205731,1.1261596179816875,-1.180009087347353,5.3252594243049645,-2.3618153646414815,1.2091198099505955,653
-1.5535572229478418,0.2635965134903997,0.48667668606921916,0.2567472610395303,2.113936881045708,0.6008689137235076,4.729876648626375,-1.5182429678099356,-0.45088711147920785,654
-0.11256052914617856,-0.9337609899865892,1.0525504945983397,-0.25470594087176274,1.0824585340491133,0.41334628868820267,-0.6702450928482908,-0.125928823227328,1.337422041572723,655
-0.6897875447291053,0.1514885576224676,-1.3682492449810157,-1.7549301931162484,1.473983505997571,0.4877154261986817,1.2963294046272507,-1.0802089491131437,0.3843677165168059,656
1.037716615671117,-2.0835727249632474,-0.5799359157154906,-0.11398018998202876,1.222773622457395,-0.015742148532632987,1.2580668333022493,-1.596327049334229,-0.3355558931513027,657
0.7814746188612576,-0.4734689050089629,0.8331604940258077,-0.3626619713560788,1.7364896835233152,0.9283449745581417,0.9130964993548396,-1.0348859923804403,-1.0680638475628392,658
-0.37759658026846044,-1.4963413788766968,1.265799084366345,1.98268492160917,0.4663325710527293,-1.0234837863686934,1.3825251924340463,-1.1898703789662135,-0.014979205429377819,659
1.1954527117529803,-1.2010665994408183,-1.5538930044475427,-0.5289225023853102,-0.31815233447999014,1.5665091267059081,0.35419444124444954,1.387248863103885,-1.01437495598195,660
0.2905675855886578,1.7922618672248571,0.7395452071959393,0.1949295738109782,1.990444710086785,-0.03994211358386429,-2.1539564353828675,2.5826734462362206,-0.4699825733300084,661
-0.9952966937905094,0.7420519469262048,2.3391289515689104,0.03249986288786191,0.3989245331035213,-0.33408815877533443,3.7945947485429645,-1.2426781977972494,1.0611942762765827,662
0.742890329541174,1.0736051314469104,-0.9303115711456651,-0.24760714791784602,0.04896295398630157,1.6577405500269589,1.4006759129004438,1.1423170759907175,1.5082349315811752,663
-1.3059999057352296,2.254702242598257,0.01930752922613046,0.9996770969070387,1.248237571842137,-1.1811304632386497,5.755332652015723,-1.6195726172554428,0.4985301921556723,664
-1.0986549631220837,0.997265884774769,-1.7171766698622837,-0.40375536717902655,1.2541949599855913,-1.236662966685065,0.05434303562173831,1.0974017952436166,-0.2920753016065431,665
-0.24913924623956143,1.002883234456785,-0.8013912702625892,0.6780199154669927,-0.3396770375840946,-0.9472030111595046,-0.20121599792402078,1.586893826364281,-1.3477869752125091,666
2.0905299019716126,1.2357145849889717,0.8222321820393413,0.6238959430765768,0.24724623124368017,-0.013332847036461874,2.1390822603564055,0.062423553788426456,0.9733659524856145,667
-0.8071133415620749,1.2042139547742348,0.2774532576559205,0.18016214656648327,3.6129722956774377,0.1535485542601713,1.813228301165727,0.5349378321645544,0.5451694612222437,668
-0.2797152893203726,0.04802163649030455,1.861257373980529,-0.14162098301052742,0.06824887667574053,-0.9462756317300305,-0.9753923945586808,1.8142480444736617,-1.705635950162387,669
-0.38368425507628,0.6414939892189605,0.5800728940775537,-0.4649261744158378,0.8719307179670532,0.09130117105966842,0.6028748748102344,1.1930860004690687,0.6960654170770493,670
-0.4737720477692401,1.7508965465397521,0.13373192659534713,0.6778741863753364,0.2513626583219284,-1.8993111708452337,1.4850582201887512,0.7322903293235785,1.6380555983709402,671
-0.61177365396552,-0.6414159694809509,-1.4495235207054613,0.5071657592155541,2.208430074927759,-1.4793077461833894,1.7523661024130033,-1.5110475615001584,-0.48214261100469924,672
0.11463787455269113,-1.62550587301129,-0.27549815167471897,0.958391951617114,-2.460588711634629,1.1175807322456255,-6.741285771936641,-0.5221514165916048,0.5981552474647063,673
-0.21309040193366116,0.7372136514316414,-1.0941353992037057,0.11762398407484267,3.253912553092366,-0.22431846489054252,4.118254866050283,-1.005515478600225,-0.13746376973901273,674
0.26723195084876283,1.753862817129373,0.128628690654427,0.3738371450016698,1.311593767004679,-0.34566637467600275,1.9029953190656215,0.31748127994314124,-0.5520436151630664,675
-0.7963744750895091,-0.020110503034821647,0.6596522987772498,-0.11922435626590437,1.2516003196940533,-0.4227988546098636,-2.835130752717244,2.5526290652361183,0.08270000363857032,676
-0.34339547472429444,-3.8048736827465643,0.4466405016553858,0.772748337704709,0.20289323713176965,-1.7886602576326742,3.241205900120863,-2.7556688713105038,0.9276649113725367,677
0.21081507795919088,0.31931533458411976,-0.7295630157376162,0.4768135950246047,-0.508812959908137,-1.7768256615760247,2.917135449177704,-0.7092783560961045,0.08134888334676436,678
-0.5131843809238639,3.7386948766870636,-0.5179653844944841,0.9939277907946352,-0.8516285310972935,-0.45502283927230186,0.8607615275747813,1.446581363351919,0.4303448381710576,679
0.5388169281811231,0.1870211369421665,0.6596997699307984,-0.15703669059262965,0.7282828100882328,-1.0731785094754698,2.3422133727477608,0.22354079069941768,-0.5047194101871159,680
0.15052320556869597,-1.6143352562339763,1.232409097246681,1.757071341531166,2.35834867003494,0.5484478486844262,2.1183531814794545,-1.806500102434007,0.3924377040762278,681
-0.5428675947525371,0.25129321279815864,-0.35639700732060503,0.5460731718082676,-0.533156776627245,1.4653547075286175,-0.36377043219650024,0.42501235641305435,0.9139404693229914,682
1.239733307978622,1.8578602017567722,-0.34475201767868985,0.8739744760317137,1.792723766884549,-1.7168575228553693,2.0134336563434116,1.8090698650592074,0.6349129212136558,683
0.6589541347810364,1.9027706171455212,-0.4463320787671849,-1.1187661628138466,0.5352566566750554,0.37140403442303077,1.6203741699536103,0.260595900317373,0.7916542060935255,684
0.2685105257470888,0.6871084104791845,0.5693391729252982,-0.891654787340781,-0.9834596192795352,0.05267220981521858,-2.7914094016873494,1.267910485077132,-0.6010101206318919,685
-0.4411251991961077,-3.290090701952197,-1.5040309901488447,0.23954772086923143,0.8428024559392331,-0.7035239816671137,1.1668611719031872,-1.4658620810309309,0.6653567876449542,686
1.714554147761008,2.2264832539361294,1.1392713991971015,-0.7307167800986489,-0.6563487589109184,-0.47444699149447894,-1.5085679338786557,2.064237786190203,-0.2697397245750924,687
-1.3943556666692327,1.707963988634932,0.9917503454465558,1.5538005010876805,1.8098997250087592,0.17907053145719495,1.8564531541215068,-0.02643241744128577,1.0909666745194195,688
-1.5808434575424193,-0.9087966358669789,-0.8906003988521356,0.6513459774516481,1.5540902513977803,-0.45882107267510414,0.971000837372389,-1.3546912512193392,0.8964247219074125,689
-0.3620005389905039,1.4920817529334638,1.2456183122182143,2.7169530343388417,0.8939649044858899,0.46639774924761235,1.889335446942079,1.0126671952545716,0.46993623307939514,690
1.967174962803145,-0.1579545247667269,0.024820554624797233,-1.5212596396782603,1.233521636858189,-0.016269760909662485,2.9137664923796582,-2.1564718167049652,-0.7132048029780337,691
-1.0055200145152972,0.7385613824179824,-0.9762464514545354,-0.6973091506990274,1.4322144083266217,-0.2970572078727425,-0.6688371869139279,1.6027631672079858,-1.6095209830809794,692
-0.15165367203420402,3.1586251866005455,-1.1669881821406638,1.191998915532283,1.453854016503123,1.2068993489717312,2.4046543134754845,0.19514685801043208,0.6459120154192018,693
-1.2980084860916576,2.2892032244574896,-1.2500886750939233,0.44092170941588715,1.0859921453162202,-1.6121135315254396,5.451722787725192,-2.645477464171656,-0.7125990819117928,694
-1.4696183040062905,-0.6115654017718712,0.3823303277998872,-0.8598254707878951,-1.1676373919086172,1.1073181865159336,-3.838227838597843,1.665085962271295,-0.9945592463314714,695
1.5383304390525525,1.9241886776585997,0.4805186781082244,-0.691931322338641,1.8190791385503178,2.3210039960618047,-2.6387667690217715,2.8212828023060714,1.183920483851373,696
2.5074952378588335,0.8844951965716886,1.7396974071200668,-0.44555190351192697,0.8943986131608596,-1.9812436205537804,0.42141442403871915,1.103642107774989,-0.75848159912481,697
1.2123681179019035,1.961199543419562,0.09427929361427935,0.292951833518835,1.1186444485153546,-1.0363648841320956,-2.1919992605963086,2.4607277723311816,0.14001448687561519,698
1.3882009388541614,1.4973384921806348,0.7243545112656794,1.0001293357539816,0.7186811546593221,0.061156459935711685,1.7071435338469083,-0.029020176360282424,-0.15554946862932667,699
0.7526995710756373,0.7429717737819725,0.03752326159319303,-0.036376623659504295,0.9622142291715411,0.6068298722825746,2.1588605095378886,0.09663674802026967,-0.8235226168569771,700
1.1603481809669742,1.1222982870765583,0.31978999455603274,0.9480843874360897,0.723260200221526,-1.4435570341837254,-2.4528371831732434,2.2959958773315665,-1.5202660808946518,701
-0.12958111109198214,2.2648757802500485,1.6345516920769652,-0.5627969307520316,-1.6658712398622726,-0.3337012446890455,-1.9305331396938656,1.114615518488552,-0.669059483965718,702
0.6849349394011915,1.5174518231777092,-0.5925982839474283,-0.9967184101416474,2.386090747783779,1.1207586339390962,3.8535539733496025,-2.0780445871486153,-1.0454545078799107,703
0.24475032668477395,2.2091836354023657,-0.41688528005251446,1.0374611035089725,2.105727951559035,0.08369939861550929,-1.1908438966695878,1.8847560203767264,1.1903363406093688,704
0.35697009739526736,-0.4787743358360592,-0.0503999505990221,-0.5842950296804812,-1.4590519515066775,2.323266984454728,-3.9524407850382715,0.0028557232152265355,-0.03688895306890407,705
-1.1364499386607045,2.2833160785375064,-1.2421790697284936,0.03438182225793511,1.8299399923880455,-0.3248836219917387,1.620330504092597,0.8318121174672981,-1.5955672462222277,706
0.6200049889007524,-3.3749971276225965,-0.8772495699787377,-1.2025685442481686,2.276964452510017,-1.0563434720992264,1.874221807436567,-2.4123039501800694,0.9053650058030519,707
0.2563995592438384,-2.3331307752437604,-0.31554006289635816,0.40607158196005083,1.1007116192733586,0.8959972104136343,1.9029250197800638,-1.6320885786260733,-1.6174897792415734,708
-0.2929546157635447,0.7626591277043187,-2.6191522050533393,0.08595738801721546,1.0414324054322615,-1.2905227272912905,1.5653571828804331,1.060074605517396,0.8262494226728235,709
0.24311334828371575,0.9830320009677809,-0.26950808672585086,-0.7945458080713664,-1.3515544406648314,0.06914981613654678,-1.874415163541759,1.1906875448838652,0.24521217346835436,710
1.5040676045201982,-0.30604465944044135,-0.48865539661173335,0.05083852660983912,3.0483637203509377,-0.2658552954468585,2.4116908440790072,-2.3637800860488642,1.128832746943447,711
0.0025023003171226327,-0.22858813191058247,1.8090667486444099,0.8952052350186248,-0.256571359786252,-0.10868771658665245,-0.5704157957311791,1.6255595575249129,3.2401391486368074,712
-0.21765189078506733,0.3811197856537797,-0.5532785728680706,1.8359124002008285,-0.6048799731563215,-1.2323575043213433,3.582423164405878,-0.9555298851740195,0.670957572095812,713
-0.6538033597937242,0.1159016340875989,-0.3709455018546204,0.15643586735931037,5.943272189880148,0.5331036100347484,4.872594963842044,-2.2671972776448617,0.034862176111455326,714
0.19163196206738903,0.8573976963774403,1.1985326271211874,-0.5580863501366736,1.0784085241602932,0.7980598733523421,1.234636592937219,0.5892600820793275,-0.44466906769890485,715
0.987075402909285,-2.319259666910388,-1.5983131847898309,-1.7146419404673492,0.10333330852154177,-0.1719742058854229,2.778241285160638,-2.0054192731049647,-1.9053856678929664,716
-0.8374680161265329,-1.1127336729738886,-1.167651782116426,-1.2221760651510125,0.4649945943056415,0.009140675822632775,-5.388421355773571,4.3811510371601905,0.9899490399685423,717
1.8030378628943522,-0.020913828196494455,-1.4933177252684207,0.5216746491717466,2.0784877016809937,0.056687477298438156,1.2405741369609942,-1.0866851236365853,-1.8420311772390687,718
-0.1788746048480557,1.0884840208086568,-0.9706677673827739,-0.7432363667780943,-0.7455157439982047,0.26026272991097116,3.6205475026785083,-0.6028969200222148,0.7873580466943357,719
-1.1321228304276592,-1.060068172984391,0.1728423106163546,0.654023974231481,-1.6127508435089992,0.46601823001338427,-3.6102466147949035,0.5280022261856208,-0.7176622759721215,720
0.43777146130347266,-1.4432689864800525,-0.2440473728804066,-0.4518919692228427,0.011686716110672069,0.5022100457070081,1.6398176962961084,-1.1035116299832057,-0.39502186443836856,721
-0.2254039937388813,1.2734261567626524,0.07424958225086495,0.00011464377035957834,-1.35912502044404,-2.444332480542263,3.9063420859957887,-2.843077992031609,0.9968162895388204,722
0.23111327104951215,-1.0323874619702302,-0.6706762364050985,-0.3521362158210425,1.2683553249334576,-1.2447227969187662,0.2323676806380845,-0.7087022382043107,-0.10226574498399037,723
-1.6382959142023932,1.4014237270705905,-1.649915392027754,-0.5327575394612195,1.6651378195823914,-0.8572519004509404,3.5733283061886345,-1.2287547656999813,-1.0040408610202272,724
-0.29637189375324985,-1.6551393359781217,0.5675933646089623,0.5098759829067596,1.265329649372192,-0.3642404820512782,-0.6346157938294625,-0.23180780249476052,-0.095408181766648,725
-0.8537208192156075,0.13747789034526048,-1.0676417633325754,0.3095319303042382,-1.2213515167259303,-0.9777822446797456,-2.3753449316202087,0.04611167678192485,-0.4561256934946034,726
-0.18019118966390044,1.058422188664633,1.6986881537835914,-0.6769702910612971,-1.6328326954825703,-0.4145461142877869,4.337324890921055,-1.6999520976464901,0.0917583267555199,727
-1.5080143726328283,-0.5279326242683451,0.9928774681886875,0.7810789812152732,-2.0520881450237116,0.450997370432614,-6.322801826655152,0.9162764812766022,-1.600625843183379,728
0.9916471684145696,0.47985085514856496,-0.359498776645418,-2.263146790755144,0.37424442955982506,1.193103673332268,1.004229152018993,0.7045043476216726,-0.4673860752954615,729
-0.11723958943602521,2.0469373657591556,0.7333482326890381,-0.5282140148497824,1.1143917296175234,-0.7239081891542735,5.216110152619182,-1.4577891280952735,-0.9798657956974325,730
-0.22787312899556308,0.44065505069808997,0.2819551981854992,-0.39047499694389004,1.713996259884473,-1.4297306562360077,-0.09548473071895386,-0.2790906173297897,-0.9621435288593144,731
0.5345436134561904,1.040816756264046,0.6625625498799194,0.7616721862950018,1.074510805066391,0.1413051241048105,0.5748389384130176,0.5546654791959843,-0.03927330695157529,732
1.363556544275729,-0.7252386094034684,-0.956998485340265,-0.17684586429168253,5.20193952900707,0.1928215503619328,5.9384278361611775,-2.804991007349414,-0.5814625592604257,733
-0.1814742023560683,-1.7124934183369112,1.0777374176922063,-0.3103239158053969,0.03459099219020423,0.6336620212924092,2.0701120214431303,-1.545223922480099,0.2673544374262525,734
-0.6238365173627743,-0.4761381774579194,-0.7075778910185139,-0.3579668887533979,2.7898534011182408,0.2686679251038352,1.867301141646938,-1.8615238566514885,0.8841243210313999,735
0.910251681532861,1.0552101894361647,-0.4221291640727909,0.003504831668618977,-1.0390506893965246,-0.5403716202650091,-3.4821921667820837,1.02727225629051,-0.3153541780306752,736
-1.1671842538476618,-1.3642315206243363,0.09260800122649453,0.041562792633555126,1.4915857493381202,-0.28437585908066076,-0.008884077302680178,-0.6270673032521852,-0.011212988182289848,737
1.1116221515087088,1.7438016854042733,0.35140666884228294,-0.050169267633882464,0.5507634152305034,-0.47007149958870037,1.008898605284861,0.32498397645186705,-0.455460383846209,738
-0.7163479391359003,-0.969925057439579,1.233391932409381,0.9179431915621112,-1.513176412480151,2.2432439632303542,-2.4107633881018997,-0.5882265860172953,-0.9580219076852879,739
-0.3734530559804402,-0.0784247712901035,0.7907440072398346,-0.7525221145818455,0.7272961308547299,-1.952433108205158,-0.01543299628367148,0.2438474535991333,0.7661775976212185,740
1.541972347838634,0.21884372075915504,-1.2933455163348306,-0.0771647752112645,-1.6045114764550366,-1.3860485405855727,-2.7348539928899904,0.17712823637669528,-0.76367463600217,741
0.5192603543577117,-0.8557197849925793,-0.6138692230737175,-0.146976982047137,-1.626275308275636,0.3788837878028363,-4.604799997241634,0.0841841278002039,0.009524157933607714,742
-2.493470513485736,-0.8118488491353393,-0.03841580930193807,-0.40349793294423086,-2.3227860402367684,0.25014444773255406,-5.7045633298454375,0.8120251109019738,1.4992765840168665,743
1.4279519022530862,-1.7626636571437588,0.47625276008722073,1.0134019309650404,-1.3339381887078243,1.5224389097565452,-5.574056628328033,1.0666170494777925,-0.2996527756648127,744
1.5561044375270834,2.800760380397752,0.24673045108693178,-1.307955749963377,-0.467626532597179,0.39696829132504247,-0.17293426877059861,0.9773556179992952,-0.48317329492491273,745
-0.9158118041755245,-0.5861883743495331,0.2610399825869071,0.030467406804004175,0.20263986390045274,0.37296933720957415,1.8086317036229886,0.7975795118564992,-0.14028650834818324,746
-1.3775763800646668,1.440137983935676,1.7001349103999372,-0.733543163097348,1.0073616801450247,1.7396652519704507,1.2852988355855826,0.45809908887898965,0.8766874758750992,747
-0.2959717932122608,4.656437581041337,0.6342839331822381,-1.3069012289487179,0.505531486510417,0.028135512201254837,4.576250107903401,1.1660583266411941,-1.6432010798565861,748
0.21195802700156335,2.7250502322183023,-0.6982203212215795,-0.8936535102956071,-0.8085954313809688,1.2506586429382711,-2.4804442768434134,1.3931062069762317,-0.1707758322020781,749
-1.5793719075375354,-1.1383685995883805,1.6860125838610311,0.5264618134118679,-0.6972665213140103,-0.3815835486484203,1.7224126411348495,-1.2959445836080472,1.9766103338806056,750
-2.0129080438933564,1.9200378133805835,0.13281753341626526,0.044802456387939664,-0.16091582763281487,-0.5228525870362869,-0.3816709529226419,1.4469494503759783,0.18347311871156718,751
2.845877450289003,-2.7274563992612615,1.0998832735534692,0.40447532285054083,2.312431873528081,-0.09417478472929892,1.2152745362162467,-1.8366135250604247,-1.6702940057558509,752
-0.2730490825151575,3.2036241588585166,-2.730117814770566,-0.23665190536331263,1.2299058409971841,0.07535519985566355,6.549597148601509,-4.080245984804993,0.8333030533402974,753
-0.7513885026828745,2.1796205005165064,1.0437133532761307,-1.6711873328966327,-0.9568015446675231,0.12156748771264907,-1.5197225253361313,0.9442957746788034,0.41998874522080465,754
0.5665024550552186,-1.2716875788373965,-0.3076894365069016,-1.4267123057666307,0.8805311499649386,-0.15504865885163163,0.8967978820644316,-0.7467750106143943,0.6207117531051783,755
0.22495084443915328,1.7197130581392828,-0.5714506046542517,0.1933043981059928,-0.37690866228025777,0.9661713059476548,-1.2248573944734718,1.995753461650268,0.8277131735827529,756
0.10798551668603056,-2.1604754734682636,1.0893393093166917,0.7999272995299169,-1.829943287517838,-0.5894473186396927,-7.320114374032727,0.23970797847588454,-0.18720136910847632,757
-0.27761869913651793,-0.5137552533581919,0.03527219264530364,-0.2238872553562106,-0.3447430256806667,-0.7271974485930746,0.665840473156375,-0.216414192715076,0.30552396622662004,758
0.04376152843993516,1.3000995655897611,-1.0266937580742832,1.176448825366272,-0.15957188678162437,-0.17175804735996186,-0.1567891215273398,0.9067889663625878,-0.7629406833321151,759
0.7983132369011378,0.4456588219857205,-0.23603757155354116,0.3114420846290003,1.6664297398197214,-0.021526145688816417,4.273325771169965,-1.9847143426129454,-0.6847161543480678,760
-0.4853670441109201,2.0216878122511366,-0.29333986463873724,1.9092970506264633,-1.6595603580201366,-0.4453477949965509,-1.2724017948942674,0.7000822131084996,0.42880071777425993,761
2.036347514656217,-0.15681618569303357,0.7535307511006826,-0.7875514689632215,1.4977112739775724,-0.6986969352588083,0.056236399586326244,-0.17110562691705378,0.759375499389452,762
-0.05926802260034109,1.42235522669247,-2.9893930211632136,1.2179271419745152,1.4063668082956495,-1.0898435850204755,0.9021350551315122,0.928699851050647,-0.24096058285591823,763
-0.2761054479357566,1.428819890670472,1.3647647548555963,-1.069443986395557,1.0401754315516023,-0.3943916269381333,3.516384568759719,-1.3292380167980018,1.2299774604644524,764
2.4273733843796843,0.9217296119336784,1.0790857713471862,-0.4586002861898597,2.4685926412778896,0.04694216544975854,2.3388303323449886,-1.7216911554841738,-0.15952204806612233,765
0.0004720347890848933,-1.50097300072362,-0.18974350395406103,0.4883647602144977,2.0536209336292806,-0.808101645525708,2.5113074390408685,-2.3048317769027777,0.37702683303032763,766
-0.8927279710372812,2.0455912976325696,0.4363281949032192,0.4142344193015289,2.9644230943657566,-0.3599331714808636,5.0513878096178235,-2.1921244427596216,-1.0001675514487454,767
2.1376116293792236,0.5300470852327733,-0.6925348843550028,-0.1838305803201219,-1.6242785350635192,-1.192041544161932,-2.5030203913568907,0.3932123517349896,1.682284096123216,768
-0.03260376040084858,-2.07579634175021,-1.1136866219055395,0.7279413890322501,1.0466669754004565,-0.4777894040635778,2.3088378427678795,-1.929980674872489,-1.0760066377147948,769
0.6538332230623791,1.0888629111763677,-0.23476535143881708,0.2632459217265814,1.1086750659347715,0.3913375808446224,-0.26872451875803727,1.8350639270877398,0.29969555555109145,770
-0.6886180485624596,-0.4301947660091081,0.7889701250469207,0.6822210809128295,-1.994761807821552,-1.8115918203349892,-4.181826007094321,0.8229875272059748,0.38842289431286475,771
0.48033504695347634,0.5193544907269603,-0.28092662420777387,-0.06656154854445688,0.8906194096224259,-0.16123525467926955,1.0443343721139184,1.2968317502778277,-0.32489481464022496,772
0.0039834816240835865,-1.4275299417148402,0.6061518715353611,1.4623741514234287,-1.7929103956959758,-0.394124470557792,-4.8598299033101,0.3757213462149327,1.843316046125959,773
0.375374624448005,-2.1425417153832345,-1.2491706196468906,-0.052010780817045285,0.9619067453292387,-0.3496302762267224,1.2191605304626414,-1.544069678015313,0.4331741859848042,774
-0.518867167953021,-0.4551732870892242,0.8063601006208263,-1.5778064052596468,1.1273829054107831,-0.6445147191595499,-0.28514597806344694,-0.17234928002094663,-0.7440398410318515,775
0.9521602235241249,0.770464019458624,0.6282947190876064,0.6705989393347973,0.6579071339160147,0.9651341243644523,2.663212740015619,-1.3529430148983053,0.5878038540094718,776
0.7725418190513192,-0.08279502411022688,0.37526944904329784,0.7870334719498472,1.5419476641095584,1.7184534155694289,0.6698176993867297,-0.7303110095249632,-1.4885939779624031,777
-0.9189691210547781,0.4188287568953317,0.6473326855134786,-0.5776142178649032,0.1041016737450331,-1.6278859389552167,-0.1462243124159173,1.095041243684764,1.3009415130316988,778
0.27587400637514864,-0.719167249340851,1.2713334395850988,0.4682376096968881,-0.746522800500725,0.11545346562286796,-2.6631464421650635,-0.10340752022921285,-0.8722998220605083,779
1.8978680757991242,1.5875844658345528,1.566703721444044,0.40615883013056386,-1.4066181039128458,0.46730270129488166,0.3240485605475043,1.4194336237247849,-1.4055189311177638,780
-0.48535131078557103,0.52048889494337,-0.2516894907690534,0.16249851024908865,2.1200485278085015,0.2684125798529064,2.208557993967946,-1.0696520661819457,-0.0076678020480680726,781
0.8794671868111368,2.444791463745769,1.9997558319580198,0.32668946534170584,-0.3061184229377589,-1.0543801952454162,-0.8334570379235732,1.883372807682763,1.1528880451287398,782
1.8338038593637813,0.5669364932513206,-0.6876846207632886,2.380991489339341,2.831622334647663,-1.9748950310694,7.497423520676544,-3.3433738888473683,-0.4125260725372831,783
-0.711306679998877,4.062525067987249,1.7301718049856214,-1.2967326974200395,-0.5863711882407299,1.422560328842514,2.5473114949993727,1.0417254723542355,2.2079986533309683,784
-1.6053830270598055,1.8252126525095427,1.2932370523496068,-0.866336617187862,1.2638553371098593,0.5574705280918698,5.685622046922409,-2.2655644623608255,-0.16290915628598213,785
0.9149082035567687,0.11485458221162148,-1.138854967307,0.31097634501422283,0.4047505894169724,0.47438303898169265,-0.7909136306883104,0.5264332622637153,-1.3066080266531346,786
-0.022597833044902496,1.2426198255293701,0.989799345927511,-0.21873801295081943,0.3563889975102228,-0.8313061316402847,-1.3900001780756157,2.3591856177366344,-0.032481349941885077,787
0.7042530950209204,-0.5991753618737072,0.30985994436768094,-0.505109415411509,0.18176375372377696,1.634608848829265,0.21376685765137202,-0.214430011720656,0.014320402204858768,788
1.6403972809330398,0.5378166019967985,-1.1815231616646271,0.7295193509862021,1.3877869473132731,1.4512546569546128,-2.7468096729477662,3.044738156017705,-0.510120739478876,789
0.5580396715190163,0.7731078711819805,-1.8873369514350844,0.8727594562340973,-2.257702149999772,-0.023555400220754228,-1.9286525633735032,-0.49361804083336414,-0.793167058876348,790
0.5665119294411894,0.01809239271195373,0.0907909029671071,0.2705977161156537,-0.750170526243195,-1.7179573137198072,-0.02138485264315431,0.07181089518501427,-1.9206888668853224,791
0.02511408402601105,-0.20056105740322971,0.5748423257703992,-0.5864120768279117,-0.5107943644863044,0.5324337287103161,-3.7473698927556414,1.720353110103796,0.6029000452481538,792
-0.13110690962450014,-0.9063033582822756,1.593523998609482,0.18167787215559458,-0.585130674899969,0.6405066819570927,1.151678357095445,-0.5271617586493859,-0.007240398594146747,793
-0.798472511187592,0.4245174536911689,-1.8122947792484574,-1.2012768987579148,1.4804137530993806,-2.173351079895689,-1.9972245966023632,1.0795459186924923,-0.7210725979957165,794
2.4635569321322595,1.4602469400912967,-0.10890649513833205,-2.4943540007227973,-1.2682377560256073,0.9511163073023188,-1.179027590442103,0.16947375606024495,-0.7405637783370573,795
1.4746311275151218,-0.9216541318740149,-1.9070238860698252,-0.23223546132350345,0.9889600431123723,-0.03757959144892407,2.182417896264902,-1.8641831267804387,1.968244455161773,796
0.6073670857057871,-2.2451754423929096,0.7147435391677069,0.34008941146390376,-1.934087943449655,-0.7754155363065609,-5.913521100085533,-0.32776556034679194,-1.457776087797201,797
-0.786806656896385,1.4677671783832316,-0.784496072389535,0.2890220506054031,0.2800651905780217,1.7992510456861954,1.8050138722725155,0.07216808007107711,0.29556060178674576,798
0.711045304397363,1.6283073161253048,0.9909581870356614,0.7027256732712895,0.6717991683675959,-0.3020310227827632,3.855971732950756,-1.0097235141888303,1.2094944936447791,799
-2.3576918940430898,0.5733799498645167,-1.2133700702479149,0.3785021489175206,0.9335479325780174,-0.7375559646469723,2.0361538008853675,0.006284410768800264,1.4696805972037168,800
-0.44382347969133185,-1.5026760288770333,-1.5644539866239684,0.24893210596026677,-2.200812270602925,-1.1349904677611198,-5.823114212506862,0.8715472702756518,0.09192603700722622,801
0.7409046330511269,1.6686385565207513,0.9847346857512053,0.6812343199949997,-0.5845751004393276,0.2297589919427541,2.2141148787924565,-1.4658118854352575,1.8181588366757873,802
-2.173768904413992,3.0840367796693404,-0.06771719735270462,-1.2566472506290483,2.5619426496345867,1.1917378358214277,-0.314889651451138,1.1323720769073147,-0.5937615564013348,803
-1.07085729555163,0.8597287510720817,-0.23008476161135608,-0.5248547799343277,2.5483834522898805,2.097543915047065,2.782735045232675,-0.25829685308597616,-0.017171438588209225,804
2.0854106220921484,0.8347839991945297,0.43782376624357244,0.5928122348342871,1.451319677457698,0.3255458153220719,1.7283857540113388,0.6623357520066988,0.07701399598375747,805
0.3957354624650479,1.4519675918472756,0.14115541469119494,-0.14819354138251523,0.40032086991403404,2.098732354050425,1.8524294557279202,0.33882447915972835,-1.97929830303683,806
0.12390824563606952,-2.294066707214048,-0.6235090134903337,-0.02057942709086451,3.645581432948805,-0.5021715068525778,1.4791774836314706,-2.1567696351759125,-0.0793261963762133,807
-1.2120566517265619,0.8120505936153695,2.1597392606609995,0.08823575388594865,0.9989321603780315,-1.8614844505554886,-0.607930707208306,1.094876737477197,-1.3705590420670095,808
0.6116357854983389,1.5087349757505026,1.244147403639742,-0.6887323175867517,3.224910885661332,0.028666540368652703,2.9225087548870263,-0.23434543824615517,-0.417809221584259,809
-0.3982059237192233,0.27581903321239,-1.0697790431091505,-0.06821629173123701,-1.9092638998944906,-1.5404110639503477,-3.675825830555809,1.2651364692181137,0.7273302849030036,810
1.299500767006587,1.0952196748657588,0.04854854468103579,-0.08645742057300403,-0.8720843668418501,-1.661590238341676,2.476228044276004,-0.5252458241392609,-0.3847560032107115,811
0.2902750174592022,-3.980239064870299,0.3133631511417686,0.7674759178141847,2.86647672325034,0.7308322351949248,2.1022261128906274,-2.588919919284626,0.504050337735262,812
0.3413442593453236,4.298524496392997,2.5052652454734647,0.10156242350360772,0.7708423789283965,-0.3173491673965269,1.5728094098078744,1.9099165794482973,-0.9277682990957032,813
1.465430154327721,-1.1363057457108963,1.2266598343105293,0.7897710286367065,1.0160771652545917,0.4514884824749464,1.7282721511289956,-1.4280432461299264,2.3147323045409203,814
0.274003902442758,2.4021142688708292,0.729832112840642,0.4142015994300564,1.3503643681062822,-0.7618042487351302,3.842075472979562,-1.847663464174502,0.23142546831230795,815
-1.0531385098995758,-0.25032984888418164,0.0792769154367707,0.3911072442408998,1.465365853683951,2.259283720273219,2.7251573556705564,-0.9801232135935923,1.0721858374302682,816
1.2169688626813204,0.9918120036536009,-0.3818793443956899,0.29703947087987503,1.1392741697508724,1.5057911210760855,-1.035585005894165,1.2964981741412536,-0.8028080349487572,817
1.2487012727080387,-0.24624804653176313,0.17049630745228547,1.0383551849025725,1.970616206590076,1.291885901864576,-0.05131509252033062,-0.6254501386047585,2.4528616211424015,818
-0.9917726460793398,-0.42126121251855486,-0.692788987709958,-0.648460010942418,-1.7299159979682062,-1.2737428853658157,-4.322644440435212,0.43534606442912926,-0.2548996154888451,819
1.1780256831922882,0.4098161741515025,0.8748468271196571,-0.27288330275962774,0.14864087206238463,-0.1438642738914198,4.078841696814314,-0.8747010208598162,1.3146637309753773,820
0.4532545012857709,-0.7975734393163274,-0.7618756289717585,-1.173245689947668,0.9206002444405452,0.3854697750335259,1.0342356935889079,0.7844964343771654,-1.8719709055230525,821
-0.3416466956483962,1.5964906432442976,-0.9998952922481001,-1.0159596631945673,1.7574639708660569,2.193602615610071,-0.15643467820817944,1.224927988524658,0.508312956162523,822
0.045629329987863926,1.3681921833602275,-0.16981997217719902,-1.03732871376972,-1.2956423421126697,-1.652144131888817,-2.687844892884113,1.6807894059331168,0.08727746895221607,823
0.5870979263002958,-3.6496208506443963,-1.131933467594333,-1.2860835499599486,-1.4746445404513584,-0.7954247917548062,-6.5107642814234294,0.7306957924435036,-0.6478173012280892,824
0.20091093732841497,-2.0232661063884114,1.4761900997298043,-0.11838007505413023,1.1366317126159857,0.06265449277865744,2.9278145182560937,-2.582407245822547,0.9469748008755057,825
-0.7078312782339351,2.4760950066818626,-0.8501342027176184,2.280260230298927,-1.716944558493604,0.23096732869515393,-1.6784069080042094,1.0341846097320706,0.33700980089899085,826
-0.007313180268049925,2.9735954583130386,1.4033611573730884,-1.819738639912175,-3.71665994281269,0.6288061507847076,3.3732329229206823,-0.26984195862861504,0.3601981363332163,827
-0.17718487542838662,2.4806078551732478,-0.2814631750493462,-1.144116188623538,1.9513453117455113,-2.4495920378914326,1.6094846402541847,2.0404761752278446,1.2293691835821718,828
1.3172459401476873,0.8810576226076142,-0.6911966267469493,1.6739581096660563,0.7635377419018796,1.438210776281385,3.6202731012703406,-0.40882876030930626,0.9598239527423692,829
-0.7650623329109258,1.8442954059419696,1.1694082321564618,-1.7256742533751028,1.4594065665315403,-0.6584099351183408,1.8394826881326096,0.48397249576327184,0.6119926319144883,830
0.5319253213688535,0.947089743640392,-0.5722873725943023,-1.0696636260124668,0.2907884560448397,-0.8447209707679075,-4.056762029771537,2.893170070524551,0.7771822721048227,831
-0.20121547789209077,-0.752409014452781,0.5633355030589059,0.4471634130857203,1.4467274355462723,-0.43482679126773655,0.15489900130751771,-0.5945713546843272,-0.5455526027368867,832
-1.1314056101350374,1.5789892691031273,0.8873823641411338,1.6527489558168793,0.7691603701881263,1.0142548571152574,1.2593094510977523,0.20042996850470396,-0.20210159393183622,833
-0.08171069214157814,0.5567625052757277,-0.9887373184198183,0.16238318513304686,0.6842335959592412,0.15917711592258102,0.43883232561079377,1.2056496034128474,-1.4052818872548896,834
1.6526854646819444,-1.4887394421722195,-0.7549418661797522,0.5723669415776499,0.22840047072048342,0.5072855076006385,1.3723644820307757,-1.1516905516413167,-0.6339666256300026,835
1.1364705083670374,0.03906134408847306,-0.9125077743940353,-0.024832667703754394,0.7471998977020158,0.40795690975064797,1.8618248867583942,0.2495023476507895,0.2608231676775328,836
-0.32516273242162497,1.466723899916289,-0.9371170452387335,-1.8985230300645715,0.12640207504966983,-0.6503156798620932,-1.0814992557288,1.683482856866525,-1.2336134240359058,837
0.04769947087362862,0.8163985262331346,1.015046943458476,0.017917738221916595,1.5139588515899944,1.0094696724921264,1.0498260189487432,1.932263331627071,-0.04820838564256086,838
-1.5807000516739227,0.7126525156569067,-0.5313715169669784,0.17688583943000827,-1.2798293708168285,-0.8955045203086053,-0.9772030139066271,-0.5605026477921242,0.3705984139802113,839
-2.334672448315709,0.9948906726062842,-0.7115554940294971,-0.3348507296111789,0.3832816909032434,0.46002269879431695,1.8160673244750676,-0.22377235487519975,-0.6039225937437165,840
1.987806564762086,-0.9771653755847864,2.0515743218202203,-0.8510345217095674,-0.9871648231766375,-0.8523681240420008,-2.3045813427884014,-0.11053939120672851,-0.5204029902394509,841
1.2844370527773838,0.786559920262186,1.04384544217267,0.19300819033204694,1.2543639525176868,-0.021345302172413684,1.508371793826333,0.6341567787111221,-0.06697235972252169,842
0.03053649499535071,-0.07171646184042535,1.179259334610126,-0.2110686698851943,0.7340435982661841,2.0026827664085918,-2.808720418023623,2.6255774701401924,-1.3716446439538834,843
0.5324643077886955,1.5015056223192758,-1.144146477027523,-0.6666286156786452,2.0641709099584036,0.24668877033605638,-0.7674028641373809,1.4608200265842652,-0.4943056012863549,844
0.9632543765890385,-1.6097895145718268,0.34795413260678965,0.40293687242053067,-1.4492507765595883,0.31008690835253166,-0.10420563583138319,0.05723410964866216,0.06194403497818751,845
-0.7655184968435811,-0.0158712257841247,0.9707845542771427,0.5115029991322932,3.7826705221533827,-0.5122488471822143,3.3660969127394784,-0.2752442335131109,0.9822575212039218,846
-0.6274428354765009,1.6117743896096934,0.07305819214956248,0.31980971023991756,1.8717674012584644,-1.6237385821172297,0.95103392914867,0.8851906552586771,0.3617619921038501,847
0.06558097137017678,-1.3943314299015963,-0.43782232443032437,-1.2577039911128594,-0.5581188792704797,-1.7480345371360055,1.4134867487271714,-0.6396834337486793,0.5903198457071825,848
-0.5018515894662996,0.9692806951489092,1.5313268023142323,0.7601080308146904,-0.8112988929381274,0.337087292733681,-2.0063797784512123,0.8365763848262042,0.7424442386469563,849
-0.3551165654431084,1.7330993817183513,-1.299637669862416,-0.8842890029883183,1.269762578779595,2.177052647488376,2.6855183483662115,-0.3387952894560977,0.02479863462860666,850
-0.012227585219925261,0.26175690425446374,1.5873276541102177,1.0858213192287456,0.4294077986802055,0.9572338077486858,2.0229233506297115,0.16621933085916496,-1.4104272038242296,851
0.08770349772433118,-1.447875096004502,0.43462240858194356,-0.395123928280688,1.738967377597135,-0.6382888306167251,2.9209018592532683,-2.413482144488095,-0.7006611020632972,852
0.07562677839040349,1.762284027008224,0.4705989135033593,0.13904147711338619,-0.7713671430011932,0.305248659617571,-0.6628548796428226,0.015845807301883452,-1.553647043369941,853
-0.5950987410478299,3.0735096757134666,0.7187082925761192,0.0361827294430916,1.1845653367846383,0.15846118511886256,3.631258358773089,-1.1747247151295905,2.361890703170213,854
0.15773520761168094,0.10078553697638182,0.30900693277434826,0.24680931818085258,-0.4617820114176061,-0.26829817705805487,0.45753864135590333,1.0771659278537822,-0.4996135932227324,855
0.18848638076042118,4.461494221476954,0.5511767023571392,-0.964446270397466,0.7401621154759128,-0.11013157578269007,3.303561928799855,1.81550927081476,-0.8564566522457612,856
-1.1639678613911928,-0.6250386520445028,0.9167248643158379,-0.5808206468277702,2.568234394101368,-0.6518236786645775,2.9815024005010775,-1.3623341506138384,-0.9501449068564668,857
0.17110140193267767,-0.049520794082670405,-2.180546822491492,0.03042368004247671,2.8649685745497915,1.173229091293498,2.8517060484457435,-2.1398597126788212,-1.9889690677458423,858
0.21988363049347096,-1.8943218045947385,0.037198196936267684,-0.3307312207982786,2.1454610039051003,-0.21559775133984035,0.9686083119460235,-1.2508536745729182,1.4729032456651778,859
0.8214824391716363,0.9185601177244033,-0.2756707504917144,0.7367754089031674,2.154242752718922,-0.2826252795480116,1.9065530656958058,0.878409907798374,0.03215861956518158,860
-0.03218056512901509,0.4662161890572425,0.2599553065442319,1.5052386894064136,3.2271325208034454,-0.43971156043633197,1.903106834759721,-1.7397656092952958,1.6074193470813503,861
2.1191036023595675,3.4413032767024117,0.23720920127565875,0.4684153581887788,0.44479956366969176,-0.425361470265525,4.8366825725004645,-1.2695824710491617,-1.2855844352134582,862
-0.6385020242772084,1.0758538812855647,0.06453806300972237,0.8571303317527184,-1.0711721845386633,0.036619926358222935,-2.175824340805946,0.6070395538864392,-1.0127080166616316,863
-0.8125757823108081,2.0703235888133316,1.019343267248685,2.105161380972418,1.4976151224245933,0.6528415343211572,-0.3539112422001952,1.4645869727156522,0.10025648704515945,864
0.0758229309804383,-2.0794092269679294,-1.7690877320358567,2.168761167921427,3.021131533803282,0.46309693066377544,2.4390990058874022,-2.4724068695488945,2.601770471320802,865
3.3981273176629,-0.11877346584819182,0.4550661535347574,-1.635678969000222,-1.3110505755007418,0.024240242625477082,-3.2798350754879535,0.8347325501823566,2.0102683798365533,866
0.9268837505549764,-0.6850859082981477,-0.08792649091714158,1.5263124956861485,2.9875284745612127,1.441954153562435,1.915560171306117,0.46136235007826665,0.2727084072912799,867
-0.5666319246194422,0.9914756449677798,0.8458396242433921,0.607565627121377,1.1980345471653073,0.7462485394318988,-0.9548504087741155,1.6072726679591252,-0.11569648291566768,868
-4.06460314373439,-2.8262113184936224,-1.113889652964548,0.8365348805804116,1.709534530358435,-1.7785352691945528,2.4142472405828936,-2.5252387535683907,-0.1707120012565216,869
0.6652715062900945,-1.973811735325536,-1.021062998206856,0.9110273089999276,-0.5488800499220152,-0.31861624222723944,-0.6191490689809693,1.8212718235371403,0.03647217665420908,870
-1.6111694631742197,-0.1624927474166844,2.114414834308793,-0.6050667881147398,0.5149412599004592,0.3751690140584689,-1.8647379279257668,2.4387787498575735,-0.8687763509936562,871
-0.40666844187691986,1.1087884280202958,0.5117789786504942,-0.6262245956364498,1.4066789070928847,0.6187258381044658,-1.0196488597521256,1.8161222488892481,-0.13679690475734085,872
0.9705474511521981,1.2197544539928735,0.6585516020040105,0.03268623443857666,1.6487895036002458,-2.4994825282763515,0.46003163001733594,-0.432986939310151,-0.8815412720738328,873
0.7142364826939283,1.0142421006216193,-0.4222099256177997,-0.24969417246679382,0.7261026756779494,0.7064847605814564,1.7668366490812166,0.5481327278519097,0.9929571304529641,874
-1.228776149049634,-0.2010723284353999,-0.2092647116644092,-0.17198649540817798,-1.3796256539842429,1.7697907328371107,-1.0630646484946458,0.06479291077045346,0.21442893041244723,875
1.7675023957653402,1.4935844323024559,0.7839676512169459,0.3348944417522922,0.7233993368545463,-1.2681436516314983,2.118396577675684,0.291333843876561,-0.9269943866745627,876
-0.8560969966212014,-0.21828145831406232,-0.18738931935650738,-1.125019066580641,1.378577055529724,-0.47416168549832216,-0.07842794424075056,-0.05027413713313411,-2.0679592873527577,877
-0.7673808064423085,1.8336485784756185,-0.07777270026441621,-0.27870892421964716,1.7549045974655417,-0.456104849749766,1.258498402299968,0.6604944881547494,0.35820663387037477,878
3.089889607686385,1.5853502735580127,0.28020554105019435,-0.33394559630536247,1.70220878626174,0.11544263616427654,4.289380223709174,-1.1916002857639718,0.2128198468830529,879
0.9763736729794835,-0.3763250390792583,0.9308745119372439,0.31955410121987704,0.23428630017197638,0.29305109092155524,-0.36477409936376093,1.5656996659946216,0.7211195208758526,880
0.2165605471382922,1.2907637953880373,-1.053130882905641,-0.17846899441444944,2.9612647884179992,-0.6833033288473127,1.1384521197315078,2.213647394526513,1.551122589466414,881
-0.22522233836094227,-1.1128902465716108,1.6046906298810326,0.12897210781189702,1.4466733615494158,-0.38188864345932905,0.7569969937079059,-0.8520899436790219,0.7540140713944891,882
0.11801596410790595,0.4582129470925189,-2.099571642580309,-0.8807601911147211,-0.6559421755622121,-1.7233031203192695,-3.0189569900627475,1.997728469977879,0.3714606883175098,883
-1.056224040668033,0.11589906972541886,-1.8034037342272606,0.5052110240856904,1.6746057498766755,1.0931229758819565,0.39973312782113185,1.0699576822680799,-0.4045549175583959,884
0.7262722258771492,-0.24977677989850866,-0.03277670195769679,-0.28196448842920624,-0.4547411172238922,-0.7643162302278239,0.31525202844004635,0.022084038923591454,0.8129231008899449,885
0.7462938598884538,2.2080626640393772,0.15632791552110267,-1.4730198305152638,0.14046374174241683,0.7996037853020775,-0.534372757234606,1.6606516796088857,1.0953491943987237,886
-2.2422216587440293,2.776613997481421,0.8325047813737684,0.047034364008503374,-0.31605078218927574,0.16401595664061125,-0.046370999089051436,2.145241591945966,-0.05894653351895392,887
0.7937994595098654,0.7889355606965107,0.8058272104247736,0.2737597054639536,0.7039725966822592,0.04402595756180984,0.7100741809270901,0.0870706740648366,1.1249871063801637,888
1.1105125515124403,-1.3132187380392457,0.6037255754575325,0.187574793190974,0.24602925035658174,-1.3033096836080165,2.4201626109700993,-1.7590015055807346,1.0058589844658574,889
0.7405475358236818,-0.17647441624581273,-1.2593712749659631,-0.03789966221856508,-2.3508100882080045,-0.40422329037518645,-5.351141042552802,0.8123998121845231,0.44734555930633746,890
-1.9587736612955935,3.592271335693762,0.14836285868198548,-0.10254177150997432,-0.31715695055026305,-0.334089207095231,1.4156328428144913,1.3235225913765205,-0.5463262643119118,891
0.3344707050584852,-2.27992811809232,0.23897841806376185,0.6718763164925986,0.7226450204224446,-0.2616610860424581,2.1476051017073465,-1.7454331391535525,0.7611710130736653,892
1.4726302506630577,1.7654009350511073,-0.514642808101213,-0.20529259405139316,-1.1403689531426242,0.14418199150892913,-3.077276895054627,2.5453227885748637,0.5058102656436596,893
1.3909948052043724,1.1711209063960244,0.1414793414838037,-0.8410881270119684,-1.1004385833358925,1.3320318116312335,-4.336204826296188,1.233295629880636,0.6722776969106794,894
-1.75784344939931,0.5596382120584604,0.5895030498772479,-1.263880829074111,1.7970891185621722,-2.838840330783193,-0.7395163348062036,1.773801115918713,0.3708302093362092,895
-0.6522665031033145,-1.8010990835611742,1.90186461325099,-0.6214734047144778,1.9572301385239719,-0.10837103661884025,1.4339769853534707,-1.827840559246357,0.495137870045973,896
0.5480711580492612,1.532041314113413,0.1293676710108124,0.8927843782269886,-1.5149371475823923,-0.7545313540145426,-4.559604762262419,1.0582200969144029,-0.6672053844763253,897
0.30243114577612157,0.5372817276770705,-0.5485649505571252,0.2590288214837144,-0.9585157955564776,-0.2216950367589593,-1.9105026128910345,0.9666178090486458,-1.3446892002499529,898
-1.925536384706547,-0.5353675773757711,-2.5385693394314695,-1.12319714033978,0.3036465324218226,1.4634613465533428,0.5459239621440303,-0.1894357433650491,-1.4803803873256582,899
0.7880490843170695,-1.1888422787517787,2.6805088716332452,0.5550896994415868,-1.6327881907576534,-0.4243952207106612,-5.197561660343413,1.020135787063899,0.20335375840499775,900
0.6721675822523486,-0.04802598276337622,0.8275142147312098,-1.7922662057838596,1.3867448130429576,-0.2175636862558707,4.071537939736386,-2.0552393387728456,2.158634915835072,901
2.4183912202545006,-0.752874732824725,1.9806510466956204,-0.7254277431833954,-2.5497309787256137,-1.4061161810597387,-7.730137694945137,0.6299395020881097,0.9708869120133524,902
1.0851778481723169,0.6551415505307903,0.0014628548137902023,1.0954494845089495,-1.6674046808998737,-0.6736568716031917,-2.51459994748263,0.8955356458976675,-0.08134772703574868,903
-1.1043583790396148,2.2772776117488878,-0.06974726738073497,0.4888547009129279,-1.1841395149014158,-1.183541370810924,-2.4631534861214215,1.3711056283309184,1.0988140706772018,904
-1.1180604279818278,-0.4847408552059358,1.1635258596263263,0.17911401136846739,0.42594595947668923,-0.0806288084498101,1.472421692981876,0.4348353920653043,0.7745804977317415,905
0.6622033339461874,-0.9529779619668923,-1.1056255017144403,0.6660345733898599,0.8365881835756389,-1.4565879732593636,-0.11130914552406669,1.9164841997088389,0.3136403674078202,906
-0.7152209517993878,0.8397597169128039,-0.09662953619667236,0.4251332467137215,1.6226675414718734,-0.13979891901074912,3.2279801575889175,-1.0827220706922982,0.6164221048147337,907
1.629588617431935,-4.661167604779565,-0.29639865154618206,-0.7730381824010907,-0.3992891438725279,0.5866495703386697,2.824108353122481,-2.571485313220583,-0.3547019443319407,908
-0.1883658466196552,0.050322056721512576,-0.1154828963916312,-1.4443302334227175,-0.7269226123262253,-0.26603725114374643,5.07319222844914,-4.187666826388419,-0.7161685164733763,909
0.08724143782060971,1.288729160505888,-1.493430736034726,-1.0730552296239266,0.2747757546398686,0.398062174853005,1.4646061351770712,0.6855131657070057,0.4919090174272401,910
0.9721281319000936,2.118377914507726,1.151985565847456,1.4986923173282682,-3.889284189795643,-1.0414664449416313,0.00782723144745589,1.0965211265852872,-1.322796752239192,911
1.1681684014540978,-0.13628455686589858,0.37227461003854023,-0.697829288253898,0.20422520479792083,-1.64023586666347,2.0532081307729486,0.1635361643700458,-1.621008284576339,912
1.1321981917206816,1.5167792605403818,0.36576303075713607,1.7511355974144434,-0.8823537611183315,1.1632297551407773,-1.1541179614270016,1.576418466786199,0.6683539678434582,913
0.07239664781829855,1.1440832008749027,2.518714099294463,-1.463626458032287,1.3770424357410427,1.7806249559172147,-0.2839792862923666,0.2748605273379314,1.2459138486184573,914
0.18010546746541492,2.4444345704000914,-0.7313246069486086,2.5416198467187923,2.641161044816,0.50997691724033,-1.6518042597472942,2.327499041530197,1.6463683960749977,915
1.791670710523534,0.19955039749662007,2.087993682510094,2.8917029899567672,0.8994051238369948,0.7077148828661287,-2.932515616973471,2.7093463432598086,-0.5360817951208536,916
-0.06109732956768189,0.03064052727581168,0.0694916127196336,-0.615352766761434,-1.2012402855242437,0.34257183153145665,-2.632210577148294,0.3806656358264391,-2.3384282002430976,917
1.6407522582727576,0.6263529057641883,0.4901971418462857,-0.18664793774158903,2.530332659458413,0.0005618554692100441,3.9871938757375687,-0.6098995765684516,-0.5582369335841517,918
-0.6291561861216989,-2.1279639378229303,-0.30529697572190856,0.8524084101599746,1.3564265327606118,-0.18201506898283915,0.328797882986977,-0.8827420868177073,0.8587331351593346,919
0.33917757913548424,1.5424295587540575,-1.6563805271410255,-1.2447668741691826,1.2783154794387006,-0.5123173104590947,1.2943144278526286,0.8053134166036261,0.7548991665498829,920
-0.6406580226027632,-2.1606432710904784,1.0905176747426688,1.905552667143732,-0.5766034202284112,-1.118352226000482,0.5112987971157578,-0.5569813250265703,-0.2335515435763817,921
-0.05977711039233235,3.3097525123569698,-0.07843022028464929,0.12696908007978747,0.6701662585346417,1.0051591066900896,-0.767340929217125,3.0516458326419382,-1.9383910612622153,922
-2.363179061041231,-0.18301789028802162,0.3964669716288463,0.9370267314088444,-0.7330919994535277,0.9613664880499276,2.3002204929921373,-1.1850239079742462,0.8287049876070091,923
-0.6255156566820088,0.19002464851473078,0.4539890643795448,-0.8345805774771595,2.264099646993018,-0.4309599067001535,1.7799358788174002,-1.4875779517435987,1.0888846209650607,924
1.0283383769578813,1.083905216728336,-1.1007221996634915,1.0574531394341935,0.8825348325088015,-0.22905672214168965,3.821994541719973,0.5700341403650313,0.6801760800632762,925
0.3530061805464952,4.726356161727825,-1.7262347840120666,-0.12443078414381013,-0.05369348081525682,-0.1270369028750425,0.7832070808435112,2.9141621539248854,1.420618292774008,926
0.3505014968221044,-1.949243397530783,1.050399535874439,1.1790307525919472,-1.819094582992716,-0.4658729421732854,-6.878325442415601,1.077324913342822,1.9978261250271308,927
0.31238724341164475,2.003507672676358,1.3387779704210623,-0.7116615385763058,-0.45181124072971846,-1.760262500580009,0.7823023492770836,0.458739559322203,-0.48268326364734954,928
0.25602474490187466,0.449107596537184,-0.3510482574722215,-1.6250989687178627,-0.3966286295917063,0.9051925673718886,2.867511591686463,-2.049479758966008,-0.37180568078333676,929
-1.6297331652461955,1.3506475561692857,0.5563090120364924,-0.3034836298567393,0.991526137794754,-1.9090563503511346,1.8756444680211666,0.21221318703067804,1.0036907111120021,930
0.4109161335930336,0.6987718242416104,-1.3789165487173327,-0.025838144716133032,-1.2184578145968823,-1.9413731289826768,1.058148893966241,-1.5710617785045204,1.1350465618696908,931
-0.35494826674065827,1.1061037943939862,2.46075292870838,1.588173928170954,-1.483385140859855,-0.3102420581859267,-2.8567873057699917,0.9676833475121509,0.33492902589548784,932
-0.6780398631505739,2.0679691006317116,-0.6933965369343416,-0.4380185617930879,2.5689382494853095,0.6147984103600516,4.590915734420597,-0.3387379527319647,-1.0691176606988213,933
0.4861712414658739,1.2056307358473832,0.5058619098405933,-1.6522992883621435,1.197718403728626,1.9908946329442072,-1.9177362496564012,2.6113491121443078,0.09373330317385285,934
-0.02675124557413819,0.7567530535788768,1.456328471979585,-0.26935210472675786,0.5749054154326694,-0.3003268458042405,3.485205480450023,-0.8533422403460444,0.6764786687730411,935
0.8648492232989141,1.7643821673919793,0.14980630694108532,-0.6267922495600576,-1.5713924934133385,0.5488278614010552,-0.21122675236728264,-0.8812000359271916,0.6134719366917785,936
0.43866796255825996,-0.8465289861445227,1.7015660700528568,-0.2564025555322961,0.9939367258257711,-0.03631593341592001,-2.788163827639549,2.8567940046220768,0.4313450998777634,937
-0.530800478794885,-2.1456748268179853,-1.2152725762268937,-1.773719124589243,-1.5471490733848206,0.7759775664061606,-3.732224018772374,0.3074661828696832,1.85747720929573,938
0.5292829920311475,2.394748443059443,-0.022780630445084823,-0.6175076902303167,2.85090129899102,0.8096282780621594,6.841533149207454,-2.6682572880374242,-0.6473206015015321,939
0.21733684768254632,2.4636292652689606,-1.6038669547973994,1.1862157344024336,-0.027106855985482792,-0.5238126045090208,3.5896974214897286,-2.4870264939050273,0.29881422490814685,940
-1.4814469796527912,1.577190659596714,-0.3446612859620184,0.06889361672285461,1.581536115181055,0.012365095136532597,1.902074060071989,0.4748418362847884,-0.8634572371883934,941
0.18549100031849017,1.8181826191509898,-0.028849720134268272,-0.798539514558761,-1.035452051044748,1.3301593553547282,-1.7145949964293288,1.6084825556279099,-0.017746692418393682,942
0.46815197968425365,-1.1453857753005314,0.25723775067652227,2.024868940495847,-2.086772933177838,0.27931584177250496,-4.853726736668093,0.5381884727056248,-0.18239698738255672,943
-0.6334534418836993,-0.7195693410300055,1.1962975438431387,-0.10011940196124765,-1.78095824877698,1.7867554488303223,-3.6131936947733014,0.3494552092648521,1.2115482569117613,944
-2.472445658094348,2.580796791577492,0.7814674142474503,-1.6799057465048952,0.4258920441667273,-0.26837129395896864,1.3233576019089286,2.1318846246960304,1.20243090577956,945
-0.536553754137027,-3.2933992820328584,-0.9109180635470367,0.4672036928277625,1.2280541659236763,0.9935510273126569,2.0522499354429073,-2.03321071238811,0.18481416761224878,946
0.8170366862591912,-1.2071797729330154,-1.017211857900159,1.6609919041406227,-1.6083983425447443,-0.6394060358745213,-5.974715032186684,1.3392744153016911,-2.305645505204216,947
0.2369046296753219,-0.7147086856492622,-0.10223466418557733,-1.3132022290464695,0.6553028642364012,-0.9704165795625277,0.6126377755748205,-0.5231771961227017,0.3539507943769819,948
-0.5104422067665509,0.8690639843535624,-0.3771178736934479,0.6694161911868851,0.9131815379584404,-1.475411401094023,0.8302842942124496,0.6815178699341005,0.9813839922750334,949
-0.23801908044889125,-0.7266259802825226,1.764739752441796,0.3214630873029826,-0.11891834364057163,2.9029416285053427,2.0008142854276807,-2.6476650448030843,0.07589463184009229,950
1.335431728969585,-0.4436560752705756,-0.7769898342505828,0.4645569014871503,0.5850884950795832,0.648479326697246,2.3042939896838637,-0.6393919748395211,0.8792965256794323,951
0.27699452042712547,1.5463095826692013,1.3573404667461748,-1.0931075606001217,1.743455276368338,0.8227173745004389,-1.049575110933425,1.993997210863666,1.1131782933007082,952
-1.7234044207138595,0.16451510642001788,0.5982508136813659,0.6246733536989466,0.36080208671417013,0.33159995427906114,1.4274782166505737,-0.3838353847391328,-2.129810183859867,953
2.18502692864443,0.21121148219822428,1.1366497063755456,-0.37413268149103635,1.9244565462939962,-0.839289536708479,1.0106262723383623,-1.0640126907704963,1.1551928402812521,954
0.6174070918679953,-0.9893656023784516,1.2228247056561032,-1.4278065290843733,4.446701929167777,-0.050800118433114445,1.0551964476729245,-1.8319026209688651,-1.9141866727408046,955
0.974609111422171,1.3400968531478545,-1.3009334307640588,0.6175899047013501,0.17892543708520214,0.10975340127556972,4.4341466015682505,-2.6021432130937017,-0.26118531879799345,956
-0.17115638675036388,1.305212940506362,1.247385291974663,-2.0130006323096805,1.4561235949061029,-0.567917478585953,0.9258453318414744,0.6412254938848096,1.096542795975214,957
-0.45337242062983785,-0.806081791961375,0.6544783129101077,1.986410576273252,2.1516726894462925,-0.03995079760345853,1.9360576746497498,-1.562025811603556,1.3290720969940957,958
-0.42306060102577947,0.6370162087766952,0.2933435419272292,-0.5537089930758496,0.7903744476996806,1.8259972117410466,0.11651484035906776,1.0982192714487546,0.501987657388833,959
-0.0788922219149961,2.7876028418195835,-0.2052130062259626,-0.34541542406383324,-0.3319535425413507,-0.22790454722687362,-1.7487304854971102,1.9880432927488751,2.64684602298873,960
0.004041957823160769,1.9056614136372172,0.24883707875137867,0.6604209359413116,-0.8900406542474755,-0.5702531928280896,-1.5252853671396682,2.279634602044201,-0.8908042657446247,961
-0.9691507327393264,3.0696980957941986,0.024254553886991242,-1.1885974024676345,-0.954451631601914,-0.42886340069726764,0.9080479735094404,0.7482212987958331,-0.22539528216232319,962
-1.0324789678948723,-0.015637606469394605,-0.15229797849414675,0.7376259301305021,0.5956972470390076,-0.6406836367077731,-4.447649066395404,3.862396640041151,0.9230132368944995,963
-1.0110388627342,0.5439134084286612,1.4029047839621902,-0.47345625965469706,-1.466696068727121,-0.3443633306768606,2.566668286140164,-1.470367465954093,0.7096048881627881,964
-1.3547416592922763,1.4442101577516249,0.7504960325257349,1.3258207169727854,-0.5559238229342107,-0.18077509273742426,3.1017716365260175,-1.2172510324896526,1.0716639795447496,965
-1.3461407225802056,3.956627550763971,-0.4942015491627051,-1.8123587064271198,0.15441573329601654,-1.4819885411257956,2.2446833328917295,1.6912609378419532,-0.21395542918754967,966
-0.05508475461707899,0.01834941748876151,1.1446661572756716,0.01022547425274586,2.9420321462796486,0.5490418113477318,7.102973432940532,-4.211895363534622,0.62400913211282,967
-1.0862916569979282,0.4851875611875349,-0.09450654226908063,-0.4214622973621976,1.0802696860329497,0.32176355946390134,-0.41292985430349194,0.246050906565475,-0.18177923278010719,968
0.7751445506114306,1.2256029136556865,0.8586029566244989,0.6992476221520606,2.5009435836205443,-0.9763393192547701,4.705105259075627,-1.3898808745772357,-1.0481502997801369,969
-1.1457382830520515,1.8792930541431834,-1.24198535994816,0.013830199723696996,-2.560818301936781,0.43641023868737466,1.3956397402982397,0.3905691542115348,-1.2216696022432145,970
-0.39020450596025524,1.7293734462812407,0.005714110552789686,0.5757967128909325,1.6679511957031923,-0.7005269906110326,3.0336974117753086,-0.2181175111381518,-0.8789920131961103,971
-1.2318587110719776,0.7700352477990657,-0.9365367870263103,-0.6575415838632674,2.526746574001219,0.1102446321191789,6.0496023773786645,-3.729160692055976,-0.3749196720505749,972
-1.011781175722834,-0.0870226491552204,-0.3280652041944946,-1.564976371500097,-0.8331392407058348,0.9689506522521703,-3.7002171658169316,2.05535984021547,1.50944905040265,973
-0.9752409251002728,0.9666684786680076,2.208419091154705,0.7030651467411015,0.05372327925983644,-0.5943498527396046,2.2976690625299567,-0.15020398869956653,-0.6483003273443845,974
1.9288439640217565,0.9733632258171426,0.04652846593370863,-0.3822522475718751,0.9662438178462057,1.1838190585107766,-1.2950601154731627,1.8872018951898122,-2.0492057703238418,975
-1.3197408180339942,-0.048063258804639686,0.5672564020580001,-0.8712458118145106,-0.4492937906203869,0.6644533843597537,-0.033631268885278974,0.4380600994316812,-0.028257753298239353,976
0.8108617160332247,-0.6494799821575798,0.7235822859100569,0.7463830809835645,-0.44498726550790657,-0.2597616552876762,-3.0627431589046417,2.2021352366168725,0.4613635210800931,977
-1.7403678256144852,1.7055751915338386,-0.19736760700948927,0.06835044365313032,1.1006809044757895,1.1672090836471585,1.118358062826313,0.25215915356496277,2.5403910976814337,978
0.5400241969892433,2.569492147675607,0.5675134612896133,-0.29502735211415737,1.9690614834912576,0.5952277718342022,1.7304717165641295,-0.26614630248462934,1.9675407461958598,979
0.9249825208658009,-0.11514407553230832,0.8796292965893135,1.1301621858591637,0.4819049157316576,-0.3484831994228694,-0.22629930159300934,0.19232471184013678,-0.6528710359036057,980
-0.8614186380975557,2.5979870571282073,-1.1081219641091709,-0.5876116834101616,-2.079682463961015,-1.8842162685219723,4.46289290803788,-2.5193024407538855,-0.8129224823594956,981
0.6640529533055832,2.7718153763238034,-0.509832516501801,0.3991887168814596,-0.35891873731441826,0.7555152605285028,0.9708847472003739,1.330176855335401,-1.5888799198050498,982
1.285693270572076,0.31704158078400957,0.581920189438312,0.47733145642319164,-0.5335942072355435,1.755181004032714,3.1595414225385956,-1.620506525675752,-1.443770055576542,983
-1.602750887498892,1.0933579826418907,-0.8516928244212486,1.0490007010654008,2.4770001432701694,-0.2005728328917318,3.6064414429317377,-0.11538401334411486,0.9426956674992741,984
-0.23309692103714938,1.4205100265852968,0.5481263287272904,-0.36410622138921245,1.5822842784072135,0.22776700140487174,2.0529377904606223,0.28856436747841097,-0.651807378073709,985
0.1561053524822054,1.297463982689561,0.33040111100578506,0.22875558021718137,0.1202421382234371,-0.03741064817386257,2.2313337171459002,-0.9345640688715748,-0.2824777107832254,986
0.7741795185432266,-2.9901672163551263,-0.4602142590770496,-0.22119221461923189,0.4720607306567639,-0.4244843165341625,1.2009505467031336,-1.337484298230089,-1.2799812736257956,987
-1.5204625824708864,-0.2440732609450429,-2.2083721890129024,-1.2625245940527738,-1.6280918326127218,1.8420001495344303,-4.213132484375634,0.2923447196341893,0.10839824808820993,988
0.4361529815080361,0.4495995636796907,0.5990395797343382,-1.339752253686006,-1.7583052112706168,-1.5890478856133363,-3.1949776158046816,-0.24762366004137082,-1.6215100915888327,989
-0.7615531754262115,-1.2917886689731104,2.1974837210545815,-1.436060494836333,0.048310831250177766,1.2019666345182933,1.9616653754361209,-1.2586075846237665,0.5597480275899028,990
0.05658018930545408,-0.9049656767563963,-1.120812106888977,-0.46674581057504605,0.506264624929445,-0.576601776742971,-2.333748585052354,2.882276367808334,0.45108821250556624,991
-0.06730566996771563,2.4311218408002873,0.5516522685790747,1.1894182844634764,-0.4732740885502401,0.811330318921418,2.978732170446904,-0.8122317152475984,2.6537248753663505,992
1.2291836259407989,0.5319427203112586,1.204467208253648,-1.113266268792409,0.21912727662383702,0.06988799586940828,1.1509903775617105,-0.6995026344627469,-1.9678301230925799,993
1.0077630756515632,0.23238200379668028,-0.6249099624230798,0.04179908472949723,0.8440051601095524,-0.21776752454396164,4.332455312987323,-1.1104057622416597,-0.42292834500272886,994
1.3587077988441585,-4.039090993632669,-2.5570382983204483,-1.3496500299658434,0.8013899424593363,-0.38518762770383064,1.4277205547305347,-1.933390612335021,-0.572689190427965,995
0.19286967649813178,0.609908242955205,0.8945914825692303,-0.5867888074710782,1.4156563793324064,-0.19060853575922052,-0.7408506983557522,2.3909263909229317,0.4195653159883031,996
0.16761698552937818,3.3512170687868927,-1.6607244951100175,0.02777007853531545,-1.0299482557753012,0.8579485996243433,0.8139074560419131,0.6754245497099505,-0.2200535073716947,997
-1.890260196687171,1.2440446060090946,0.8188640655851059,0.6053785558135216,1.3053158195922605,0.7898260704176857,5.610592566362863,-2.3632867560358797,-1.5476155133595542,998
-0.6527039051353473,-1.896377526852552,-1.024251310627874,0.8285030798200165,-2.464339593871255,-1.20216836717434,-3.160047639144117,-1.0744677093630335,0.6696844893165048,999
-0.01965001220148896,1.653123167905717,-2.7061569997716033,0.0720875041066218,4.165655708932191,-0.5148659103564028,3.4811791025874106,-0.8424029152496918,0.48230842425577825,1000
