Feature_1,Feature_2,Feature_3,Feature_4,Feature_5,Feature_6,Feature_7,Feature_8,Feature_9,YTarget,ID
0.8553624697905272,0.9566228117354912,-0.06362683744736258,-1.3962118143750324,1.414642667495348,1.8293296635272782,-0.5954232028760423,0.017726477707986188,-0.036985428584307534,0,1
1.2395003395057294,2.8916586930758936,0.8439710244055942,0.7939465334712549,-1.7868112218136827,0.5051106120830742,1.8400366231016745,1.4313982855374805,2.100643021234549,1,2
-2.318786144247593,-1.9405515847036499,-0.006538543668862031,-0.27979216569898413,-0.7740914816197727,0.3028952625429311,-0.65228484472671,-0.06663792640604993,-1.6766649092427575,0,3
-1.360879130576155,-0.4160395394702413,1.6944725305279356,-0.2531399494603059,0.05739690795874399,0.4139958687215099,-0.9920896800996221,1.384977330522351,-1.955473908798461,0,4
0.9286491491301434,0.5189150428456454,-0.6617313742720755,0.6542295064967376,0.34329769092415446,-0.1232980464189985,0.803280035971742,-1.3957356313187308,-0.7379146748319381,1,5
0.5613727714557682,0.42229163126339586,-1.737922445965795,0.1367892000769957,2.102044755837806,0.7954876949548881,-1.0577035069022556,0.22889954962442183,0.6941168645895465,1,6
-1.3737956309996033,1.0774938111461643,-1.1040933111705458,-0.45955431499411903,-1.6787227623485266,-0.33023711102424674,-0.06802289070487834,0.7291646993346715,-1.8115225460600448,0,7
0.5856745245425463,-1.2386461271140756,1.0823538731623088,0.9605779037089842,-1.2584148305649208,-2.4619797058899167,0.21757953634296223,0.5321508792853051,-1.7764569115231605,0,8
-1.5485496095395646,0.14942137069267467,-0.9488789445761757,-0.6146877925374229,3.77748997612812,1.810534841351558,-0.3235174434423892,0.047219508186401304,-1.4629118518998494,1,9
-0.3928836976255157,0.22474211958217438,0.26448040107313564,0.41450272056286624,0.16455789062864684,-1.4426356710131807,-0.4834690199775001,-1.119562629162742,-0.36544892419173336,0,10
2.590534738828376,-0.5292357005230119,0.04269727445844389,0.06862819993275557,-0.2808637555749642,1.732184577177565,-1.0503171343221405,3.3926542020878463,-1.2917766566243085,0,11
4.492016378331443,0.5681840033403978,0.04932483669955933,-0.6960201616009518,0.2086634832499152,1.786597023926696,1.2924293743370827,3.458337009528863,0.7315589793240969,0,12
4.849988354709265,1.3020030937586895,1.4787115680334728,-1.1876068675257494,0.7202586588327751,1.4573716424645666,1.8243495331622963,2.1309726309134374,0.5351377497243814,0,13
-0.12802083861363403,0.22659212617799823,-0.772833460036299,-0.9431462779775022,0.8333894899614118,-1.3296826073926284,0.13363319318873396,-1.1650435925224785,-1.5006709001760996,1,14
1.4020821810490638,-0.2962491987642396,0.3481068147147108,1.2082690915880543,1.1061868381238813,0.3425189711405079,1.0730209948036222,0.5939411346558735,-0.35071715492490296,0,15
3.4192189857958777,0.9877351010253084,-0.2287985078143456,-0.7538915285546915,0.4514695865637963,0.6696226323802841,-0.8705543556461532,2.4254221064174697,0.0018850548839044468,0,16
-0.5804667609849166,-0.6104131458981339,-1.1421147369186135,-1.4152051197449083,-1.1651666157588243,-1.1680869521078483,0.08122550315024984,-0.12233915457272282,-2.1056093957849433,1,17
3.8061395640113185,-0.1799086308015253,-0.6971683148162352,-0.2652597831197709,-1.349643734862504,-1.125049059547313,0.09061360172477564,1.8801912962497813,0.39682734875367154,0,18
-0.8614844384136132,-0.9588961614478968,-1.4283644272500728,-0.6365572097261013,-0.18553050234646426,-0.45771894803881824,1.5686658970781466,-0.237808719292409,-2.8607575264125638,1,19
6.103168413124475,-0.40208842674785106,-1.197597137779373,-1.2214704771233247,-1.5792529774324973,-1.1221524151085256,-0.4114224696560482,3.6336078589238827,0.28489542768292764,0,20
1.166510645838146,-1.2076663529019347,-0.3739141460552105,-1.2253504365823,-1.193954222045233,0.33984738896533107,0.3692995140377083,3.0753617713857504,-1.4433402929488641,0,21
-2.4170659804077124,0.8776128145279906,-1.7519635347055817,-0.7950928146383525,1.8018480256358902,1.3483754483380468,-0.29400776113237803,-1.308335386614438,-2.16454269891968,1,22
3.1750673101988043,1.5721554799027153,-0.3808130321457192,1.0224482728559243,1.1903520289564116,-1.3905948609320575,2.091576369778548,-0.20078153172843094,1.1231947079892444,0,23
2.5572413582668023,0.6072039897442453,1.7580693607288245,-1.0736764955672506,0.5606806600900509,-1.1312609933900393,-1.0119273093633734,-0.1515170165501234,3.1014797676110364,1,24
6.134151281764644,1.3620649569274774,-1.0168839855478449,-0.36445413494894163,-0.505344892200297,-1.2290179365531857,1.3241852371455578,3.2135345965937114,1.5194626540932057,0,25
0.3008725534662579,-0.5148238963607281,-0.926410464593819,-0.7702169147313244,-0.21021194189649736,-1.5947124045428194,-0.3564634138030433,0.6471038984691891,-0.47677844881465303,0,26
0.7325877200417774,0.2034146733895821,0.0675310639804901,-0.015470844767045444,-0.053126138754456785,0.643350179569751,0.5468897034516844,0.22856604110123657,0.7829688891633995,1,27
-2.9082046725528983,2.1208409479491186,-0.674487174380772,1.552447547928313,-0.6538487364791594,0.26881119718204194,1.9115950120043594,-0.4335204184364614,-2.0170646943022903,0,28
2.846085217533397,-0.18077675480348723,1.6343831986477642,1.2591813215132046,-0.5973971256906215,-0.867445996680596,-0.47301766727095396,3.079843977559452,2.3816991589023973,1,29
-0.4005183394690014,0.8272248068737484,-0.44885715967470863,0.7929034666922938,0.059910439684482286,-1.6181191703935376,-0.5602026923402286,-0.5136461925475386,0.08568219392233178,1,30
2.169402842767192,1.1425235608781303,0.5890241699257166,2.0267396784843514,-0.2705148819041963,0.9775452018543154,-1.2855045230279023,2.174947245574784,0.0026701601764136385,0,31
0.17659160795396908,2.2749884135364646,-1.6450972541397804,-0.04996879081053281,-0.4147493167088482,0.46280645918185465,-1.3015463831853458,-1.00357577096021,0.8594240632462993,1,32
-1.820609779895042,-0.9022498754642679,-0.5375102708450441,1.3279711693079097,-0.5223083274730251,-0.7154255205767447,-0.2099739613735248,-1.7217423344161058,-1.3404278937529757,1,33
-0.8089186162243704,0.2703320831613331,-1.1306119239505787,0.4467118992709157,-1.289516719300908,-0.6441381578535159,-1.148276834394577,-2.5497747866000244,-0.980852634265348,1,34
1.8164245712302598,-0.6165369271282555,1.1393869305161624,1.025014696114955,-0.47697938932273776,-0.8930305019085192,0.829292111341882,-1.7212376432860317,0.006057940597987921,1,35
-0.43157847157014034,0.6428079888429726,-0.7929312963688351,0.5899172328436647,0.664686050262168,0.7953302717885513,0.32151594622755614,-2.2692060171703914,-1.5238650206258475,1,36
-1.3061188812324338,0.10543390613686206,-0.33716055142808665,0.5852508255422673,-0.1317048459346119,-0.5836949027619238,0.9244908185733717,1.4493479200481316,-1.785512202567984,0,37
4.170701895016236,0.7433635615069141,0.13535998609221697,0.007576659778061981,-0.0820306363091581,0.9754703167375094,0.19932619610515934,4.273995353981023,-1.1959728525546949,0,38
0.1964614636907304,-0.19878598122853228,0.8518649257217693,0.9532912543025196,0.49018927413981556,-3.1202495468984583,0.039848239515323805,-2.079091681409695,0.009802479646078055,1,39
1.3797211895361414,-1.476197440705909,1.7930609918104823,-2.298935839162718,-1.9452516969612503,-0.011758058393880907,-0.28912429678450113,-1.6164136468076316,0.269895841911284,1,40
-1.0371539099722302,-0.3797158202146883,0.5239518739379996,-0.8118796688667311,0.8184053998494355,-0.4895366719905653,1.375551913363207,0.14013753879091873,-1.214403496667101,0,41
0.18738836218413601,1.2231129450683034,-0.23717063112593234,-0.9721556533948422,-1.4927901206286105,-1.381993551174754,0.6014415936106075,-1.7649436613793568,-0.6950581213695687,1,42
2.0336410700059036,0.673636365708623,1.0571791296144328,-2.785405872725681,-0.4490036203715331,1.1183812821105803,0.9840414529044801,0.6111843482729584,0.14760786058429476,0,43
-1.337590019393459,-0.022468976674567223,-0.06937836694032916,0.8628761738997408,1.8920117699896957,1.2497575715479559,-0.06548753802161475,-2.9845862842217397,0.1252454023474563,0,44
0.8508012478877813,-0.35579657792987746,-0.6554060396046076,0.3681026481568129,0.19063259563121088,-0.33331499450800395,0.23955623724338154,0.5896442707685177,1.4471646335564083,1,45
0.29514877474417267,0.30452974933012356,0.15968796121003587,-0.5771548375561611,1.4842990909183178,-0.6951026620765272,0.9529814950227898,0.4214805341332559,0.04978420553700946,1,46
0.6193876242935302,-2.0222458092033997,-0.598063323648828,-1.5924872056449197,-0.28976909672896894,-1.3315816613576672,0.3317219466232881,0.7533996137313401,-1.021543986225281,1,47
-0.35290519717210994,-0.4954921445178963,0.7968048330570654,-3.3475505964875936,1.9050230835354185,-0.4066687190384437,0.30360427128371953,0.4315090756623441,-2.0638976412689174,0,48
1.3681740103660183,-0.776536344541371,-0.2300253079140055,-0.03255022308771416,0.9701010940126534,0.15121834399513978,0.17380116487733835,0.8040694161440183,-0.19361406172346762,0,49
0.3099153784426514,-1.6051514301799923,-1.3316181162114358,-0.825800250087814,-1.018936670392648,-0.6383032414308838,0.6909252921300084,-3.389262535522695,-0.5149209507491586,0,50
-1.6114039572771979,-0.11813638993902573,1.2760988288178194,-0.09401224410092489,0.45064293672396416,0.4546889519536365,0.9631090120434588,0.2731339577695926,-0.8630772184993547,1,51
-2.19223011625726,-0.16683791140476076,0.7186526282557465,-1.1890220592259844,0.426046487244996,-2.153276072043633,-1.3007017697541434,0.35861598387382976,-2.9477301112133985,0,52
-0.3118984936900584,0.6412790194105757,-0.5660145827367714,-1.4824141410588727,-0.43958027556224055,-0.7173921636594315,-1.9394054081418746,-2.9926966461211273,-0.34863483854653965,0,53
2.481166881422939,2.1524861327973177,-0.009197164050925629,-0.4739381960231787,0.28442374045197166,0.0860224250408956,0.5545285700218084,-0.8767272098145621,0.2987621143044219,1,54
1.432305846366376,-0.5726270026955117,-2.4431453052307317,0.14581809802128917,-0.00386227879186147,0.5981017797611552,-1.4032710297404474,1.4280302419716109,-0.11109531504246428,1,55
-5.469361067808757,-0.2397533247641409,-0.670290580449449,0.07142498043680509,-0.9011549513389546,-0.9753336776902222,-0.7830327985989051,0.1083702424548938,-3.169162996122974,0,56
0.09087912699413067,-0.4235433333907801,0.16221291724622394,-1.5588027694179176,-0.9644968199896021,0.035142224620872076,-0.4226580286171217,2.4303076658874554,-0.1592895458965855,1,57
4.5810364797933865,-0.4161452165117274,0.3949217672080263,0.45356003026458835,-1.5197678828100394,0.3113523830140507,0.8668210859166574,-1.297039818580705,0.9692871969298904,1,58
-2.613435357422871,0.5916247232846588,-1.6557345104979544,1.5538331422956793,0.6288712544525031,1.0303287322501544,1.003636878369115,-2.328618097134343,-2.650330358493248,1,59
4.501426107946309,-0.20318073662088057,0.4622624644542042,-0.7723178427228348,-1.2325760546154823,-0.4531829756295582,0.8267029743814807,4.537229059006071,-0.38808105939650694,0,60
1.3329045714670067,0.15367402056418814,-0.291489421253352,-0.04352946650466633,-0.5528959336937127,-1.635579026816248,-0.7238037443516702,1.4423808272935636,-0.38692290323133016,0,61
-3.9435928815467913,1.0601539147457508,0.6694853551747171,-0.3232719397152676,0.07268612506370073,0.5199100723365851,0.9281628335101157,-0.8100060874171598,-3.2770443742198374,1,62
-2.1522833352421853,0.04638355791654349,0.33432825353352447,-1.3286435742272604,-0.8635260630446725,-1.1298710165326669,-0.2828072651121267,0.19905273803807488,-1.440473262906686,1,63
-0.6809164447265442,0.16948104742061337,0.9579268653362378,-2.2569653844766964,-0.5028928587633323,0.9037327842984106,-0.7433592616256149,-1.451340825729205,-1.5632330602391091,1,64
-1.1628179034162809,0.6225313439371939,0.34857074429507295,0.826943460465196,-0.3602768468769759,-0.5409539034797328,-0.12369318951178283,0.4574895566559568,-2.2345474823754037,0,65
3.6389995740417564,2.4609962258425813,0.10131028322125178,0.7407563785031073,-0.7929315499398801,0.01193678018138795,-0.7875678697260957,3.0981050177284946,-0.8612743686473308,0,66
4.406272258833131,-0.5154392914359576,1.6183784768913128,0.026603121253563643,-0.3177037310668073,-0.5650342604664934,-0.1892662309368083,3.3297122759747584,-0.05851350316142312,0,67
-2.245303355068879,-1.3781883518331057,0.2580919766013363,-0.019887793852138756,-0.5425099077147337,0.599211171146366,1.4232919484238338,-2.3445458534087265,-0.9069581822770776,0,68
-2.4211702250063256,0.342399349995849,-0.8316922893199672,1.0825103927622437,-2.4235828128312282,0.0871360855498081,0.3368430229165376,-0.6675630478985612,-0.9735580562071975,1,69
-0.6533161710928076,0.6097147286535098,0.20620920830783845,0.2805000229198326,-0.48702086303450615,0.23843984438833973,-0.7249029262599722,2.261355030185284,-1.7259481552647364,0,70
0.9575899947557299,-0.3060454650644175,-0.9078688084774094,-0.3795600749291589,0.4513680314454664,1.0508882409468694,-0.7616452389357635,1.3477179614022137,-0.38017837985858205,0,71
-1.3660431078890334,0.8307939231033094,0.3766353761798157,1.0001008972055816,-0.25215685083557865,-0.18234036328361974,0.8209033054358572,-1.744717453744081,-1.756655310284959,1,72
-0.25712785933059534,0.21811355504055643,-0.464471939856346,-1.3769616544358936,0.8475803182091776,0.8879108862517512,-0.44266746064323714,0.5277282621298321,0.791656438691001,1,73
-0.7559065557393042,-0.06513833572888815,-0.39414359935289583,0.448317562430157,-1.39543764310967,1.3450186562715805,0.6534786562187334,1.7889941496621573,-3.4245623915103325,1,74
0.5999853208186119,2.4860202462776724,1.220429909588865,-0.46040692149697343,0.9162691989298705,-0.48544136910409974,-1.477349208854877,0.6591277853608193,0.10001742455765139,1,75
1.335988968278188,2.1356874094133724,0.3601912781016061,1.1616782313232301,0.15823086965328603,-1.4669059453519193,0.8630877860052469,1.640653233149263,2.0852152164278475,1,76
0.5025138393612816,-0.061229375201977056,-1.378374472320688,0.9952903995220314,-0.499635403112483,-1.12611397577874,-1.0713083276709745,0.7969951656701966,-1.0037498693765288,0,77
1.274759345268629,1.8329505259537546,-0.41853573333948785,-0.7880216187756558,0.43711300792073243,-1.266191019612826,0.6165953861145571,1.601008689483202,3.333676427643586,1,78
-4.834296764455469,-0.8018335869197718,0.10436878186941813,0.09442737971475966,-0.5340360293188317,-0.9623307674450841,1.505321519972564,-0.45212202331929885,-2.8664667375381088,0,79
-1.955407597788953,0.2549847324777368,-0.8186117520503523,1.1935424710049372,-0.8044767380716004,-0.7635405870758643,0.14222520069638298,1.4474759283559775,-2.0907194169284242,0,80
0.272619001896302,-0.4150446004376347,-0.2793532754133253,-0.8396916603612471,-0.0035057267586741823,1.1228254938852753,0.5273096933995635,0.6596866827373505,-1.1768881162492966,0,81
-0.44467908194442624,0.07667120561471819,-0.0958713062625303,-1.5843834266666759,-0.5812391970261442,-0.544081311017581,1.393858472969349,-0.32062030459380164,-1.5235791718868175,1,82
-1.2962820863579905,-0.3029282658056264,-1.2409090655098076,0.19177243364413823,-0.4003377182727271,0.16659057969910715,-1.672961609537135,0.27662157536796217,-1.2089219519885774,0,83
0.5895013490841823,0.5054195590744918,-1.0579366620089092,-1.9625304945209214,0.08592660933240631,-1.4469767155111604,-1.285087969866526,-0.18888572943328708,-0.43412588923425344,0,84
-1.356011505319605,0.7347485957410083,0.09939408956142959,-1.4622289725210473,-0.8253546569619061,-0.07750801114628608,0.7081298604952802,0.44886016497370673,-0.6991048420394241,1,85
0.33136468396210317,-0.5435217529450828,0.6947049704670458,1.2367718895022066,1.1525370103303259,-1.3245730745368822,-0.4621951832629567,0.2525689855382365,-1.2960149705820032,1,86
4.265312288193688,1.4072381367677635,-1.4333239283806845,-0.2280932319970342,0.12132728274562739,0.7540621272311238,0.43129981306371623,4.512251968924117,-0.2538572776545268,0,87
0.43450399479425045,-1.1439890013233718,-2.8166108000172683,-0.701178651923643,0.04175097336784854,-0.025716964887102477,0.9142595447941229,-0.3818286815763938,1.700474781515597,1,88
1.2248194518210982,0.24472791816001685,-1.8799117053720003,1.6355541783488972,1.3834901644375224,1.9098748679089967,-0.7297874874885265,-1.6465509007359977,-0.07620664648877751,1,89
-0.6920094670503247,0.82979081410692,0.8159059889844836,-0.9717275602551337,0.6518337321690524,-0.2369591399441459,0.05616725646711806,-1.5185075226421243,-1.5497306230219474,1,90
0.9909983294662537,0.00691944848858827,0.08970726268500426,-0.3569268537948519,0.3247023835507225,-1.9740078022656418,-1.8903418022670535,1.4662147563198706,-0.7491324102354776,0,91
3.92267973486327,-0.22380305105096313,0.6196631181624246,-1.2580199112663373,-0.6999653360405335,-0.06510053875530415,0.1752451940325608,-0.19481861885759,1.363670682136199,0,92
0.2373988883256278,-0.029799976194821397,2.112393328314427,-0.04604373437170928,-0.34139865313360873,-3.1956240884900367,-2.1318067842521535,-1.2124714171456559,-1.2419878859309228,1,93
2.8787949829441,0.8362195690513551,1.7365528527660827,-1.0531641491701353,0.5916570839354447,1.8867215592575535,0.865071489474962,2.0020010432573736,2.924949001002099,1,94
1.2913945395388613,-1.9581754288830124,-1.6047549879109688,-0.6284857063107556,-0.3488031548729745,1.2749773820208183,-0.23610401091920757,-0.9156463853834134,0.4060669429820243,0,95
-1.7760298165205641,0.9546421221064131,1.7508410716500276,-0.4757959447086059,-1.233817801774028,-0.051145631821634376,0.04348692860380232,-0.5685679111379158,-1.8212598619340177,1,96
2.0053335572775484,0.3817178508400354,-1.5686126744824473,-0.1619381465632616,-1.0644655390996216,-0.3693636189282426,-0.6928146080500917,1.557961261202009,3.2072693880537075,1,97
0.5613707988175491,-0.8705302562280075,0.03476901459326828,0.1594910244184334,-0.26020750135894166,-0.014269177594557755,0.2639743094361582,-0.016975124113536078,3.088122648239955,1,98
-0.6681495371861561,-1.0345386308482871,0.29827110460098805,0.6131740018915679,-1.1357508478582938,-2.0711798825804664,-2.0638850467544914,1.1413228957301906,-2.1815222920964565,0,99
-1.7839100552817255,-1.1036692709671903,-3.619537169968412,-0.9539161419959209,0.8099330151167708,0.18464585699325556,-1.0053349058597516,-1.6050674170752826,-1.3037400593259412,1,100
0.16176971063743395,-1.1878284133709622,0.5291703669447324,0.655868179146248,-0.9869515117257659,-1.1170095622303255,0.29885846375057956,1.5266786631198304,-0.37929939598547113,1,101
2.6267426338086954,0.2697489374919197,0.6675089224817384,0.029508591268061803,-0.6243219765982982,-0.9190197910689418,1.062631673678995,-1.1962027874894914,0.018036959436443123,1,102
0.19419151615141608,0.8684443105959316,-0.5582648758056487,1.9278129974385718,-0.048097423042657995,1.0955860002743094,-0.057827508305891395,0.9113229092022447,-0.7380311160882005,1,103
-0.14210249247737433,0.5632470008238349,-0.7854119933226567,0.6063001833470959,-1.4634361560181446,0.4405071726036236,-1.4098129026777428,-2.149554511848609,-0.3277665186645541,1,104
0.5034474421733258,-0.015365447646741283,-0.8887103506067264,-0.36567533472660885,0.9027438555188002,1.09667088749613,0.8462485085725001,1.273851826099392,-1.236477789983621,0,105
1.9629588198240147,-1.3828959192725379,-1.4200829830227115,0.4374244857229345,0.22177078244138554,0.37821216264389274,0.4940400192124002,0.6057889236101373,3.443842997080398,1,106
1.2134641292373698,-0.7152485188175908,0.7241672408771637,-0.6941767358853519,-1.7732074077890467,0.07008847520856673,-2.478638119127923,1.0013485334758108,-0.6226196600552965,0,107
-0.5327090086500079,1.106092522853374,-1.1376446042692774,0.32145878589092547,0.9194424164250404,1.4567894510905068,1.8522909540708852,1.2127499845614993,-1.399764181233956,0,108
2.2954001228294145,0.5827305583275634,-0.3094710746994398,-1.805568253985203,0.01936732748731335,-2.217314784660689,0.6435176776499427,4.038748003317856,-1.6583182979630675,0,109
-1.0233653844289226,0.8604009567555533,0.6747335553087742,0.8093600720105012,1.4983949574188502,-0.434743063192325,0.11237668162789474,-1.0648097626065198,-2.5027516469998066,1,110
-0.7253023485653816,-0.24764213068230878,-0.926924086099608,0.2813741339352519,1.6796372334212621,1.4890910161111548,0.45539194410251904,-1.1707319742215603,-2.338178260934722,1,111
3.171909857036504,-0.8097133072517262,-0.3178305420195441,0.583372231271415,0.15153888082527078,1.4153481469983127,0.6158547981500864,1.4670879683456017,2.9469759568021816,1,112
-3.2039985670154514,-1.250474143603487,0.6247420264815048,0.7294219383503361,0.9589501074502395,-0.8451669978400385,-0.13281060880247617,0.694161038050888,-2.790923314484645,0,113
-1.8016645508208045,-0.002931218506288697,0.628208011796339,0.47712436978790984,0.25840171553463326,1.3679694020252005,-0.9663882593312796,0.29348952876235823,-1.3618803996954227,1,114
1.2527706123563962,0.431268441605056,1.463417447976724,0.7704267719063206,0.36539078436214323,-1.242826058329825,0.2310710744819205,-0.33675583787427,-1.86585132431442,1,115
-0.5650310597305579,1.529668274287631,0.9779352082870972,0.8936480961224382,-0.48959488244877264,-0.007402396000651359,1.7733350570043276,-0.26485469114934246,-1.5550337272185906,1,116
-2.912111762648133,0.48205072830031015,-1.3258700887244808,0.6695805734803054,-1.342719664837795,0.4274993208920174,0.07819513169342533,-1.895997836255152,-0.9344191053973725,1,117
1.8454830464611864,0.7540542848457129,-1.0331362400785684,0.723022903730172,0.42256716467424005,1.3676605136511624,-0.026414999087045726,0.2238776518058685,-0.8336026080800566,1,118
0.8105464971393297,-1.1259776634723684,1.2522006555545784,-1.2715590702992374,-0.060576940251455685,0.4507156200324405,0.6707183224357742,-1.0936236747011128,-0.8022934988513293,1,119
0.29035663821792784,-1.1535709971018095,-0.6645614074647973,-1.1057054754195994,0.5702823044203353,-0.6103998335406896,-2.053829440163577,-1.5254002839952032,-0.9106247361862605,1,120
1.043140151539148,-1.0271174242187837,1.143319823961569,-1.4353559159910807,-0.6644371821053475,-1.0253338905324527,1.0994870253330813,0.6694799009113566,-0.4279096724811815,0,121
-0.8413447216423842,-1.9788681601400961,-2.28091210820784,-1.2050891663637544,0.015568274812603318,-1.6318705831329818,0.8640580536141788,-1.8460963364045364,-2.0149144873104072,1,122
0.7911122965881384,-2.859520038674442,-0.3202812299610218,-1.2293574806183247,-1.2060939462781195,1.3047743340434088,1.3741253925021604,2.474836083685111,-0.6946398577328173,0,123
0.08136559265276344,0.26699609685770814,-1.6692905299444687,-0.2842882277692054,0.7121866576270373,0.32252626325596756,1.416126282081506,0.9916326210451398,-1.2490175770229275,0,124
-0.5725041469302993,-1.568881293023388,0.2228021017188606,-0.5283967720203763,-0.6042894316091492,-1.61417633496484,0.19073072660711488,-0.9185799171672742,0.2749355377665592,0,125
-2.0175323989244625,-1.4256840815724963,0.3827396187084526,-0.2953819846892018,-0.01784640979348933,1.0294399127439522,0.3343026976252587,-0.5044669921469507,-1.2580607485105506,0,126
0.3443883965379629,0.013321019523264815,-0.918785308877768,2.3561289626774022,-1.341618975745397,-1.1366876164461543,-1.2988288180988146,-0.7583487487732642,-0.22774389114941196,1,127
-3.3602060665622626,-1.1951085602602056,0.21541140273012366,0.6922348854682575,-0.16589268284638348,0.4434056875422199,0.8522896894528121,0.9291715206584895,-2.7428999667754663,0,128
0.6396661976584368,1.2920536322271228,1.1057145758432931,-1.2846395953877447,-0.31356411297056463,1.1504870500333517,-1.867273551635275,-0.3116896652290164,-0.40647439696678433,0,129
1.107576240995796,0.18210603205732684,0.9686818916312215,0.32922586691031347,0.44329092660742553,0.4947501125352005,-0.11053290748678851,1.0987415605703785,2.4700427674130108,1,130
-0.30676324211466843,0.3571617361440502,-0.6748142442311369,-1.2776002651682936,0.6283300457417965,-0.5154963110282808,1.7467873866019517,-0.6428624097907165,-0.9853964273734448,1,131
-2.4913235703190195,0.8635713591358122,-0.42632681486826046,-0.09020717500783575,-0.23399757054656292,2.4264636746069916,0.1415321321496996,-0.12786404185579414,-3.025382292221875,0,132
2.3796498086389177,2.329617483453713,-1.5238586374474048,0.1705653832079994,-0.3448497524065404,-0.3426022407710725,-0.9389931962291679,0.05825635071155544,1.486735201317854,1,133
1.4706138344045825,0.4104298872509025,-0.6850184429350642,0.7690926629557497,1.7931143276074963,0.56819431730479,0.24543272422378476,2.130213391059815,1.6869856198874182,1,134
2.6185738012852147,-0.17448450661702508,-0.4691296593240883,1.0015304243744003,-0.40401143063479783,1.1876411393589066,-0.11129290760530697,3.6496130994642657,-1.2106796365655201,0,135
7.456969913096969,1.1815631368820916,-2.325631677841348,-0.5393981015339728,-0.9668815259640182,-0.25204912463485596,0.34003460920573825,1.257787314944802,3.31112891952983,0,136
1.781088325582419,0.7790295379797135,-0.11258146453394725,0.8950868360643341,-2.2936972502275568,-0.4447625813337491,0.02261002381455466,-1.3668405387567517,0.14149893295405236,1,137
3.406501576734811,0.6870107094481968,1.8968891561650703,1.1864610373303244,-0.38968064229955557,-0.02208631499157738,-0.6993034391025061,0.9775502100761563,0.47317656805937314,0,138
3.4451190128725417,-0.32779200392716895,-0.1129564652291107,-0.07072004890021245,0.7353374532525071,-0.4038989108644139,-0.5358567265693976,4.185036094715285,-1.0919842155854127,0,139
-0.8182527795990621,0.7482806471485977,-0.7082363191646834,0.3219364441896375,0.40086101146682657,0.44406597792336067,-0.111927250405041,-2.4073498049491677,-1.140851018438053,1,140
2.1424721491612173,1.0526493886477606,-1.6352658859898686,-0.4726843884369919,1.3560463466314419,0.5155156340150927,0.12319366136479747,0.8648407535290712,-0.09276374216597905,1,141
0.18843158321921008,1.5371378108818,-0.2065467344489439,-0.12371717013848645,0.16111595885617766,1.1061717517923306,0.7528483312002712,2.1880854307186643,0.9679233181127666,1,142
-3.877119010045077,0.7935841176691436,-0.628409063962174,-0.13938039625977947,1.6815883759249644,0.7310042450668561,-0.42652244809009326,-0.8735781079326279,-2.3219599449761326,1,143
1.8557340391987052,-0.4065269251031607,0.1871840274885842,-0.11348539083663012,-0.27062674654025753,2.4616950171848235,1.2194930225666292,0.3579681433917369,2.763136578673395,1,144
-0.3592340543027862,-1.1714143920939892,-0.7539698852904091,-0.020426742247011312,1.309813335192124,-0.24141983551822463,-0.2764512536598367,-0.02001845832212945,-0.641338183611299,0,145
-0.7666231330207385,0.3717360280120473,0.5772483723755298,1.0784307441987107,-0.6608943369861829,0.011095220319579394,0.551334216089744,0.3533041019372912,-2.2129350727781008,0,146
-3.2325910992521796,0.6507397040931587,-0.6985530493827176,0.3747785308586731,-2.4266179602311997,1.1017204865890793,0.7169219523855107,-0.3112658133914349,-1.544466032276149,1,147
1.1850664135037274,0.40391558131571953,1.2619671159963644,-0.11540933819978547,0.646668746583331,1.0787190508030151,-0.7749165337272668,1.6599843754048775,-1.2115105579011716,0,148
2.2087867877573677,-1.5886881303775897,0.4846907796184085,-1.8739700756824453,-0.40609112889156374,0.23125774718408365,0.10653496705378047,4.136188578231767,-1.0588667664572136,0,149
-0.604757937691567,1.7534046273129709,0.32862611537610237,1.118498180421683,0.810726667239015,-0.3006440397359652,1.355661895889928,2.2671170989084555,-1.6906809059121521,0,150
-0.915236624393908,-2.654162345709856,-0.6619364087633757,-1.2981645335327363,-0.9974337387517476,0.3703091277256091,0.9092339421829703,1.6174868920930567,-3.717316602662337,1,151
0.6438028635444696,-0.7751476444510825,-0.7221392166288632,-0.7006263702385765,0.9830501486789515,-1.0395033686039297,0.8021567911628121,0.6002905448445914,-0.10821086565017413,1,152
-1.840105890870553,0.723348218864005,0.9180314686799862,1.6453818327071346,0.6870670696361196,-1.7001760126188237,0.6009383807117261,-1.6124807461731674,-2.2438685409696575,0,153
-0.9636589485026708,-0.28749098012453,-0.4931232515794686,0.8182266164596151,0.024107168287894772,-0.7467038962808958,-1.735487535167645,-1.7956729589099951,-0.45283922110722974,0,154
0.4442738392271867,2.11268738714391,-1.000701436779549,0.8425924426888154,1.0430704919703606,0.22652154024166818,0.2526563456989241,-0.851954394777555,-1.353424020629587,1,155
2.3139941181120327,-1.2174801872358345,-0.42867479688130566,-0.008585201859605372,0.09293023411398735,0.23053712782830446,-1.0837353699401664,1.4022257562737326,-0.24751029455612228,0,156
0.41690113064060075,-0.5174865483256956,0.19796609997355485,2.3402964980453067,1.2348790173863373,-0.4413587915148518,-1.0081299567768498,1.3688732859938124,1.1088578964443478,1,157
0.18472301688879872,-1.5549488234341493,-0.25385907714507105,-0.3984816451323545,-1.635197509984249,-1.8132980723663006,-0.2730212174159279,0.9065544643977909,0.3031383511439427,1,158
0.08367701528948475,-0.7061286121861053,-0.8244853056535114,-0.3515368762486047,-0.746927693372195,0.4106745854198008,0.1350531658122264,-1.6274170084556299,-0.11258104577888695,0,159
-1.6792146750973276,1.0973012889525897,-2.2173089054711967,-2.6717142433836316,0.8512333705208499,1.4943366208944862,-0.5399295668892661,0.7176142121777402,-0.8558556828398679,1,160
0.5930910118525287,-0.16228244716741405,0.6291750910507029,-0.025347274750424368,-0.31487533206307944,0.13999374263643455,0.5488358830184624,2.9698550243099726,-2.2178252161412537,0,161
3.256697040884383,-1.6850588974175524,-0.3643201628489621,0.5931161204003247,0.028076534494549044,-0.7659040109460482,0.4167143492589161,3.1828298908773593,-0.1762611322907509,0,162
3.598274828602517,-0.34658458161881917,-1.0553862213417338,-0.28164738225493074,1.799064234023653,-1.7305061086190907,0.8261098366938703,3.9696100966603076,-1.0411971690402961,0,163
0.6458264534654512,1.2837191877332192,0.8805796708543512,-0.8816738583581837,0.3499319947444421,1.5210149413423977,0.6508501800122718,1.0180740740728036,-1.069808718081732,0,164
-1.121578860576626,0.5287746783588859,0.04109638193320571,-0.11687312836621294,0.5979310342286075,-2.1308379973558758,-1.2085905242423423,0.3117984552173372,-2.746841923635824,0,165
2.1718404775234426,0.10748571833141884,0.9802629527216836,-0.43081760238819583,2.5656515748356306,-2.725968850099476,1.6341410088854915,1.4373274119342576,0.22374122266841523,0,166
-2.2048865392386428,1.389443133517794,0.5474377714155506,0.7613485633734344,-1.3328079788234986,-2.016181129600552,0.44451754373295177,-1.7914086518539967,-1.0019551402404276,1,167
-0.9716404146182003,-0.4904002065731625,0.8197680694754877,0.7793004727322356,1.710250391117314,-1.396193316045886,0.9064245874010424,1.1209709156413323,-1.2696873773744886,0,168
-4.705928560369818,-0.4471502783061326,1.6352986013166044,-0.25213765264941096,-0.6939419888127902,-0.30448081739030786,1.3009064535471864,-1.5650984483290022,-2.190834198820694,0,169
2.0290523149357673,0.16594586281231488,0.16364477600286786,0.6086021639305889,0.6464767861983514,-1.1774859736064411,-0.3034393871369916,2.029284105648676,2.9553065822525477,1,170
1.7540040851778695,0.3306932266568553,0.21839964541077247,-1.2092487544616037,-0.2690993186764677,-0.9747908775978402,-0.1656813289113687,3.1781881956606206,-1.2203007835403972,0,171
0.22979117763562923,2.115613183331255,1.3760064863638541,1.10566072778317,-1.0023521099305026,0.9067156838508832,-0.35837809823226874,0.036274488808955674,-0.7342980855106448,1,172
2.8435193327833495,-0.13200385285427224,-1.5532832525269797,-0.7882191047163172,0.6659488378340656,1.729289675723977,1.3420227509932474,-0.9518659697935257,0.6269651763411577,0,173
1.0100883220176418,0.6943448944071322,-0.37243085303739826,-1.4276650104675974,0.028818713528359487,0.4279666733564731,-0.311959313116186,-1.3333100503315043,-1.3438807338910466,1,174
1.128798213917048,0.5664250279877657,0.10934057634090896,-2.2408467440227384,1.2958270717726919,-0.27888363747316974,0.7506927951289866,2.2679917430887593,-1.9500844224059257,0,175
1.6354817484144173,-0.31122089750855303,-1.5790401111179289,0.151157745253608,-0.4077270172686185,0.8469255812126805,1.1228314454991277,0.42183291438872916,1.3568745334970658,1,176
2.0284682156209604,-0.44443329292291694,0.7388232834503655,-0.14265419808920418,1.2803323038717285,1.7369429430193024,1.5790894560712077,-1.0341016941149674,0.29912571654593134,0,177
-1.0467577669114334,1.1585434512677808,-0.80317994579797,-0.4417467234969245,-0.82091315817284,0.04121277502800201,0.8832590162275658,0.327416651197461,-0.811401715998065,0,178
-0.5070327593378738,-1.5097989084835268,-0.32713704663827264,-0.232131252802322,2.5421063486698796,-0.4600020641118057,1.269266272924928,1.316790445479288,-1.3800983403831721,0,179
0.16065739932674694,0.04487323565970198,-0.9645679324291752,0.37448557759128565,-0.651910035385637,-1.381432652530298,1.0475136370876286,-0.15786183081393967,-1.1385643295603953,0,180
2.201077500418271,-0.3832148369586158,0.01920596800369154,0.5417376476161898,-1.3896296708555453,-0.7812724996943938,1.6181924894390771,0.31978672460305446,0.33462935879039546,0,181
0.1961595945255144,0.6437753809379322,0.12470690303046499,0.5619406165101333,-0.3700632845051798,-0.05433647974870458,1.0574892793021784,0.09367978038684321,-2.269765369407309,0,182
0.9984645943616545,-1.2359163752366034,-1.4306525137212387,-0.8773510038092717,0.8484960689000609,-0.3867045412754435,0.3255604071093235,-2.7554816855430513,0.19864051090491452,1,183
0.3260450494266888,-1.5701820997373575,1.6684781643340088,1.5284198465730907,0.30575330903406023,0.007282987050419192,-0.7786899631250612,0.08274684402690169,-0.6041784734197335,0,184
2.2361537119980954,-0.47445049546896756,1.6177170757757844,-0.9418150214473305,-0.40149168160748844,-1.2290028604944465,-0.141815297669161,0.790373030332116,0.08108827384981854,1,185
-3.6223461592778126,1.2495376393526858,-0.3362224142095311,1.2664270376268931,0.5467493539641235,-0.4089991792265975,0.6964764641679814,-0.9411941176212555,-1.802772278009371,1,186
1.1759892681428152,0.35297074972286774,1.0584747721189638,-0.7122892858062796,0.29416753800160234,-0.4131228857693131,-0.16676763087448562,1.363868742507023,1.778152641501047,1,187
2.270924287400998,0.7914859272852282,-0.3425545187493689,1.511353147977536,0.6687277509012798,-0.7863361038772816,-1.7457359145765963,0.656755604268648,0.33245535969575446,0,188
1.7938868211112546,-0.6947814747351656,-0.35268489899558153,0.29188002611631647,-0.6207337466025566,-0.9969069603303903,-0.9348866927133695,3.3477504039320793,-1.7681795560286013,0,189
-2.6111669995403592,0.32787360631045837,0.5086505435474191,-3.7574353212591856,0.9702157422712177,-1.2487746306749965,-1.9881546189214954,-1.457755623124529,-0.8498595733444204,0,190
2.2833021276633114,0.7723360402943095,-1.2334839099201262,1.7176476866808064,0.45844040185329793,0.5923407698213907,0.9374027104720325,-1.8879316333661,-0.6450074077925869,1,191
-2.546522049167139,0.8657011788346128,-1.2783128203538188,-1.339267121988083,-2.018462428472016,-0.8919192661546727,0.4441164261684147,0.5887380111652465,-0.029715172723073335,1,192
2.0817895116926017,-1.122484323722866,0.5859117572783072,0.9727103929221741,1.4247188303170473,-0.18675106650068315,-0.02471086506892419,1.1710908005726641,2.7673553634009425,1,193
-0.3665119050955651,2.833892231937442,-0.41504630860954944,-0.3534490287498693,-0.7762764839679763,0.35087053459271467,0.4032722774108696,2.57208052314719,-1.772800934161396,0,194
-0.9920500633320469,-1.1263703961449854,0.7676277622673545,0.6478049719508239,0.7405222889724334,-0.8337509418377196,0.3655715546381378,-0.008217525463186548,-2.0604530054436756,1,195
-2.63072395119833,-0.719033595962493,-1.7196275186655354,-0.2624810477468882,-0.3275594233689797,-0.31332087282762977,-0.36076641319634223,-2.7127147937821463,-0.4527059572883446,0,196
0.6793488089878394,0.13791652091806014,0.6668723450757911,0.5205018830769744,-0.3370574860446252,-0.050463047402838246,0.582680813015186,1.4774130162456236,-0.903037706316091,0,197
1.198601307463533,0.10801212243899831,-0.6036872717969974,-1.4704706937043028,1.4586575229376624,0.8385414775592605,-0.937869603161639,1.3652512501615128,4.183177961041252,1,198
-0.4464553228528584,0.5158553280253295,-0.8990231137247616,1.1977419366271709,-1.8766951084609356,0.47867436758652276,-1.1247465308643787,0.023044911562306147,-1.8613764661461096,1,199
0.8618169883221191,-0.5157673445295374,-1.2634031625456064,-0.5243486162483538,-0.9996488843142238,-0.1319776420317892,0.4460125107285377,1.0831648628381523,0.9607817309402338,1,200
-2.5548107884182,1.2528889954136575,0.5448068412694406,0.0930212882214317,-0.998335189496172,0.9314788266529853,0.31291798890117123,-0.9504461795188714,-1.612864957697768,0,201
2.0409459960673644,-0.49079202562160607,0.8108637327605234,-0.7491210759610244,0.9376148435095977,0.5205988811089679,-0.07141497837265344,1.3315442837965923,2.424827055560355,1,202
-0.9186645971412338,-0.4272725817655366,0.32402343422206537,-1.8464216590525009,0.6353518112991401,0.6786076590701907,2.070253084867195,-0.6895360599810672,-1.395528211928334,1,203
2.0084558948108975,-1.5924829722782052,0.901685122141679,1.3194217878148724,-0.3812707060316669,0.6352530648480712,-0.15046989748250877,0.4076713919893985,4.816315648634562,1,204
-3.0258661283770127,0.33986463328470484,1.9581522269127134,0.45531378783033694,0.8484564564700638,1.0298733405125822,-0.9150837506108667,-1.5462813658549501,-0.7653349701153612,1,205
4.529797849646439,-0.5641148006115946,1.5125307023025507,-0.3704326014104395,-1.13156260654633,-1.681880355022538,-0.34306254338566294,2.8575590172095984,0.4144858052677338,0,206
0.9786988642167496,0.2734077897503936,-0.4485906214500624,-0.7634876247136259,-0.8644916117566375,-1.0667675546846611,-1.6461963003787083,-0.49658275015544084,-0.8169012809637517,1,207
2.3331531372167866,-2.138988893613738,-0.2521334110010803,-0.19651291442616903,-0.13102010194028318,1.0651831801236402,0.4845131307727723,3.1290495534503493,3.0441668828968074,1,208
0.26689641787347185,0.3415594734479631,2.6041583532456154,0.3941288958921099,0.8682116183855557,-1.8901064726537538,-0.5506851265158396,1.2428246962719858,0.2423219953036989,1,209
-1.8751023628934556,-1.2990356362655615,-1.7990008402114075,-0.8485542590146132,0.2504425935159528,-1.7213539671940445,1.1446542192482123,0.02292914291257886,-1.6483423873720846,1,210
1.8380927933482298,1.3202429672526672,-0.9324969863289585,0.09251260427375439,0.18394640250141972,-0.025731755889352552,-1.0008091940426938,2.2138776124984476,-0.1810089316277872,0,211
0.49785061651417506,0.7654307292350953,1.5062332353968872,1.1561357486456394,0.3399049296657207,0.6969971029231489,-1.8100431225280182,-0.7286459571975463,-1.7800399598981747,1,212
-1.2852905961751113,-0.9490402912155661,-1.4722573634829728,0.12258106868047293,-2.2850201039320615,0.3913103208194433,1.4707624743207173,-1.6569646825746829,-0.5360324782223399,0,213
-3.658479172579593,0.18964739701198818,0.5778322886399249,-2.0354794285511773,1.083441303347885,-1.8680628413076206,1.2001415875264168,-0.04287383304197934,-2.2919304095717905,0,214
-0.0132418850737934,-0.8507648486877276,1.1210392638449234,-0.14810897947188312,0.17376920195727316,1.0014029102300654,0.7817241883143133,2.208735135395017,-1.3683170710292503,1,215
-3.762778233907609,-2.127845721933522,1.032893484091672,-0.12877425478424495,1.3137006117919359,0.7779377675803066,-0.3548545730742157,0.2663834746105712,-2.8779629927763493,0,216
-0.3361546126104672,-1.8443616622206864,0.5820033544286162,-0.7838505846547171,0.19844152853085534,0.08472993850013799,-0.26845256119676414,0.5262764408614753,-0.573356645316196,1,217
0.606374018435834,-2.35348319363109,0.1361958628054981,0.30054744840099773,-0.7081268640084478,1.716358498799454,-0.01706068714046477,-1.2065713195418257,-0.29263853599341705,1,218
-1.031083658989251,0.10448654160568759,0.3034422502910077,0.2816017539623824,0.35682849865796107,0.9776591369651063,2.169770748750665,-1.583085698344538,-1.6095616215457293,1,219
1.9338218642879832,-1.820552881661241,0.4399514034031104,-0.434032263769012,-0.20410912649344204,0.4479306733793902,0.8144667327485066,2.6095173215606944,2.307357826914207,1,220
1.15191703038624,-1.843401651810293,0.7032417288224123,-0.1712125037821117,1.0109421080529812,0.4214471827301903,0.40719991580648,-0.9837481392865642,0.22653732953974037,1,221
-2.004796912548471,-1.8166601035191046,-0.6904777115664219,0.7900432041297202,-0.596562929584653,0.9012962112060259,-0.022965900314450522,0.8117322079085068,-1.995066829517134,0,222
-4.247883408250018,-1.0137331535651615,-1.3357859623848647,-0.2776701970863062,-0.554202454952579,0.09313295739232577,-0.5059063354307114,-1.1209132721521702,-1.6779363878766833,1,223
-0.8611038216898812,-1.9192925788569681,0.16786239360676053,0.8645406694634493,-0.3948521036040913,-0.29685489373197,-3.0981471545207797,-0.2618264085260984,-1.1704985560219872,0,224
-0.8866659641495169,-2.563953967979889,-0.18373327476680484,-0.09785077021512495,-1.0979885674197973,-0.0353900781738251,0.46957889689839183,-2.161628134482387,-0.6656987673514391,0,225
-0.8106573131386094,-0.98124594860067,2.2048507220781515,-0.875091755375022,0.650231509449546,-1.468262686962047,1.4244504949072732,2.3901766727832685,-1.9925264539100045,0,226
-1.5699156025158953,-0.2531215762858126,0.948865245446841,-0.979022129575797,-0.3792459077712594,-0.869368250231262,1.5800187623238664,-2.013787649132177,-1.0571132467608604,1,227
-3.3572273862291557,-0.342589614137297,0.5248675778853081,1.1599624668414104,0.7880704016029604,0.7527086936061849,-2.1696480821845556,-1.6630625422469434,-1.2708328651819656,0,228
2.214093823211745,0.33254159045644316,0.1705551539461058,-1.5302141458225098,-0.6129894889335458,1.7389918103268525,-1.5696731250284732,1.1636581123060183,2.0789699131786405,1,229
-0.6526952451474857,-0.16820529063211523,-2.2830103724248696,1.2698139338097467,0.0809152255271209,-1.3302923563147366,0.6320484771210559,0.22836936466585556,-1.9852999505558317,1,230
0.28432411123906315,1.7693373234006244,-1.2645851145979052,0.1995073264388884,0.05641945327380404,-1.107852819556511,-1.0270155882282783,1.812712815879262,-1.1896522500461582,0,231
1.0366072438373062,-1.1059332245799558,-1.519105291242564,0.9810709238787138,0.023082555702404917,-2.080187972641872,1.3755907606524072,1.7288088161297606,-0.8560130287748368,0,232
-5.146619864494348,-0.23844566714956222,1.0665016591810415,0.840918636530436,-0.251766827070369,-0.6803426190998738,-0.2856085173890448,-1.9054208154369774,-1.609434314142328,1,233
-3.857867822197266,-2.392608148197263,-0.2554504313815159,-0.04606140412446539,1.216459777899117,-0.1633079550015069,0.7302838193069643,-1.7178527848258627,-3.5720924271882373,0,234
-1.3662213327077215,0.24937028272765205,-0.39092305952474016,-0.012143411138766203,0.24213315567402635,-1.6195560287674053,0.008588138508182646,-1.521008873615409,-1.638599526748851,0,235
-3.380846444509292,-0.45404639815968423,-1.8007174883715154,-0.7162669418890676,-1.6547849517952353,0.19358699506569838,-0.26516177223404164,-1.6858671878410054,-1.1201681918148956,1,236
2.3243679935133734,-0.06616155380558271,-0.683921525349475,-0.19966367418641565,1.4713149777599452,-0.1755712091840432,-0.20990779110796134,3.438316680688571,-0.8566530319716571,0,237
1.5016782504096324,0.3751900169422932,-0.4359169334535281,1.1428303395562345,-0.5209323602817835,-0.05315980572258217,1.1257568490321013,1.1981843050891166,-0.550621585264677,0,238
-0.403326714450863,0.7111924534215757,-0.3636132959016177,-1.9223141054539656,1.7111072916770502,0.8900101268264297,-0.938954147968868,2.523662100536388,-2.5494987066926655,0,239
2.0372906259771972,-1.462883937739432,0.13159296056186617,0.43145995772721546,0.5717058930363166,1.3529420477706988,0.5143771366138569,1.620097334140511,0.9366337472840516,1,240
-2.1085331524175164,0.8473363253542434,-0.010901131003714686,0.231107168513459,1.7855867024760725,0.47590083452498055,-0.4953646267899452,-1.136306921286464,-0.7703177297423828,1,241
0.6568381604451901,-0.5117817241250272,0.19346537098823904,1.5676785372146538,-0.9679723903754718,0.6151188558254251,-0.7164729010665846,1.2537212744810264,1.5641618244986188,1,242
0.32310173538322906,-0.8902544200486536,-0.2280280297848792,-1.5224146942667398,1.4388263794542229,-0.6217693528332011,-0.34876446469964173,1.0489576137113887,-1.0384941746127863,0,243
0.5359483763875698,0.2604186067710959,-0.43600197022495013,1.2705053810343956,0.8105937992459665,-1.7433314020665682,-1.4932429867505084,-0.6835403711150558,-0.15148117121660842,1,244
-1.080941326610884,-0.07079242518472023,0.7067084702023088,-0.36409991015970355,-0.6139488594002418,-0.025441815478882114,-2.4809745673016015,-0.7478408792430357,-1.8664479628837927,1,245
-1.4166499928577418,-1.142595269487263,-0.7249040318247932,0.15303391737438812,-0.8955458847173062,-0.5251585306982606,-1.1225480905044163,3.0698994183386015,-3.526772419322314,0,246
-2.5890324860261864,-1.757472622092309,1.761011230334019,1.7240207155655047,-1.209418667715089,-0.003975671286582807,-0.31064688184828193,-0.09071982991890304,-1.2212528385050292,1,247
-2.430169400225453,0.16222461337815983,0.6817831818346296,2.008669008239167,0.33704869084474515,-1.372259452409794,0.05953993623099418,-0.2038872460812784,-1.8023986828284737,0,248
1.8940327864011313,-0.889491740488447,-0.2935224638814115,-0.44469002715287254,0.3835524037071244,-0.45022355303663136,0.5954589932786869,1.8587455672698505,0.949209903148021,1,249
0.7973279384479379,-0.9738283359082053,0.428821006012148,-0.7414954274106674,-1.0810120697625603,-1.2618897827267748,-0.08138569428412104,2.453006047946496,-1.9789410111487387,0,250
3.3451148645508946,-1.6512538430900197,-1.6632344792394897,0.1564220204206673,2.138282316458755,0.9444771321985024,-0.7078108009966816,3.088376290057495,-0.2915622462161691,0,251
-2.395652808802405,-1.2525161922076724,0.29407296281894457,1.6166411789888955,-0.0666113560055051,-0.2518927508324297,-0.9750607254204126,0.29767136511173686,-2.126140459039094,1,252
1.7146741700829349,0.41547515150624903,1.3091366419632775,-0.8903770582600778,-1.8688030582824706,-1.6199421316642872,-0.9009700184262551,2.5338976617248727,-1.1487433700816814,0,253
1.063456902360135,0.7590326768672186,-0.532633852777348,1.797733840577358,0.9384154217891143,-1.499867639262517,-0.5607944692399751,-0.34070317423765406,-0.41635467399906834,0,254
2.6659394173756565,0.41857288599115444,-1.314170759104837,0.35953594351786894,0.7933493236860584,-2.406238151009897,-0.9540544541045877,3.4644114489849693,-0.3191435076306941,0,255
0.11104586785382295,0.3352599949493718,-1.3556493032680186,0.8374572023585122,0.4814434623118279,-1.072235953355306,-0.2720943974841666,0.36031407778849045,-0.7540595910768,0,256
0.0343283315449363,-0.41154894830274796,-0.042804497568092424,-0.7143517832841195,1.1387808119221292,-0.8462336621965075,0.332655071477108,-0.3088056313052252,0.09196735212241158,1,257
1.0998252005098526,1.696791098740288,-0.4570138198521978,-1.1352253558884424,0.2254101426299924,-0.7408542264806607,0.12528546327868995,1.6112474945596302,-1.3556602779656102,0,258
1.2355023709063724,-1.6372279069240634,-1.5883692482505825,0.7488211811807782,0.7220269583564439,0.6580675755568536,0.5147580201800833,2.0358699231826307,1.7852919469856203,1,259
-1.3682692356029373,0.14170471665393164,0.36096088772505125,-0.6681645907735275,1.5065848461335745,-1.0811393326732892,-1.0177329400894606,-0.8760804925318662,-1.6104709775700061,1,260
1.6257814645084345,0.5555524818325563,1.2100213114457437,-0.6084600814322608,0.27830205156317733,0.737639200059881,-1.218818333217656,0.863609554026653,3.0626413023572034,1,261
0.633075304387566,-0.49774362542283473,-0.23110265066915348,1.1127725178150552,-0.04638048590207275,0.9261745266851372,0.12972304868337323,2.7379148293660807,0.5470069453014772,1,262
1.276178949362959,-0.7144960913030979,-0.6159561935134188,0.15334476760211485,-1.0237308537471699,-0.5122951462609718,0.9692305876119747,-1.059560989135231,-0.3264652328234027,0,263
-1.1302075474827011,-0.0856033323127354,-1.1635788999990169,-1.541478104914368,0.17126352582019327,-1.4177661931289058,-2.0601985472166997,0.8307281133517829,-0.7671592258504805,1,264
-1.3240929848451353,-0.8803161750079682,0.37251966709167095,-1.1728177872665615,1.3607863554791413,2.151102720289829,-1.2429333469105683,1.2930044771354998,-1.9499176583721782,1,265
1.078916161890173,0.2906214978498015,-0.7290364280265381,0.19888795535568732,-0.44126280485567565,0.437822878510287,2.577054329570032,2.7508919332835506,1.8125219984586776,1,266
-0.3961672916638833,0.030747583087498632,-0.8443284487895042,-2.329441651122576,0.6423725916415679,-0.3941557711847976,-2.5467321117621853,0.5559910117044369,-1.3441310252798755,0,267
3.43576724057449,0.04521571709750941,-0.7447828501171511,-1.4606426996778186,-1.6220263782875344,1.3755683911973327,1.878682479838358,-0.6290613811518135,0.5739227588282174,1,268
0.2879786181338023,0.5699013964426419,-0.9432427626437779,0.8638277286885493,-0.9254552480990578,-0.1013503103838119,-0.6470258002986568,1.802063564217941,-0.9962577064079017,0,269
2.7867458447601017,-0.435106850612139,0.5570979585709954,0.6244151389325244,-1.0915291090361594,2.0620511530068595,-0.5509903908437846,1.5591348081099552,1.5638321226178324,1,270
-2.1330847238743353,0.29439275913620677,1.1491370484685344,0.21964158661701463,-1.5227145097905055,-2.052874420349235,0.6993003997179001,-1.9025072197378279,-1.9545665392467506,0,271
0.14661799038987444,-0.10552482732608953,-1.5255799251838817,-1.19769935087518,1.803648596287526,-0.6063205852377572,-0.025243058663484013,-1.5438235277948693,-2.0447031585426894,1,272
0.8034958717402021,1.3333873002204246,-0.2964154436547553,0.581873956823205,-1.4619937798268778,-0.11101346213176125,1.3186179262194737,0.9936936571123997,-0.8074444033694563,0,273
-0.46036292610809604,1.282847553046021,-0.3317477920999383,-0.24470165672857286,-0.013288947872645994,-0.35138946791479164,-1.6365231763997656,-1.7063391243521493,-1.707848012279478,1,274
1.8424870841877796,-0.7924154118329717,0.4699735403318847,0.16450259004350581,1.3461197518982968,0.5465691628622559,1.2512505965246858,3.3771167020422634,2.938082344303641,1,275
0.3901834231559815,0.5320323254226661,-0.4263258664418094,0.47377236185884813,-0.28519447469178405,0.6699427761606213,-0.20447632942450086,0.32949008647366007,-0.35965719325478285,0,276
0.8744703964916676,-0.36912727307249366,0.04011908243657868,-0.2403008051482479,-2.0918640945508673,0.29977223560213645,0.7675900769499596,0.4760950896203682,2.367510387580284,1,277
0.8520156490683329,0.8820748152894805,-0.4681725156008433,-0.22351105901568988,1.0246398248307156,-1.150366697363366,-1.2774179481323846,0.18600241905770132,-0.4054582292949679,0,278
1.7697446038026432,0.9149234801178312,-0.675556159346789,-0.2552581566621963,-0.4740315359130864,2.1672459731329945,0.8950975559201985,1.0274527273617529,3.6845199556753983,1,279
-2.0164468955698127,-1.61029815551116,-0.12485241842666885,0.29197320006678507,-1.0603159900310417,0.036066060382323344,-0.6595378722631089,-0.18739197698581123,-1.6230575459252705,0,280
0.520577898942752,-0.6682689998441153,0.972911070368237,-0.5248128336822896,-0.9242189639800154,1.5680050310433193,0.2965513214313054,-0.44036980727962627,-0.25405637646456514,0,281
0.11349760026087884,0.2948435631526776,-0.12100720324288335,1.3494466825380171,-0.3821578620523226,-2.65494744061676,1.411646503919558,-1.0964199989237626,-1.8278221994058683,1,282
3.3885232371357263,0.7454472820569326,0.7255161387753777,0.038498485695272235,0.16343176058713194,1.3854863405180886,1.2840410068362866,5.241803196764483,-1.5358713789735958,0,283
-1.533146282392234,-0.7001329529499091,-0.9315981435288059,0.3222408808824085,2.0187249129722367,0.4569561821721157,-1.149487636578482,-0.41984327992652526,-1.1285093857511774,0,284
0.6757925664927603,-0.33037606334097747,-0.3054700292478684,0.33653838187097995,-0.7447569552398373,0.9118317785133704,0.9997148032654405,1.1481779192319017,-1.4924392276214087,0,285
0.6527447696025508,0.1982960337144536,-1.2774179987810317,2.6879762438074106,0.3741725411088173,-0.12680196910485925,-0.14248458157179603,-1.1062936572352036,0.4428518151826891,1,286
0.6305180703827911,-2.6993223494322995,0.6902559291228032,-1.178669236297522,-2.495707383782465,0.5945838047755574,-0.853677408287937,-0.2307978905850412,0.9801418096761558,1,287
-0.42297270286278243,-0.49737414965028837,1.093313378668319,0.8133710226294238,0.7560477759808097,-0.444691133350475,1.6301257460098268,0.7619343696646086,-1.645836645289187,0,288
-1.6202671862449791,-0.3988563971108943,0.024021027749844527,-0.7544376098037607,-0.85034709797423,0.7294187242115334,-1.1051730810190554,-1.2509599718167883,-1.7258519414791123,1,289
-1.5655507201377996,-0.665091948081787,-0.17173600889506777,0.7317864863922184,0.9157398191575445,-0.10985363780509941,0.18300995037398718,-1.30471297034169,-1.6238589409466653,1,290
-1.0203456233306374,1.9731048680819048,0.059913237091261326,0.7212781292490482,0.3241773085969957,-0.653677053748058,0.7818798426041219,0.5599599022090378,-1.9113036927425613,1,291
3.6865352343377515,0.0635400505023367,1.6610939118967147,-1.3817702424835547,1.4123806710927012,1.0341099905036013,-1.7171891333603786,0.9527725082556103,0.3456431095525472,0,292
0.2578326767454364,-1.3317689903878926,-1.0005526347347284,-1.6223984967559022,-1.2034524246244487,0.3141158493773917,-0.3103964849550655,0.3184611257918051,0.0406814237628812,1,293
-2.6221234470549466,-0.5248354791007701,-0.498691424809695,-0.7341591723709455,0.32701072997561287,-0.0805403246249705,0.17737934058427957,1.4860189894205855,-2.397024597478392,0,294
4.585538599496722,-0.7594181829134177,1.513794255131043,0.11907656822460898,0.6958333799556499,-0.030015732047902168,-0.774817263600515,4.119326441775765,-0.22779375906743382,0,295
3.051154230559685,0.4478928585579239,-0.8331944025358735,0.33782591593198863,-1.2869805642807612,0.7742910581643598,-0.028580751611073024,1.7216052690802333,3.410946881909718,1,296
-0.33501801030377265,-0.6062859901292459,-0.5921141931896984,-0.6309993558939682,1.7710211503980606,-2.1940903997612478,0.004910558563553437,0.38559086722756397,1.1375239771558423,1,297
2.5199037571216327,0.5469957248776355,1.3668094667202824,1.3279594786709628,0.7371813066985751,-0.5371594624806629,-0.35541430412854735,2.04773846932675,0.04192278326251486,0,298
1.750078428635237,0.5945169111701049,-0.06108352877975474,-2.0742808203295895,0.18494676932607876,0.7352414442896228,1.244102516156723,2.6795456287549646,-0.5226502493423995,0,299
0.7631414234761643,0.7686480879681984,-0.6181731623472644,0.0767629503307216,-0.16898649815484174,0.4861685979665005,0.8569962449162634,0.23743457396898504,-0.14301388471957888,0,300
-4.068798208066691,0.46515399482691894,0.8097357497947946,-1.3001822433097072,0.058755387939084004,1.1278099799572492,2.487200767392342,-0.8646192093980692,-0.6946211356547779,1,301
-1.1548398257774979,-0.09022459790015883,-0.4118713992431347,1.608888093413138,1.0484018731416267,0.11959795457485885,-0.38338190226126884,-0.5246592333904172,-0.9002754405942966,0,302
-1.7583656808710213,-1.157568057768597,-0.8859287054649382,0.4720114314628812,0.24955643030755706,-0.6455518646949785,1.0522019076744338,0.5045477279159183,-1.4329645512382054,1,303
2.3024268866901934,0.2781254895361048,2.0051963402354454,-1.6258920273744961,-0.20762525670109364,-0.3114243493535451,-0.9339919596369565,0.6947299827652161,3.903878800263982,1,304
-0.9005416354064537,0.6992510888287639,1.7381467583261392,0.6729799604696928,-0.10190237177542805,0.4960210635212485,0.5701299455178457,-1.4408952903251309,-0.6208246622030098,1,305
1.6893296307963577,0.6040476593785556,3.513676313065459,-0.9751559462030559,0.3385937497892153,0.27726029436616295,-1.4260393293170575,-2.0004331557021695,-0.8757339872495855,1,306
1.2423228642083013,-0.4648233551271014,0.5190695393722207,-0.08891259090346215,0.29723427249751627,-0.4905236525315732,-1.4157710130558239,2.6896088254857244,1.035291295398481,1,307
2.250233411323018,-2.4352655719912657,0.9758820833077517,-1.6680151436677062,-0.26776113604559193,1.4536681740739517,-0.46644919190686945,2.3009844625753693,3.6600866566366097,1,308
1.4192871372385782,-0.4002581409471725,-1.1366408834672381,0.16319402465516725,-1.2746112913601737,-0.19295398959976662,1.0527689396115851,1.7269678730719442,0.7603555584767763,1,309
0.4657624632305599,-1.8387767179789956,0.6426567318548759,-0.8147181812341315,0.8042562729474444,-0.32768654132878167,1.441805329015908,0.48660586844211684,-0.4263392169523543,0,310
2.1982228383062714,-1.4038933514001541,1.5573901576496667,0.4503188267807239,-1.0426974091832864,-1.0324649759681026,1.2108172591919983,0.1160707006395767,0.48229527697337793,0,311
0.049456801049393144,-1.0176392518337791,0.3713790976173894,-0.7374053455801753,-0.26164355290069913,-2.5820591707634684,1.9588100681422542,-1.8001285515722705,-0.5331934282083779,1,312
-0.7998176892580446,-0.06405643464573949,-1.4858332395471836,-1.7220235808146191,0.4447222620741773,-0.1090878971166739,1.3892851290935988,-2.1939769839026635,-0.8708089754203532,1,313
2.917222338591809,0.14219313514130974,-0.543829053927893,0.30038093695788537,-2.0205935003323385,0.6351270937507677,-0.2940473139662285,-1.4751891536396906,0.15137363275011473,1,314
4.5542201728442695,-1.3236153984890395,0.1225607988278583,1.4203798480283505,0.45209728845068775,-0.5492281394953984,-1.9730149999848399,3.2894123403450957,0.4568668459629104,0,315
2.4835304910195126,0.4721404024255661,-0.8042690495286687,0.9094496131899353,1.5376006015739785,0.5103204124441805,0.49722023844336843,3.2587691859755474,-0.5066742721969006,0,316
-0.7594514710033232,1.330157225136864,0.17209287613183,-0.14913383106290795,0.04572279568544535,-0.2635209201591318,0.9687451087912454,0.7152841758447952,-2.4700832428345945,1,317
1.8770875883724811,-0.295002708517136,-0.4451854121582469,-0.09748522597705872,-0.2573892662849306,-0.7062663479041092,-1.2251834985716743,0.2057811917971314,1.802148765971113,1,318
1.965873659974719,-0.9216531197782624,-0.7809697071601542,-1.1047263050976748,-1.7445649518980362,0.5394019882094079,-1.268691976843173,0.8841137156187654,-0.4997942047821805,0,319
0.5335704025907765,0.7019377404766833,1.7754145751546893,-0.9004579779694477,0.3077352688284212,0.8137861787342837,1.4873798070164521,1.280272503153494,-0.3156287043396191,1,320
1.1162726994176826,0.5891552112188644,-1.4044482508332632,0.5574560004726746,0.9099903475945239,-0.5527147286079154,0.10280638445942597,3.284835313368351,-1.7694775752327008,0,321
0.9456124869788962,-1.390894131258771,0.9815328752991211,-0.48234157521273674,0.27491271078750706,-1.015628254718246,-0.22873502625875175,1.770679696550716,-1.6134021365054778,0,322
-0.19714252858898132,0.6259596487811641,-1.6941546618245804,0.2340659910556799,-0.7007166605407599,-0.8006411644518884,-0.4484913697871005,-0.8873114664135173,-0.1253179220022127,1,323
-1.2185528367253553,1.0966131834620525,-0.4713265035703927,-0.42801193205420235,-1.012154038322279,1.0785951161118736,0.5551408106255694,0.45782440447602546,-1.6822624564317596,0,324
0.360407147986077,0.4633561570182974,-2.054754692432885,0.17949336279124653,-0.8902193420638422,-1.0715789405176976,-2.1753814320391736,-0.810557576342693,-2.094522182242727,1,325
0.778181304361404,1.1085315772530144,3.3845388598946484,1.007209102997765,-0.03672313763077546,-3.299410445554966,-2.220453751503902,-0.2887462197307059,-0.2687755279127282,1,326
2.6920440217422392,1.3108827266886962,0.014611180300383027,1.5154796656876108,0.5905023187952785,-0.7804042777105111,-0.4434864390182549,-0.019493476321042702,0.5750385215040936,1,327
0.18587692841979395,0.9390519244075611,-1.4769688615746857,-0.85287820987419,-0.49730722022471474,-0.8514515798502055,-0.7282723260188415,-0.7320220130911899,-0.8454295085148154,1,328
-1.6451398789794796,0.3863169679584866,-0.4247716341168265,0.9922521257553025,1.2007077511836866,0.866320364823763,-1.2804158034165904,-0.1890338946411212,-1.2471029124373134,1,329
-1.0433257830505354,0.9708858890881581,0.7962627995269133,-0.5440592180188311,0.16631650937512346,0.6127062860344694,-0.4297193890991661,1.268592623239606,-1.6312210043210076,0,330
3.5736485652006516,-0.7092717171438492,-0.2026796750711744,0.061310397556036705,0.18359472430730595,-0.47876251908483464,-0.7197588447268848,-0.2270414681135714,0.7647374681982142,1,331
1.136604401247777,0.2462818129724983,0.3817247448468266,-0.4405635339398941,-0.13745055695597733,-1.2938173650678928,-0.940686884970515,2.380223779258382,1.7738861927706062,1,332
0.7494429175283139,0.22877338002468198,1.0100690205936127,0.0403304008891439,0.7471412320266032,0.5628399963216041,-1.1137455204218745,2.802928826803206,-0.040908664706085895,1,333
1.4396489899519893,-0.8740604823997152,-0.5056883931084507,-0.5814317037171435,0.4985108042011814,0.6704054890594515,1.7963707747586768,-1.7150763764358052,-0.5906400749872348,1,334
0.4194007614661258,1.1685846151954142,1.1999802179479444,0.8066431167227499,-0.6013548170709753,-1.1534672011861151,-0.6657998701017707,2.589444386359516,0.563228709932712,1,335
1.0717319975867623,-0.21524785809539165,-0.047270379229430746,1.973898578442583,-1.1473064837490112,1.4270089026990616,-1.541288660901958,0.5046770864172253,1.0259604606317756,1,336
1.2910100545434342,-0.13036128097934865,-0.9982930583210694,0.7786273646421575,0.2696677889872804,2.041190503194086,0.3376125925551852,0.06533702463968971,1.5048135625500323,1,337
1.5925653438608542,-0.526624946980564,1.4011040654640814,-0.22090025092110704,2.5333390006978433,1.2145080117778038,-0.49017850813700087,1.6171367133590637,0.7420143730351675,1,338
0.08481809420070677,-0.9950849678878427,-2.6756846490362367,-0.4475971905164135,0.492239464464855,0.40146414186699486,0.9690405516353497,0.02391989317892329,-1.765862302174281,0,339
-3.510282664489245,0.3256845252108263,0.8658615583337871,0.5881633094120218,1.068687353658907,1.3533549225882027,1.2004943444400167,0.05905990339157041,-2.295440249310151,0,340
-0.21050142257377805,-0.8953845421915589,0.631942237742184,-1.5860951923189115,0.4324353876560606,-1.9698967934405984,-0.19759456872235912,1.8622539695088265,-0.10078031068287685,1,341
0.4493396161099456,-0.5757777549240405,1.901120731267607,0.9079991561824573,1.573599639232585,-0.5996636543589989,-1.80817792253016,-0.9731821580004423,-0.4837592271670026,0,342
-1.2202518868597099,-0.6676846546932222,-1.9552551590915723,0.534302049730166,-1.554378079123601,0.08460774371294438,-0.6529019851784491,-0.5291381045621706,-0.7025945215894107,0,343
4.222610965576898,-1.1216466229495925,0.7197829516672926,0.1899139709201114,1.0083544936940132,0.7441577788946403,-1.8265557591292327,3.921549554231105,0.027660941815881745,0,344
-1.52133955852245,0.09674391293904691,0.7700224871307078,-0.5934206101779232,0.15434423264234098,0.017969507218870237,0.12347231450854004,-2.5640127943689275,-0.8138926775736832,0,345
3.909576025829298,0.8458511844690035,0.37444122445183187,-0.3421465631234604,0.9012067804923081,-0.4444775331910273,-0.20331653382972917,0.8123855302485701,1.1858953733375177,0,346
2.111054124497214,1.539017375255416,-0.12151967820023801,0.20788037677769067,1.4586813374587233,1.1340005008147496,-0.9115099686768718,3.002685090078301,-0.5474405439390507,0,347
-0.6497545105243978,0.7634381813894765,1.2736650541304377,1.1741881650593213,-0.7928636050723185,1.5751373210879114,2.713619777528997,0.3747160039730911,-2.1755129770790136,1,348
-3.7492112131523867,-2.0078985737640673,-0.20648597646606412,-0.09495636950312068,-0.46857970955031664,-1.3867758626915754,0.08494807836662877,-1.8965001937751276,-2.8439247965901395,1,349
1.5261710805881923,-0.4910296980779872,-0.23595548602317878,-0.40197097205696275,-0.2799245423220071,-1.2826294319269398,0.29953250304321183,-0.12000009568943915,-0.7003056454431098,0,350
0.7657577905596027,0.39380883799126415,0.28574016127659174,-2.0073608522590525,0.5024883236221023,-2.413448170283476,-0.789553685516321,-0.38201573319435544,0.538607154971356,1,351
-0.6442109600369509,0.07796847219394218,0.07087187047536225,0.20273168823968934,0.3815515758892609,-0.2539283100109162,0.16899143141433093,0.5563650915705081,-1.1175836006982691,1,352
2.337235409809583,-1.1064745561139018,-2.4050695499102095,0.10175105077163857,-1.3680741085319894,0.5674887211299786,-0.37910174834874727,-0.07344443515540688,0.3567238368811534,0,353
4.71831095334879,1.5016346186299734,1.4057186433942654,0.20778184872621697,0.99997606893382,-1.9161643812659455,-0.9773832502346362,3.6077972210179654,0.5298042960636571,0,354
2.0372962674078643,-0.6713238076569781,-1.5360816755659061,-0.4796414053936284,-1.5659710486073255,1.048406632234971,-0.29399520860356854,2.3238978976489877,-1.1063695154645017,0,355
2.589814496530532,-0.3774009640534827,-2.1171716879951163,-0.17797974883261283,-0.010239397817224511,-1.7802101698159276,-0.6901408375488947,0.6935104705873757,1.810044954167373,1,356
2.2590968426168963,-0.640632230135962,-1.0848787762763399,0.3174182735037912,-0.3635620445525684,1.4338344891601564,-0.34051204471117696,0.9177972572972348,0.7624440269763233,0,357
-2.479785319369008,0.8245151560185962,0.8805628943076674,0.7984770104452468,-0.5375840551879599,-0.5175334889131944,-1.8527095348652787,-0.8716566954909416,-1.2579911906727639,1,358
2.033777984800815,0.7764149186384308,0.04379164786310843,-0.79076671325505,1.5132410811767127,-0.7964806184983622,0.11845954873922036,1.4663339011847152,3.335621096337427,1,359
0.20840134208219163,1.2124767039620095,0.7351552319892513,1.094650815910273,-0.4581593285932139,1.418867589802212,1.3575882092768423,2.2682397379401045,-1.8123417004778166,0,360
-1.6800484168467567,0.6850693709324386,0.06290973059478448,0.6576356647244124,-0.33383207446018304,0.2078824286333278,-0.024023127365470052,-1.0512786828473755,-1.2936814482915706,1,361
-4.026231979367475,-0.37600315706297405,0.9909961797249501,1.3705086531082344,-0.5941201885449019,-0.7577050013726065,-0.9661420287898361,-2.27281413641896,-2.231499053440535,1,362
-0.5652686530095841,0.13324005397481176,2.1597423126681368,1.9697026790511198,-0.9628017639684975,1.2515288692138995,0.8026307013236168,1.7189589115780117,-1.8392718348342911,0,363
-3.2410968454390594,0.21523861318770118,-0.06594360833295647,-0.09660848485687193,-0.48640908866705174,-0.05574617812386366,-0.5541359462103228,0.13022990732733652,-2.6517912232346754,0,364
-0.9061362599462099,1.0943608572807824,0.553297424401331,-0.4048296410783314,-1.560013095298083,0.8726539356295474,0.021410628404289655,-1.4410145498826437,-2.7786721427576158,1,365
1.974091555889023,-0.8377590998621844,-0.29005178328421694,-0.7585177963827974,-1.1918156909863078,-2.9306252724774917,-0.12406067793629047,-1.6527528470569177,0.24688326055264231,1,366
1.8573638931705432,-0.8241334836717222,-0.9457716460732776,0.9362057375372538,-0.010742546650795135,-0.3810764544467266,-0.7122019585853434,1.583726576981405,1.2196398033728526,1,367
-1.779254119151401,0.2874796750148208,0.7671469014357418,0.1598460497127946,0.6208417480333385,-1.0731591448312356,-1.1244034957402724,-1.6106204708889562,-0.5790020198238419,0,368
0.3663772115007499,-0.6163654291823402,0.3066983736594359,0.2855558895403972,-0.5507167881185753,-0.6798277099612238,-0.6914122042764048,1.9451884552312162,-1.9672874692280178,0,369
-1.0119732089551763,-0.37740118505126974,-1.6322033369710098,-1.0069470496085988,0.7198641688472236,1.550278824078565,-0.6083983130978005,1.4928887413566478,-2.0461703930160335,0,370
-1.6730941841151006,0.7828068249924234,-0.017535908683452835,0.9240110572571723,-0.7213027504574568,-2.318200090748849,0.4023519884543412,0.9330133558805641,-1.933934286380315,0,371
3.1902921949543805,0.9088124113499689,0.2080550318240541,-0.40797147810125295,-0.723131298017258,-1.2538048271000084,-0.6744143144101269,4.781310109034276,-1.5417047692833283,0,372
-2.6833065239662464,-0.5577784798460769,0.9862333952756012,1.33005659821205,0.0565155544836897,-0.2419196587371638,-1.2782980138486675,0.17331184370826513,-1.8557337221834906,0,373
2.193685187404339,2.2725276138044332,-1.0223096560479346,1.822271226723243,1.3154402182249612,-0.337502066157465,0.5081792890523279,4.286545267737683,-1.653257877435248,0,374
0.7476306737594002,-1.0077842719176842,-0.5831971578837205,0.4310880736371018,0.08710621930597107,-1.0119419465149249,1.3809265638012977,-0.10505403617780473,0.5747631053546012,1,375
1.7459364285896897,-1.3308092618619995,-2.050799855994148,0.23424404203927096,-0.6823110722071305,-0.9242320153191936,-1.5460923203036723,1.6610389631314404,-1.0559490248072776,0,376
-5.42257588639414,-2.334415589215141,0.5906652967043781,-0.5883570224656404,-0.4113654880221563,0.17944839173657484,-0.27237962308522584,-2.0418199666371555,-1.9335218246123662,0,377
0.2405113003945129,-0.673185236463088,-1.9080479405695796,-1.1920263419831856,0.02497126237099896,1.6918348375245835,-0.624084745037494,2.2150108196566887,-2.1178548282582863,0,378
-0.17304786843907433,0.6555673984218366,0.4913651372326318,0.39147672077115386,-1.2376427261280285,-0.05903983159068665,1.0245044244477175,1.5034819143618336,-1.7336538549292237,0,379
0.7820329477104689,-0.14595227263352686,1.8876865790080442,-0.04906552846734478,-1.2260675264464345,-1.7756722535017242,0.21717637258489192,1.7851922483703793,-0.7998708749852959,0,380
-0.17014032736444107,-0.5618846512624851,-1.2034140699711293,0.475201627947098,1.4441433207128669,0.8172366189978882,0.6005097972271872,-1.1893546339503094,-0.6874485687486109,1,381
1.0670770290156144,0.6408883245136204,0.18663265651273872,-0.23650637545752326,-0.9544230996419096,0.5193463295971338,-0.45838807685368677,1.2998582698502876,0.8552127253768044,1,382
0.41952764759324984,-0.9228129499824342,0.9166737118471837,1.706462455746808,-0.5009405371965816,1.2435456010978068,0.80633201905893,-0.48556114473701395,-0.6629700566190454,1,383
-1.101572438905839,-0.8377138748720581,1.7014237404403703,0.3144746111207469,0.844853590025043,1.184061614408482,0.5098251816073188,-1.374003940745894,-2.219862907305327,1,384
-0.6741188515855767,-0.7298695864625924,-0.5865289930926361,1.974396744480029,-0.18588543607289654,-0.6763331514442503,0.18344657621813534,0.7312485208153647,-2.235666552795251,0,385
-7.298062797917486,0.40477585777353403,-1.3341607557492254,-0.5243181139694079,-0.9334385138729933,-0.6604695199582961,1.6426665178563478,-4.34147718695851,-2.350081172832228,0,386
1.5967458253011713,-0.48466725873343997,-1.7612425786366435,-0.6199556973136181,0.259133655084339,0.26252801232332496,-1.8203980480718356,0.15498607159500122,0.16045956089760383,0,387
3.2325976433200236,2.0599179084144734,-1.6601112599137606,-1.1208471535655697,2.0268023689369055,-1.7702441759754861,1.6393038833690963,2.2193834851996863,-0.0741271752902819,0,388
3.9838617266491667,-0.28763746103701304,1.1072942573856106,-0.1256653852725217,-0.9311880324535422,0.40654029375198053,-1.4660596703982691,-2.6424177759457868,-0.19299848341308834,1,389
-1.0753920916023643,0.002465829487519671,0.3523521103140539,0.42554129427578086,1.4610256223390974,0.45450257208562816,-0.42026827411085543,-0.009755618112335274,-0.8578179156058012,1,390
-4.438836066897215,-2.443083621848954,0.3533167072516935,-1.016888549129112,-1.3367758782752475,0.0647687896196319,0.5343765628400474,-2.0631693351659495,-1.6433709070416604,0,391
0.8395649837953799,0.8099344925008359,0.5418928204759059,-1.6917018225949947,0.8903820957650477,-2.0021425532405512,0.018280085758821247,2.0082070686536584,1.8538561075886721,1,392
-2.093891304422186,0.0870546368075889,0.13374294128699266,0.18917808231135325,1.2231052939763496,0.07085890482031604,-1.2261473645198493,0.11818407251673868,-1.6208750753240806,0,393
1.4449595564362445,-0.0635742772052676,-0.3992342192971013,-1.1546521849035831,-1.6455770589327428,-0.05542664775446476,0.6844227200437256,-0.4475874513214163,-0.8169870555321109,1,394
1.5180860289974951,-0.0694340684793298,0.003988560511122636,-1.257645437799047,1.1093801670164412,0.9173107984708001,0.8547880014130466,0.6281415370280969,0.1978036148718425,0,395
1.0991506816082646,1.6968898195806401,-0.628330834589551,1.9900295135191748,-0.20023333539002666,-1.3692271134705774,0.478846867832576,1.470075564802376,1.6234800213838276,1,396
-0.6008778472037136,-0.971717179276927,1.3970105549865224,-0.8952171441525554,0.33052817290541564,0.21428249173813113,-0.34554274141749064,0.6462894641973301,-0.7898489254013517,0,397
-0.16903074302802726,2.1927896822643738,-1.1836328966144964,0.3880218052986303,0.25138603885751637,1.0147850596575199,1.721103239138698,-0.8549347271159065,-1.5587016992104825,1,398
1.2870216155597944,-0.7409371136831225,-0.5829002011534333,0.8558933054052137,1.1274543671225496,-0.4671406983178905,0.3385830908863617,0.8515731053536637,-1.3002496787179738,1,399
-2.6253809347470534,-0.5529049383707991,-1.0100864588595426,-0.48640551982541314,0.16118492225185851,-0.5495377985779493,-0.14006602627764192,-1.1971333187045854,-1.5809365470782435,1,400
-1.1196991929958051,1.6594194988582092,-1.631735399777714,1.0790113624135365,-0.5620938101481859,0.011286223160318652,-1.0201552225268864,0.8937964335193582,-1.5470705425833318,1,401
-0.14176725844252688,-1.0922781640311832,-1.474293055508531,0.39409310502821954,-1.0357026778131113,-0.8682807317999606,-0.07833789137611492,0.38731535760036107,-1.563391333393355,1,402
-1.4028047076784818,-1.0303076505733457,-0.650172272086158,0.20461822559046108,-1.3262027893636903,-0.348597716534829,0.037676204708587735,-0.9501757612650283,-1.7700216964098128,1,403
1.1583691668407097,0.541193007300431,0.3001509512361751,0.891070540910492,-0.14482595359958514,-0.4743518948893711,0.2506316743414634,1.4569177055938085,3.0310168078684163,1,404
1.5766355068132192,0.03352628747832037,0.5672468488575222,0.44398582156052974,-0.042150531681469414,0.41114353331964326,-0.9257846592636215,-0.04504802759743187,0.7585894756873035,1,405
5.806741502373486,-1.0165243621826023,-1.6683448881087257,-2.3263615597391976,-0.21610437118331924,0.5723852323079027,-0.6288979540423771,5.104680512282947,-0.4833502168446764,0,406
2.9220001989100615,-0.1016358477290527,1.0530000272987408,1.3156318621882446,-0.7270995401759647,-0.9308852437031943,-1.0396290784189188,0.07789082614879017,-0.14507379788110164,0,407
1.3885017546268144,1.2888800020518447,0.3681850364120082,-1.110587358690043,0.8378704176677894,-0.29428061256134996,0.8935920406314608,2.7774591400139954,-1.7620223552629417,0,408
4.598270222764636,-1.0404099418717416,-0.3267973428992907,-0.5197747896300302,-1.634693518754396,0.034009254861077566,0.6170630447352031,1.5294779292570433,0.4610532098195661,0,409
-0.4760781200582825,0.6717424821918727,0.9839235372444523,-1.7151199546946958,-0.23676055803754095,0.4078100146177539,-1.7055515908996055,-2.3301330399526403,-0.5678801003071781,0,410
1.7011361525029303,-0.42914949366660404,0.6236970675579746,-0.6383385688598876,-1.5791816761710757,-0.7079529306359027,2.0229420763065855,3.2988176909381175,-1.3297943264030665,0,411
-1.0033029220204557,-0.914047320840518,-0.696286082911922,-1.1422402519844435,0.9249578945057592,0.22518922479702655,0.9939720640754781,-2.33727146824421,-0.37459403084518184,1,412
2.2492975276297593,1.3040664633488368,-3.1166528474598914,-1.0471498277799574,0.051992032174644494,-0.06158218723279078,1.5365341563181698,1.5557224513193029,3.7359862890993663,1,413
0.8288243418823579,-1.0221362438736228,0.5945261269679613,-1.0567094483632247,-0.9196269384375572,1.1683646329483,0.5375171269731426,0.8344442836428669,-1.3620716111166087,0,414
-0.037659047565837156,-1.8856579482609903,0.6522282001166947,0.5090461386740672,0.9681200772406187,0.7722299334832914,-0.7013776052224556,0.7613477885363027,-1.361424988724019,1,415
0.4713491278194589,-0.3301696679409411,1.7141834666243372,-0.0810238367387997,1.686596136022188,-0.25828866331511835,-1.0872606842743522,-0.7749706505320935,-0.6949940088593742,0,416
-0.28527709887158054,-1.6227140503458457,-1.6133394017494636,-2.379814282430362,-0.059899524314263444,-0.06636632177105291,0.3957651515251236,0.5274591671033333,-0.6959029402156827,0,417
2.237269107542342,0.7063706972505993,1.1961046355079166,-0.08374443538190161,0.838548926313624,0.898549500341217,0.6401248756416215,3.105326151535789,3.7338242398080084,1,418
0.7698734451675937,-1.8030867617451225,-0.596036549847532,0.09877943755105899,0.3806554213602774,0.10647630450482724,-0.7389510239018741,0.6538148917857242,-1.0317388395922908,0,419
2.4038049215317954,-0.3992821430855018,-1.0779058611515868,-0.006752405155139963,-0.640684993497601,-0.7620415273876496,0.5959313470391664,-0.1528262428098286,-0.013564831999232752,0,420
0.8921651987117871,1.1387180678560977,-0.0422591560936973,2.0933957250499264,-0.27842948452347427,0.2106851882954789,0.5016396822608584,1.907637428445717,-0.18802193020799995,1,421
1.4617506922039103,0.9123865736422752,0.48989510640964345,0.8756049308219175,-0.3442015976650043,0.8866387211137389,0.8423977011074516,-0.7182188835999381,0.8260902188998662,1,422
-0.22507839637222216,-0.6721326584973266,0.9978778157942548,0.2756631976342582,0.09173987598728203,-1.032223382395876,-1.0141612652549674,1.467404114220894,-0.05995684141237678,1,423
1.2220726091649075,-1.6750808004617643,1.744209822592061,-1.7973349779332692,0.6990808867441777,-1.002564849997556,0.1937518326758752,0.7586515972761533,-0.15495569616894156,0,424
-2.1108577355718734,-0.2042404896651718,2.2204806215211894,0.7197765194776986,-0.17486163567668153,1.1398042162504856,0.7021929116496299,0.06327289488377352,-2.035198851946757,0,425
-0.6806887925665166,0.6076317593481398,1.3554955328750071,1.4872796272729016,2.043042243470318,0.9866912199945005,-1.6130781536758105,-0.11573106515789577,-1.0392966076077723,1,426
1.0269016156596724,0.8268892198167086,-0.28860803000153085,-0.2573108661846765,0.6761049292948319,1.1508766027273922,-1.5442733210975552,0.49722343403875235,1.2703741381847342,1,427
-0.20753909959894412,0.0905839234814968,-0.9929224800300693,0.7526385344792369,0.46251923959207825,-0.7647497002057232,2.5916947213095622,0.34991102707229904,-0.005721679890651421,1,428
0.43388702064105755,1.2507081182691515,0.9440421481490846,0.2951127670771424,-1.176665157385487,1.2424372865256907,-1.9434431523109172,0.7047614954488344,-0.7095005396483807,1,429
0.7460222413810934,0.6892068696490764,0.915453521077365,1.0254067251419892,1.7729838520970223,0.39376624230404117,0.9603501523569682,-0.6720109967318852,-0.6228941253764912,1,430
0.32458267993787515,-0.9367373553060163,-0.5221314199471975,-1.690319025877201,-2.1298994484072584,1.1128842530120984,-0.9036343635923532,-0.845580018520371,-0.5619525086924487,1,431
3.864783707455743,-0.0809249532818035,-1.721682574926956,-0.12065294273978963,0.7983864721014345,0.4615180463781133,0.8365201560389821,-0.1605085633369996,0.8602859598860684,0,432
1.8920759300477896,1.4178319728870847,1.0663518911952374,-0.6995103144271798,0.29523703669352597,-0.9672811102946232,-0.7432717673588966,2.5310143284571653,1.0463330098926193,1,433
-0.8041523684517947,-0.4249268355569598,-0.07612722306890851,-0.7054319960782335,-0.46643141236127256,0.649609440098562,0.9981164887161206,1.6510029523235112,-0.45939001754851083,1,434
1.6213583214265443,-1.1411658156596491,-2.9227087990570007,0.2163322178996688,-1.1438872848255242,0.6758706022302812,0.6482526563258691,1.1890571840975568,0.9190891318066008,1,435
-1.033562227497578,-0.6013004645117327,0.03486241532916554,-0.7437160852944981,-0.41234669342340735,1.2107012531475165,1.3244826258410702,-0.6421595350335856,-1.4036557686024302,0,436
-2.5696730427754333,-0.34319404826442146,-0.22577327271580225,-1.8062232153398967,-1.3102038415387305,0.10307304192408763,-0.28884783873196923,-1.3047082084278219,-1.4423048122151914,0,437
0.30186907011731706,-0.21417610337056878,-0.17554791863099908,0.5304587899390387,-0.12503728432039923,-1.2323125260226988,-0.028526458109744773,-1.0135255859663126,-0.845594529814345,1,438
2.240237709432153,1.1966177360048202,1.7517962170705998,-0.3781936851072912,0.8226153699736483,0.5628109699500876,0.6837091504024939,-0.21001424988508055,-1.5114708331592572,1,439
-2.3965034411699673,-1.62246533089256,1.880803518793316,-0.9137933515835214,0.061028583556320855,0.13617467474782943,1.5147146124944029,1.4762731293824611,-3.6213137412086156,0,440
-0.13211813302569328,0.21876473678477085,0.10045295045211468,1.2972492001860536,-2.06763055408835,0.1077481346260674,-1.5110540339128655,0.6204348444345125,-1.6549446947671431,0,441
2.0627134620732908,0.8762130742723462,-0.8081886582481381,0.30836431263188574,-0.24884771899102934,0.3202547812881538,-1.6638403732769556,0.7859563912845573,2.9313437338555124,1,442
3.01817218088581,-0.9920435607771338,-0.8814249061673531,-0.5536951531354725,1.4041659401003963,-0.6742902925848823,-0.9990062325598563,0.8554749228818948,-0.17787010327834574,0,443
-4.505756465694818,0.33281979894319524,0.07261083423621893,-1.9086877127708235,-0.6433970622003758,-0.21288241591064475,-0.732706789097174,-0.20785196152742902,-2.685243537816051,0,444
0.5450753904517656,-0.14242073508756506,-0.9967519024057656,0.923777852643977,-1.9038624751242004,-0.387151055849824,0.3261588639157633,-0.6099147412087542,0.6461139772437349,1,445
0.33404775183221547,0.9862024308615258,1.4332745706268781,0.30889629326929696,1.1688854185670607,0.13694178346810365,-0.9398672200214812,1.7660482123775867,-1.0372447181148436,0,446
-0.1917639663687914,-1.0142150087968282,-0.43257575712307933,-0.2427288682128304,0.41172510724124184,1.416973973837563,1.0227605566412248,1.9150085155348755,-1.5949779235882535,0,447
-1.3589505579694063,-0.5178052653301162,-0.8086600416577134,0.5109033790865827,0.7208436021306857,1.035396449804743,-0.09738100591346759,1.0129737449931338,-2.030623502894124,0,448
4.616764212711117,-0.2939543922142164,-1.117455008894189,0.20069412524292482,0.9249146692185436,1.1988468756167487,2.1579716860282594,5.062147323773235,-1.2191476703199933,0,449
-2.1856104820906115,0.2345824670753469,0.3454238190404714,-0.5058456692529554,-1.0078465490671427,-0.2235917799038682,1.001383145660648,-0.8834758852133163,-1.22614080524334,1,450
2.459941621427426,0.7020106115294077,-0.2899170858638627,-0.38731153822335257,0.7073785751419703,1.7670595744577013,-0.4175460662545879,0.7517903247683708,3.1842582393824945,1,451
1.4195150890495365,0.8646729305935682,0.8963993405043827,0.6273920740836848,-0.9570810772666166,-0.8473140278511367,0.22384017278323629,1.3470199513234653,0.7908798796771749,1,452
1.3807960018208534,0.015396536877895222,-0.5560200221581358,-1.6019750123696794,-0.4665484462049911,-1.0320056563323736,1.197441376549668,2.1066389798062355,3.707712529884496,1,453
-2.962050201167851,-0.6980016553104355,0.9484257707181705,-0.45152601692168154,0.7274621945320923,-0.8073294029214,-1.8957461434125769,-0.2547779187946626,-2.1850114546407697,1,454
-1.1017059587937055,0.8157651649899932,0.6611027776811732,-0.5469860834554389,-0.40091519354412697,0.8773505067396974,-0.8155027018702209,-0.1819326278626896,-1.8591747145649515,0,455
-1.948273401476091,0.4126650231818217,-0.09189562541568821,0.2876976070117176,-0.17516373577895686,-0.49529607088106914,-0.08504433903802336,2.046595660094706,-3.9224705973951437,0,456
-2.0354798912672396,0.11277074508506787,2.3905354771458587,0.5281585217116831,-0.07784778154432369,-0.4427715566861966,0.1828039641701267,-0.8546195041500466,-1.1769684145731862,1,457
0.613566701455055,0.08673076130718821,-2.2252959027767756,0.5502668638209331,0.2271338286934484,0.36296929239666775,-0.16004220173068703,1.1971411035321913,-0.4083336445249399,1,458
-2.8044252254985684,-0.12103216230287615,-1.2707687888295405,1.5435389313807983,-1.5534421847494064,0.20934633589542873,-0.8509784292529539,0.04921847652768141,-2.09862979315163,0,459
-7.184847526875649,0.23172100021419154,0.8105361148297376,0.24304662965364882,0.9412627229597609,-2.7994488274364855,1.3232269477749123,-3.787260750159266,-2.2308155767071383,0,460
-1.0208975194711174,0.1167548178384844,-0.521167367008148,0.4531231087104852,-0.6493180051164164,-0.5409272285948689,-0.3901281909734498,0.19050768391142348,-1.4950035511527577,1,461
-0.23963459919958252,-3.031193832490089,1.434408045034828,0.5136350338651522,-0.8966664943333816,0.6330367262505261,-1.4239938496960118,0.3958489134329156,-1.073190055218948,0,462
-0.238972936379516,1.100661847549999,1.1421830785395795,-2.136898129362142,2.1673603787432,-0.49116285903675344,0.09362786145530562,0.44437312961730924,-0.5548518862687508,0,463
1.8217982970550022,-1.451589578549887,-0.018638255594339036,-0.09081983337538539,-1.2348836273343775,1.3054729405706766,0.8923771348849079,2.763066416892011,-0.704470770177134,0,464
-0.06109206215588242,-1.682456030936918,1.0504582803069586,-0.303114321516715,-0.64196636733248,-0.11227586865016873,0.7632428489193804,-0.4162964215257219,-1.154861251192476,1,465
2.8451575168647345,1.5227112992961702,0.9430514466067952,-0.7857002208783427,-0.3368662050405336,-0.6170782092104371,1.9815242670826692,0.8520490842257649,0.24473950370944353,0,466
0.4846444984266162,2.291107174618739,0.7686821368867198,0.4707849743952435,0.7891210234902003,0.21480037571713861,1.24940142981085,-0.6482536805972605,-0.379011217140347,0,467
0.9666029822466253,1.954711197261288,-0.030252661725420512,-0.29081461270758724,-0.18703362887472083,-0.7540424916675474,0.11159971690151374,1.37608626670358,-1.065928323984297,0,468
3.0050532967871266,0.3641085442426688,0.6012579620436355,-2.184492735051809,-1.4107996936270562,-0.5747964176044837,0.6787426017187439,5.608411850136865,-1.5171134252154002,0,469
-1.7358395476060908,0.06899756116248447,-0.0791411392458341,-2.122133412674471,-0.6016691771074415,-0.3930518958787473,-0.478034012631749,-1.6224168280265805,-1.1814309931889104,1,470
1.1598917034699225,0.8920478034272733,0.6358209031476184,0.5809622947236015,1.0515810454264938,0.7551027307933962,0.8914400467341643,1.0304613572068315,-0.6730782044451251,1,471
0.960755076409979,-0.0278968936700094,-0.974532704094733,-1.1464540161028787,1.0838206418312581,-1.1762292523374869,0.5345075482067122,3.1619450341922954,-1.8058979353816391,0,472
-1.1651938487157814,-0.7419089996448037,-0.19658939694433109,1.7592166035624288,-0.5230404296165858,-1.096652445601016,-0.2436300557179303,0.46900894303937124,-2.1538628575358403,1,473
-1.4116881441968343,1.8348201445867027,-0.4732761521782438,-0.7350729836273577,0.5314896881466579,1.3207501278261604,2.2123906375910085,-1.7000183833919134,-1.4392569566151072,0,474
4.612442722073594,-0.3005156804971317,-1.5229504493852237,2.0515034709238975,1.5735429200497177,1.1885010140347059,-0.013662923339917733,3.9663580426401706,-0.27070740190226783,0,475
1.648734334198655,1.0293976181353213,1.026825595587056,-0.47157470335653606,-0.26232359629912794,0.12305078655877959,-0.08697609762672419,2.477717341052868,-0.7427776427168984,0,476
-0.9002910803204274,1.095639338082413,-2.02628351136724,-0.012836158405151399,-0.7634236328562302,0.8865088020755251,0.9874897169687273,0.9009512465605138,-1.8905215691445973,0,477
2.7818007330830365,1.2737053478111906,-0.9797427560096463,1.054127008309619,1.1461819030494393,0.9698408648399088,0.6213903365383007,0.8534085197165172,3.4401403055421578,1,478
-1.4457247720126525,0.5726153920568272,-0.12028871150379633,0.4534284892223496,0.990799500125363,-0.9925609153928416,0.9194291158384525,-0.9779583262016566,-1.1221642873782351,1,479
0.3304135883808157,-0.8763937434747587,1.450087042175752,0.6803425779863251,-1.2702318390275464,-0.9545493108244777,-0.28680540933353904,1.109810933347267,-2.242729396247379,0,480
1.5593625536223954,-0.10293725847909896,0.31837245005863,-1.1429640539185577,-0.5556358881760158,0.48527033434820427,1.1453242656988951,-2.404560405704074,-0.7727362379847326,1,481
-0.13429885366467542,-0.45127053092953,1.3714747821409223,0.6545057527231394,-0.9844554964640968,-0.26017534979559415,-0.07158347160249723,0.45209104014976,-2.2622327257178325,0,482
2.2081039800657374,1.0303846938889931,0.1442217568726688,1.725038589798016,-1.1800148800942867,-0.7404259806871265,-1.6566049184843923,2.0947580690448353,3.634154290093212,1,483
-2.4622857682101666,0.7048680817970704,-0.4515906532470789,2.926157338518293,0.5903266244416786,-0.3340203342376048,0.35049977179139785,-0.910288677163503,-1.1366067060205673,0,484
0.5224841198891506,-1.135418455202866,0.43328413343925887,-0.23116277536767244,0.8050837886620337,0.8621103951896246,0.1206546471908864,0.6586571088645707,-0.05847636113034116,1,485
-0.8896905505884578,0.6240901831841357,1.704110520866804,-0.9047063055854803,0.31498753542050073,-1.3552054073404338,0.5454087738331277,-0.7848697751989264,-0.8344778778826794,0,486
3.270685732015448,-0.00704090853069996,0.9208158658799955,-1.3280208591242249,0.09947095810915063,-1.6238053114724025,0.6820781957402268,2.3170089604065804,2.2121527803903946,1,487
1.172951876785191,-0.20424931207931116,0.963870518999406,-1.0348910186891174,-1.4401211290794125,-0.04620147110896539,0.691184158377242,-1.8653157459989673,-0.17148205060182298,1,488
-0.770828485847807,-0.7810089435481842,0.2921972948833408,0.2598832349192977,0.6725196983410208,-2.33817245369327,-0.8208600201629043,0.8766357124903855,-1.8098485332491832,0,489
-2.3716694041005426,0.8573713651756364,0.7766424893377897,1.005326025666313,0.7728340492664013,0.22060692295888165,0.7836198305408291,0.7021470627727204,-2.4092228522465313,0,490
1.5203396995941993,0.5116663001659018,0.296290348483435,1.0214949864074392,-0.10909320827625384,0.1696168067176415,1.6314404017982647,2.3646980432368068,-0.9855619488970696,0,491
-2.127623374144824,-2.524221680321121,0.37788228228123144,-0.4953032426034153,-0.1972900891200689,-0.8804073025864007,0.7411200128832625,-0.7685235730375409,-1.211440694723376,1,492
-5.141467477224639,-0.04098753284461416,0.7410992282667114,-0.36217093885845253,-0.32137110185219164,-0.6189896144478633,0.5546640973688259,-1.9110997306155961,-1.8134626520967077,0,493
-0.5255543185818621,-0.9717336207717223,0.5727913622096251,-1.2702092433869467,0.5223386304721858,-0.22772100307808643,0.6792608808887145,-0.9340804046057862,0.9274162652426825,1,494
-1.9826736624009902,2.0358886435007544,-1.332818630339381,0.5791629425114344,-0.9997430516452073,-0.22000744910587589,0.4151477329298358,-1.0991114438508478,-2.713779832620962,1,495
1.0370643538389712,1.4466314098017299,-0.14228049679277768,0.47274897347569583,0.39108034966653454,0.13989342347031822,-1.4070485309989453,0.34318149244713336,1.4880577390165963,1,496
1.2214767216294098,0.8562393195989401,-1.390182485391283,1.7255194045644981,0.7301060979994994,-0.9344108510382787,-0.2680557684270527,-0.7481066952139805,-0.6410566878991509,1,497
1.3213232427224053,-3.120544022943797,0.04886918330515309,0.20991553398349078,-1.839401584186729,1.0547778142766568,2.0180773827178204,1.0512223681841537,-0.37050312502905114,0,498
-0.03209597132361133,-1.2218070931634644,0.5631984034673122,1.0721967159384873,1.772606668314208,-1.9297802318050268,-0.10652910519408314,-0.7996430389289475,-0.21818206736533108,0,499
2.063149880451909,0.790721018540406,0.1378957758749067,0.30559812717284496,1.9566099625857163,-0.18871159973983392,1.6589403034315653,1.7164147051592076,-0.13241906960228933,0,500
2.026637138539391,-1.6227484053225147,0.23846514032379457,-0.9545956492889311,1.7848823990323515,1.4795272035185179,0.22011387330145232,1.826024687561437,-1.0232341267990293,0,501
-2.6975112762803226,1.3862760820808229,0.49773010955899183,1.16297582623604,-0.5293455236693309,0.07907026820882807,-0.543583940093733,-0.5276628742154721,-1.171663559039753,0,502
-2.304853615040836,-0.23260590298925776,-1.6630555148805193,0.07702802084587244,-0.4921575747920368,1.0466483608417794,-0.8873013670361983,-1.9326550082113527,-1.741010789615265,1,503
1.6051926079832868,1.3926548882840513,-1.7249168959418097,-0.3850368024262208,-0.686936417944251,1.1208484436478086,0.7644782203057904,1.1857119195284795,-0.5674255152656673,0,504
-0.6366320195332902,0.8501865538483758,-0.7633491867151124,0.6212544539551925,0.005685698039677293,-0.8717747409692631,-0.17905877605114642,1.0514475754394688,-2.391979196111624,0,505
-0.5275175349918438,-0.25097144402999827,0.18341945902120274,-1.2986433949888831,-1.398826660161565,0.1829733603052616,-0.7207847968099884,-0.8380798577719488,-1.699829173485884,1,506
4.3368053573592364,0.19674232376570605,-0.25056036861869124,0.06225985632933222,-0.6290567313584048,1.0921029610193338,0.3055643843570512,3.2623577082357027,0.46778769988970903,0,507
1.782168043145098,1.6161017404900149,-0.5986481381993365,-1.0181627854590918,-0.22282161418672475,-1.330640153846021,-0.4899899488812818,-0.09393581080977809,-0.036032847739976726,0,508
2.629843309158447,-1.0872403387446656,-0.7863040531383287,-0.1520908861467986,0.6906305697567595,0.8611845377637809,-0.005275597109045737,-1.409067210261182,1.221753311343568,0,509
2.842456086121495,-0.1379112517114806,0.7665513543377717,1.9992396963335024,0.6803837384236716,-0.41517528116371183,1.3380271627819205,3.2501920224263325,-1.1725819888570035,0,510
2.174200940071364,-0.954457012652753,0.011925980771476226,1.0974298314165813,-0.32074638863455823,-0.014319442715773,-0.6434350670302766,1.097662045215939,-0.17481537929178337,0,511
0.16829940133678672,1.123176946601683,-0.3637690213731503,1.7586928369548633,-0.020192102973766283,-1.0660383628853936,-0.563386450452303,-0.24569947292216776,0.36017757003689754,1,512
-0.2491053255817039,-1.0078551986814441,0.26436192795818286,-1.8512385761517283,-0.7622477777605499,-0.08106186188457366,0.7890172518121638,1.133336625109929,-1.213911530532168,0,513
0.24493398517216258,1.6332295165199406,0.7041298480492758,-2.158341916889131,0.7969657955099247,-1.001621865490398,0.8056510328936717,2.0488099417505423,-1.7565412008949832,0,514
1.7770116092418728,0.9646742396864201,1.7236729016919548,0.45170464989067716,-0.6433143271598216,0.3721667623661084,-0.021401497909198104,0.1479359116709641,1.9419745393344656,1,515
-0.5073767533488049,0.23463799594133422,0.12129183090008201,1.7516744537778939,-0.44547088676687246,0.29133364331879874,0.21555000064529165,-0.25190634126110867,-0.8390690324910122,0,516
0.6839505244962351,1.002269272618513,0.5221638703884175,-0.4140644328003226,-1.2394116470550915,0.26126170860518405,-0.8219203325737525,2.0761367429154154,0.5516778408525149,1,517
1.914929534973754,-0.6666235559680475,0.01787210646770664,0.8377055993758877,-0.22420927179406716,-0.38663419771430846,1.9923656638459448,2.4282277894307196,0.0730465388574032,1,518
4.015944251431395,-0.1175984526581316,0.646449368542261,-0.8729832613505271,2.311259004942879,-0.4998395974016641,-0.9824881228992801,1.6352051492305282,1.3394193378463113,0,519
0.9124121399818874,-0.0387147689465107,1.14488162369814,0.32572503424362986,0.5318540204738004,2.688014290491059,-1.8902406641369962,-0.8985666335361742,-1.8634378031728303,1,520
2.2124486757261352,-0.9821138759143679,0.4667492341202872,-1.56301890129645,1.9849209941538246,-0.15772244506990082,1.7053290328976094,-0.6287022542969728,0.736345824038934,1,521
-2.7653203118633147,-1.088354451073005,-0.4011203061709095,-0.0017690228592416313,2.071132593760768,0.6966881579538906,-0.962675694089487,-2.600978814485401,-1.4126480862881452,1,522
4.789202069161587,0.5536555308075164,-1.3363713032768696,1.1037289539515915,-1.5086637698222398,1.1470686485209218,1.314446899976997,3.8623197237442457,-0.15422168574534256,0,523
0.9196058397497702,-0.025702232509186518,0.5522618258130304,-1.695719490700449,-1.6459388977685612,-0.4883670868558089,-0.5442654980966511,-0.6132487273293438,-0.8549632287958979,1,524
1.3666599456914597,0.04556069771985127,-1.0412051371272881,0.9445582824931873,1.9156420206593923,0.4476719908369938,0.13077246894419722,0.9229204186677781,-0.25305713674804087,0,525
2.228521868492722,-0.20449965876983628,-0.14324544564501487,1.4130608435040422,0.16928802365601245,-0.8194867386506691,-0.9879178336410189,3.204484191884822,-0.6844199242770423,1,526
2.943107935804007,-0.8305122982775414,0.20997262152463117,-0.40208147512407366,1.4596548295855092,0.24100025339724565,0.983481895545191,3.0828430456125115,-0.4175897353532848,0,527
2.7832183758550326,1.783270810395837,0.06593759342798698,2.2725364418996903,-1.5273189874177815,1.470432303012538,-0.4639479694844082,2.4493478011609335,-0.007816344503505657,0,528
-3.9401065560614725,0.001467371442110529,0.5360092255913662,-1.9377901561814954,0.768440731326766,-0.8038034476563688,-0.5243575625907722,-0.43141914147680516,-2.034434146539293,0,529
1.4546693079716202,0.9419029617610208,-1.2601726806541929,-0.3610205176022864,0.37831055964085886,0.6861216087738703,-0.051515334704473136,1.0691798177114364,-0.8654676562828811,0,530
2.3284178565019378,-0.2266777770960381,-0.7556768387288981,0.6612363481148585,-1.069559905877322,-0.8968816214343724,-0.5193413108811302,1.8648629890969355,-0.9513291172577936,0,531
0.7119675587384384,-1.4342155973569695,0.7820946110195612,-1.0746775979831065,1.3597184561448057,-0.8628092636081056,-0.37305934438201005,1.3387935341957484,-0.9203504671316023,0,532
2.044457613879885,-1.0157664669241608,0.23891324044138745,-0.030096707290532855,1.3698832599523623,1.9859447760880076,-0.10071725405597726,0.2083492153980635,2.0686105157959487,1,533
2.3454284949281723,-0.3419458118312522,2.013698349534853,0.2028933792661254,-1.0472740400910394,-1.154616824354365,-0.6803345111790656,-1.6678933228744048,-1.2247180045026222,1,534
1.8630468058839167,0.300659448885967,1.2930975212410925,1.8063571593725565,-0.15572252146734258,0.05507563831471178,0.012349689985716507,-0.6320006539774177,-0.1429238451606868,1,535
1.4919954810107476,-0.7689416248939225,-0.7438593891229157,0.49549866914018087,-1.1473415163213292,-1.3254989679956861,1.9792864055014634,-0.12211255963608347,-0.15808031675583567,0,536
1.0475490536898502,-2.4621591233850464,0.7212680802565271,-0.5356871181435664,-0.032628501909356664,-1.1578824319165888,0.07153816245060338,2.538128351538042,-1.7346904812900994,0,537
0.16871293011423186,-0.9180082651146999,-0.3577869084808121,-0.6555425358109414,-0.6736325764305153,1.5123657973712692,-1.1218488443481371,-1.136737292859548,-1.237293011337526,1,538
6.0892028609296025,0.3438678131479371,-0.3872493659789524,-0.9883944384668729,-1.0974395765349592,-0.40238269752433553,-0.6403187591794156,4.928960836848006,0.32156832995355944,0,539
-2.2408013068544954,1.6022113887316758,-0.5072155476055451,-0.697283680469814,1.0462572134371722,-0.056014671833671356,-0.3885160223564554,0.6311041006720114,-2.857109741911862,0,540
-2.323085685888933,-0.8724171526193806,-0.9581008136621948,-1.344319297606588,-0.4180326946851387,-0.38496652880844884,1.9329566907526607,-0.7907934493760626,-2.309505092001041,1,541
2.9707319055235857,0.16394494455802602,-0.052978274929529716,1.4157466076601128,0.9346701581005344,-0.5605545697142023,-0.45452240701841684,-0.5155992867787786,0.5389555412712306,0,542
1.6582966984860488,-1.821856901770366,0.9961226602523151,-0.558075932285895,0.7173234939267886,-0.40453174025159216,-0.08537467997269305,-0.6840309388995652,-0.5566517957433048,1,543
0.16074579188321741,1.1959764624837037,-1.4261137171431046,-0.34432120176999703,-0.47285279297804617,0.9757125379826657,1.1230392976314656,3.47186798970925,-2.3531274811149334,0,544
0.584031986377751,-0.19542420296937088,-1.4817672225794873,-0.17249603439745628,0.6638413612554662,-0.4491317409544426,0.07274332869723261,-0.513231488047063,-0.7480705946280974,1,545
1.1705510113610396,-0.5213361424671525,-0.6235590552991402,-0.15710122998950854,1.0336292027789111,1.034360098014559,1.2237240425047213,2.0274156819125917,0.4325814505024064,1,546
-0.3062135659107638,-0.4774915968411002,-0.5242816096582952,-1.0054679922322418,0.8165690239710347,-0.3071921093803557,1.254744837337654,1.366014205865405,-1.1899452954029903,0,547
1.8079910132545207,0.552644714466308,0.9570368301362232,1.4545182356013242,-0.19823793965256276,0.16695961439579357,-0.04465130112862316,-2.0079011301238143,-0.6182384004067893,1,548
2.924902520152932,-1.073050958706466,-0.2567345788425684,0.48087506544596653,1.178301444943211,1.2333421804507967,0.03373729493280132,1.7384292675393955,4.662873868752731,1,549
3.23173333982367,-0.41760596777187864,0.11072343418649651,-0.6852505475370957,0.44162864841891597,-0.2520759659099736,-0.6681359300316102,2.054838756470168,-0.01257948870246628,0,550
1.1023216835471161,-1.1680119238437048,-0.5021957917238288,1.1363427959118493,-0.8202905939056933,0.7957144478653583,1.0022710356756102,0.9096356721136384,2.992847516620234,1,551
6.438453339276305,0.2871608776027747,0.11945667340578713,-0.3566384941390436,1.1891949720939472,1.755524980070087,0.0308731842042529,2.8482773420403555,0.8823767771146989,0,552
0.5395107862158528,-0.8017604510188983,-1.9196755003382913,-0.06760412435084459,-1.2971955754332818,-0.41994423956869936,-1.0432034011890872,-1.1875061915899572,-0.5610210079443759,1,553
3.1584510238365437,1.579033701092001,2.0759541110974755,0.506465061928088,-0.22930508753249892,-0.5838027669199817,-0.1319367148937541,1.3871349757925044,-0.030295837259091796,0,554
1.508821183091421,-0.22317224097286925,-0.45102611861540615,1.0291608274696276,-0.42801925570870175,0.1729698079558269,1.7634856074177445,-2.436955174853499,-1.5759359602786422,1,555
2.133757009135658,-0.8172010695020144,-0.998650690347807,0.8904185854902074,-0.9863745920523426,-1.2745208738851306,-0.2519149328711576,1.4742685855060258,2.894655845130319,1,556
-1.0482198587337386,0.6861419242417663,1.0651028687320374,-1.4118082207413227,0.6050978326295844,-1.0972922697226934,-1.3761670164179343,0.005926301646251408,-1.0872621231170803,0,557
-0.5832427800797815,-0.672175191250047,0.06859835422886011,0.3408816594615606,-1.5197888033519922,0.2333021065643773,-0.45693483913474287,-1.0602648579189795,0.43154120861016065,1,558
-1.318011139710965,1.1426489868487453,-0.7199817377150125,1.6292081188074055,-0.5583904374523014,1.3432289012964824,-0.028634524995832824,-2.0745797573398947,-1.034784828086971,1,559
1.170583466119309,-1.039524675720976,-0.6398126391918693,-0.3281751268411529,-0.15995088456830253,-0.6498537937817882,-0.749934913778252,-1.9635581650296001,-0.04983083798688526,1,560
0.8182041470868918,0.28965352090030033,0.15231979320455766,-0.2021012803542177,0.08287445399233105,-0.7808145970829122,-1.6341158518370344,1.5631542094649564,-0.495054061984042,1,561
-0.4864155446799521,-0.09683190004017382,3.0675021115866503,-1.0670296045940793,0.18009153881108567,1.7157000928806039,2.8946841304733337,2.5892889211408274,-1.9964766706793153,0,562
-5.0168278748004385,-0.24462508304127525,0.44910809069038693,-0.8417729076788759,0.31967261257605173,1.123898866891339,-1.740411474056052,-0.08193526389536587,-2.9738353473735057,0,563
0.22254059711002422,0.4585549740189212,-1.9413368380718552,1.4677833053712417,-1.507208565856235,1.843925742515286,-0.7835850574837824,0.43947753347339935,0.8421572947868665,1,564
-1.0257854483804796,-0.6115805703465956,0.025567818794591177,-0.8873987088908116,0.6162438096985431,0.7271073735155452,0.775881094081244,0.5676651789918636,-2.928193174704786,1,565
-0.494513790808178,0.10608271025834201,-0.7252854787770967,-0.07408266206618958,-1.278636704557792,0.37698370092659567,-0.8800899873211465,-1.1064173550560692,-1.24250499092868,1,566
2.864361935910899,0.7288186376596363,0.5032602265255054,0.5925553079287688,-0.034665569737606684,0.5162649162799985,0.4631620978788213,2.9191616936310716,-0.6395924006977304,0,567
-1.5374563105565526,1.3686507868999138,-0.13018518848216945,-0.014381681509604524,-0.022162684630854367,1.3684080185586749,1.2972303535117882,-2.034631904579413,-1.4407092621018103,1,568
2.020911801866671,0.9956151640252442,-0.5125801037467602,0.3692174112776782,-0.5063335625312257,-0.8932494975183977,0.45751490184503607,2.1709254334128976,3.57884932260429,1,569
-0.055599067838375704,0.2880905219873251,-1.1944585565751942,1.9208711499397864,-0.4646869225241402,0.05234312465149099,-0.45346265036937033,0.9526436691118209,-1.5695381706806746,0,570
1.682413973513194,0.028428263711718648,1.3963475039118443,-0.9341542070495419,-0.25998392525270525,1.1764904376350318,-0.5968291881157131,0.3563755743385725,-0.5929876551719491,0,571
0.8976288983340751,-0.596758318019291,-2.2041733854125183,0.5188439229401117,-1.662199495723507,0.014667372685599258,-0.017741834514377944,-2.3502699894547123,-0.4513969732190627,1,572
1.0493561742160018,0.6588491411272431,0.14877340450109247,0.627292013125093,0.8771101252519662,0.8402754540097592,0.05530418530522223,-0.35599007613378886,0.07447398263248028,1,573
2.385270557453439,0.019576762090171933,-0.27464484856183796,1.5890057587728696,-1.0799098408608079,-0.49627753308969913,-0.28699218579099883,0.9689823268211942,0.3845346858801679,0,574
0.3742465738552481,0.203510360414917,0.7091371455113367,0.42663069004219983,-0.21030449499204273,0.018490058947156017,-1.9274824275340938,1.4341415679814349,1.9461066286264344,1,575
-5.248666802601873,-0.7466614364206962,0.6799278365353183,0.005836832034040919,-1.1294999627831654,0.5285128808059492,-1.3506627611656268,-1.2272329736399765,-2.476160787256318,0,576
-1.964033604688234,-0.8724380986016776,0.30871839419384045,-1.309422299601324,-0.3389680508233362,0.3518154509138963,-1.262845249768365,1.4669290545415998,-2.379517816616371,0,577
0.3792277447806191,-1.3244665638906121,-0.21816918245082972,-0.10962585048771523,1.2725406325855013,-1.2102617908469389,0.5614444608599518,1.3317893162664773,-1.693740252468643,1,578
0.07753322234647096,0.01841918618654087,-0.12251423984480558,-0.014375613119645837,-0.9863860712965885,-0.8893702662248517,-0.25229567587847995,-2.4181668859493795,0.5902634549988415,0,579
0.2560877417333452,-1.13824594605993,0.4653439939578765,-0.7181987605057618,-1.154355895048134,-2.0756427678896157,-0.025719072180556725,2.147858419273107,2.125802924392021,1,580
1.9862582912668756,0.8347497226433022,1.8166061635554727,-1.1715044081696178,-1.0038497270308853,-0.8232960692577094,-2.8323183184692535,2.8364815094841402,-1.3680678402386552,0,581
0.8366543383003584,-0.6566145314461566,0.6127147311965667,-0.8945112216182736,0.8682292534995744,-0.5345275899374476,1.6154919438900808,2.0917052141485946,0.5198999902694876,1,582
0.14004740256684386,1.9022831403539713,2.209387125902919,2.0606889337279184,-0.5286099642377425,1.4952144978685697,-1.2748056152728766,0.4667805033748962,-1.2000019206871215,0,583
-0.2712570143672829,0.6499430178123937,1.0250632960511181,-0.5532421842024213,0.37428951013084594,-1.491739307541365,-0.17515645435956012,-1.3615558789605149,-0.9067993311743525,1,584
0.37781065637105177,1.5556149614627257,1.2125845819735506,-0.7078562474049283,-0.409692876293349,0.9540976603759755,1.3818480357930825,-2.105512476681869,-0.5802634317289275,1,585
1.6740830024953277,-2.2511352240100946,1.160498489410031,1.1760176917840621,-0.01917862516714182,0.19010629284927913,0.18654182120262447,-1.8726953444471235,0.5070753608393477,1,586
2.196909583318255,-1.4409227678818468,-0.2004346266943614,0.1307433459121305,1.1790502155392657,-0.5248171962928653,-1.3410614189638046,1.4362066586151006,3.059851372867029,1,587
0.05096176125168824,0.8119838526340167,0.266085421067041,1.9914127606138468,0.6372180913553204,-0.432707627937086,-0.5321418699618199,1.3671285462024045,-1.0401023028481535,0,588
5.636362051019515,0.019644455960846092,0.6827056477468983,-0.13310886351736356,0.11178463132985637,0.689269669125307,-1.5189845835554145,2.5823627709749446,0.3218228426340357,0,589
-0.26240066972277687,-1.5004677127830177,-0.8214848566236752,-0.34670953287600176,-0.1698196855231585,-0.9804695349218977,-1.4360915125350566,-2.763275301841135,-0.5163583326946019,0,590
1.3486847748941035,0.23251003365745868,0.21439434738168503,-1.4436185572670992,-0.7713575356158918,-2.403239790981312,-1.6947505248528592,-2.1456847168948565,-0.21775138453577358,1,591
0.18112801264713,0.036307341741559356,1.1111924114542773,0.4595077666386616,0.7686154376669616,0.3059200710474129,1.2778643373901297,2.249774227664698,-1.0198855183217712,0,592
1.0405263224532453,1.421582856672674,-1.0859225292896342,0.01682506628781065,-0.31022100724973456,0.5606525195787752,0.7900154089781791,0.20547871249264715,-0.5909586293473541,0,593
1.585782619409861,-0.20758434514303986,-1.894382195925908,1.3213162028034042,0.6296376030255896,1.3010156626547096,0.15966056554792507,1.7828850350778596,0.8956510006692953,1,594
1.39668997748412,-0.782757008879377,0.6198984737662316,2.3834570366468655,2.000107691885334,-0.6079932971682472,0.30613118900499553,0.658088750971078,3.490791161610946,1,595
-0.6556430806889584,-0.9857480745020302,-0.3119864840703217,-0.19007724721659816,0.6442088388441277,1.1125641020748327,-1.8007744587881793,-0.665255965733144,-0.6149967232821136,1,596
-0.40315581662651556,0.0987039684153378,0.3051731831289448,-1.235447832122853,0.7676694887643675,-1.0473358943365787,0.7651239739437059,-1.3556960502474562,-1.2946922884328422,1,597
1.562913577749029,-0.0972036702597796,1.852697094852882,1.415912362019825,-0.7191444899872259,-0.4209009385749402,1.7118068675295046,0.7088886372100165,0.4315086518352822,1,598
-1.6014622029889372,0.7037228188992819,-0.9780883762484497,-0.9058201794228425,-0.7296336453351577,-0.19544187379288444,0.5771933171877279,-0.3036882140568391,-2.58004570762776,0,599
-1.9020833474741117,-0.7252436766377852,-0.04188005496506906,-0.4504631508837254,-0.09366232488927782,0.0731986281627831,0.2789123650819429,0.8215477115463804,-2.262374051694654,0,600
1.9845328205024844,-0.05324257008920245,-1.0460790158532527,-0.9797619477439743,0.6837095369080293,0.8781824149703041,-0.1707466394983074,0.44916053344544926,0.2637804047028425,0,601
0.33405920025413405,-0.0008555995700376844,-1.3380529005349184,0.8246072919220278,1.7654092134731805,-0.7922679859637135,0.9408692382732966,-1.8473521989344222,-0.30933287845865187,1,602
-4.6270323985448405,-1.3967306732281268,0.36951311631642436,-1.1195583744715536,0.31259223015353127,-0.755416300249058,0.3106390995647888,-1.5772867394123131,-2.023818698706375,0,603
0.8489353617933257,-1.1501688401667924,0.25534010009093083,-2.9310967637125387,-0.6278775390205247,0.4186801288643035,-0.9203904278356327,-2.519343328232652,-0.533453900715031,1,604
-1.2214326822921175,0.6517110765969125,0.3466976285016635,-0.08560804892812099,-0.68511597964273,1.8103275907226957,-0.12050819676589646,-0.23466573031937443,-2.240856444162068,0,605
-1.0473651793868124,0.9387236162381593,0.4986048184872299,-1.2231388144094233,0.7537356371784484,1.762127663079091,0.6401696361230503,-0.5582236849225912,-1.2951366998916647,0,606
-0.12169383345737617,-1.3120488770737155,0.011557922771419232,-0.02152099458265692,-1.2634846050611066,-1.471979277029429,-1.0283217820401682,-1.0896912690953482,-1.3239458735789926,1,607
-0.09046339952068012,-0.09761487889845397,-1.144353208345442,-1.5155264613855894,0.06953632308696173,0.696566343457542,-0.410256035921087,0.2506606509634356,-0.541643471249248,0,608
1.91720020508393,1.4286425440145551,-1.4817678489735828,-0.5606650203606613,0.45143876653347564,-0.22956017300372036,-0.32730403127437974,0.870846224734942,-0.1774660899823277,0,609
5.179551222159288,-0.3976508141954396,0.7347096675729954,0.7185965232500373,0.05914358169179254,0.09529311916023417,-0.08310530841660531,2.7687958768169816,0.34134488158490517,0,610
-0.9975456708537973,0.4948712002016237,0.23170061977835565,0.5303099362479597,-0.3990068502286413,-0.08599431564531333,-0.5272430277356126,-1.5571127598174919,-0.3767770672629067,1,611
3.0517658497395423,-0.613598571738008,-0.16724790473917292,0.22753895389624126,1.0446662356754068,0.01626859771827849,1.2207526032547376,2.967149719601373,-0.928504914388626,0,612
2.728727148481284,1.475732678992345,-0.9690510515375831,-0.873668891922626,-0.2332839831572693,-0.8605072511002159,0.6037041551226275,4.12237945442617,-0.7965278526690013,0,613
1.8560771575350234,-0.2400873199671996,0.559432845408076,0.011132592717344245,-1.3560122715994256,-0.06408287656884287,0.20136082868448554,4.414564537722022,-1.7594719131037722,0,614
-1.971504888480507,0.13365550105624702,1.2204711231867227,1.1427752666675521,0.025665237997579016,1.3427094389440943,-0.14554497363977073,-1.275947984416005,-1.0320859315655972,0,615
0.5105580571430763,-0.01164554883416222,0.4464491988167305,0.2401144977218622,-0.0023057873708272787,0.07964268989389676,0.29026080540354937,0.2687312047266206,-1.1121197628737858,0,616
-1.5571007600105873,0.22860414557842074,0.8077734312917834,-0.24980315433531913,0.11583194900956444,0.3709087906352869,-0.6739213776630413,-2.127429184343494,-1.612110965965121,0,617
-0.03210153013128198,-0.42993197092420804,-0.2680077425053572,1.4280708119024874,-0.8741035628626731,1.168596592795489,0.3128133167436986,0.501628811019309,-1.1829212166264407,1,618
4.502115970693214,-0.2532459471742028,-0.9874439340698364,-0.08659437663819446,-0.19763800625307548,-0.04362647082574351,-1.2689930591075735,-1.3462785279596066,0.4699875253841317,1,619
-0.18717948781605856,0.7723145844407059,-0.09441826213604765,0.03372310292137513,-0.13552626897887088,-1.296833847167973,0.7033130614575919,0.954303626631714,-1.169381197427751,0,620
2.758819255804592,-0.9973773707490861,0.05120391057396452,2.2823423382265653,-1.2283487652379041,0.29869666232126674,-1.8266194934838311,2.4618766310859046,-0.946315441830732,0,621
-2.3124947411898034,0.5121711192871908,-0.01688297991511885,-1.6662228008386173,-1.0585560423442888,0.3732569241351697,-0.28712985622987125,-2.3721881431582514,-0.7238633697175288,0,622
-2.092708173978394,-0.8613630529495482,-0.8326711530189439,0.8453913832780725,-0.5549993881142102,1.556300795515933,0.2102462200022925,0.874784602105953,-2.342490937408911,0,623
2.9413269095532857,-0.12958961067404556,-0.29452209081263697,-0.5573723285120052,-0.6516869186912028,-1.1318863785325983,1.9119232385698253,1.6039035515789406,5.442018671350471,1,624
-0.637830253586443,-0.7775331239548554,-2.0346816726946724,1.1616088136571376,-0.3626028336796952,0.9311159083909344,1.9888200537837943,-0.47712829485165154,-1.341126705785359,0,625
2.0746851371806283,0.5097791306937841,1.3238246127209083,-0.3095033827597953,0.36374464416026897,-1.0735110468966247,1.183535444768603,-0.7000193711041713,0.46977513438145957,1,626
-2.495624531304126,-0.6996416220674734,-0.33322598736240233,-1.1656832736504297,-1.1150848070752997,-0.5959074408130466,-0.5097897289597362,-0.41511993150817306,-1.4520343734682462,0,627
0.20794990091075882,0.7880854407681365,0.48882855820201454,-0.4793337774953818,1.0626556336097004,0.05880434573626804,-0.3721345413413484,0.297187935365554,-0.5133639284478542,0,628
3.1976986932229328,0.7881218046934625,-0.07685619004705521,0.15984057716539674,-1.5313406139581671,-0.18491271887619062,0.9238650159641746,1.1247799778627436,0.514088747314976,0,629
1.1547300905899363,-2.034248859510923,0.517230050277387,-1.2422492314691227,1.2668472405671247,-2.8529435035996533,-0.3877617827065225,-0.19909234097833317,-0.30051235030707735,0,630
-2.0307921066411483,-0.986707685714242,1.6550683418264938,0.6457349470842716,-0.5048153650986971,-0.49406428586035417,-0.2789919002886576,-0.8002592191750313,-2.6192350268351676,1,631
-0.5180897420652818,1.3060614618427262,0.033216563013147696,0.5661869364210564,2.2085166800091733,0.20112345870152593,-0.22946979131971185,0.8237783493336484,-2.173845598435145,0,632
1.0162360736423397,1.1751578262941413,-2.47853671585382,-0.40887336840408994,-2.0434935024851213,-2.059781569210089,0.5406307261785857,2.4611810017295066,0.3406233851552869,1,633
-1.2656616500730538,-0.3805397280510515,0.13987822377301146,-0.9948060936097859,-0.1320396864822392,0.06980279583672658,1.406260179174236,-0.5225364199120225,-1.4885874973573863,1,634
1.1817656685595235,-1.7717299651156453,-1.2271291369100206,0.3424135807683234,0.40263995699200367,-1.7664178506729673,-0.17255125751486772,1.9510629364591763,-1.346132339739385,0,635
-1.0442006217681739,0.2831494955184188,1.0213997688818386,-0.7036867654919974,-1.1766874215550533,-0.3066876363767765,-1.385534197789162,0.16782662064827725,-1.5374826054324178,1,636
2.2287463207609512,1.5316424661490369,0.005370378836003093,-2.2939415848465217,-0.4693981624354753,-1.651918183191787,0.7872729880011845,3.656978281372397,-0.9621914398703515,0,637
2.7064872482574795,-0.3295038006361257,2.81598590372273,-1.6985697106229332,-2.3907821543252377,0.05138541062432149,0.44323809808521286,-0.744248300086455,1.0781526847663292,0,638
0.9774423117820324,-0.7800659529251152,0.5035427567167631,-1.114773861037247,0.8355827763397274,0.4730826719950572,1.0189958316879406,1.3058579806462185,0.694463542375136,1,639
1.9668932054902426,-2.80381570335792,0.18657443856088918,-1.0632212407978208,-0.22774373074316773,0.17448819948773614,0.661230510864323,1.538500859593697,1.5035002422435975,1,640
-0.2709084107097146,0.26402900139599467,1.2751244046611432,-1.0478098183782303,2.4739587804167162,-0.2046823681201177,0.4708762567384327,-0.5692098852573002,-0.4238050840944283,1,641
1.3322698966008357,-0.3630498636885798,1.3276154516053054,-1.4329490836170877,2.209183966688679,1.1595962893754976,-0.6157374582092063,0.8367108469754712,-1.1518474244539,0,642
2.4532819851356344,1.1161342887381218,-0.4214748374312925,0.023469322292615932,1.3147884915190176,0.08860639072474857,-0.8605465725486288,0.5683881336673935,2.615315270327037,1,643
-0.8634127783753598,-2.3799193621810226,0.6846575410030471,-0.2490505611996868,-2.113350793238269,1.3831571691334672,0.10932698296244958,1.1829428496225802,-1.5970187071858017,0,644
-1.2440071951002245,1.7317583831803514,1.0771624764408045,-1.6877048624258153,0.17798937960330405,0.666089741826487,0.25085625159639774,0.22200658794610695,-1.4757463720549808,0,645
5.60898658608745,0.03649993182615992,-0.9777782109588511,-0.15093661684399282,-0.42207188508969595,1.4657172417040596,0.7022764275515784,3.0843503215214048,2.042690188229057,0,646
1.1295371315870215,1.4269674044104104,-1.69708998094056,-0.5415658766108853,-1.0543050426040788,-2.0895496931173736,-1.6642092727005329,0.05332492605877215,1.2451246631182669,1,647
3.236282013112257,-0.5423499736103137,1.9517231704036162,-1.225821768681723,0.01579430105737277,0.5096662090000231,1.1446649842487395,2.0447453100973276,-0.24386767364332684,0,648
-0.22837569141565864,0.3291710222650009,0.8138928135389966,-0.9077499505561069,-0.5951497782664488,-0.6006433370426648,0.6677815605961868,-1.9895444167793228,-0.89314586523757,1,649
1.4174093819388243,-0.10186535164261651,0.026911724141361133,-0.9748304823479661,0.16221150474248305,1.0480927288481758,-0.27127131945695626,-2.1154804377607754,-0.7490362588049284,1,650
0.14746197618141973,-2.337727140527021,1.001831211261531,1.0926185912568263,0.4005029568627704,-1.2838538868586389,1.9362771126445633,0.3590679588637341,1.5475858371938982,1,651
0.49149413939526615,-0.013783411986730233,0.4461557379622669,-0.7823374710664194,1.1709307785954146,1.2192579890966468,-0.4351787726987831,-2.3391574730619626,-0.455582993011306,1,652
1.0625379392335486,0.4328864946404487,-0.9245598282041674,-1.035597974779926,0.27235248759196323,-0.21343106519824123,0.3414767390470787,-0.2937918862845308,-0.8481586250523625,1,653
-0.8341780945311421,-0.6886588709738297,0.743133265424835,-0.5063856144965024,-0.7080770729458538,0.9431422558888813,0.07968878144473109,-1.430506227476675,-2.0828093153057514,1,654
1.8079888261843053,-0.852379241858792,1.8993837609679463,0.8496840249283797,0.04999442712030695,0.3324734310821079,-0.32782896911400583,2.8943313334444705,-0.7626155741538135,0,655
2.0869921154662205,-0.37327385799535434,-1.6625245021360924,-1.8717151197240405,-1.496988988864299,0.20814176328264009,0.4376556289082504,3.256673538180554,-1.4171861959651277,0,656
0.08645712575994706,-0.38867839345363986,-0.01119917145977023,1.4961645267668793,-1.237699814640416,0.7181007888740204,0.9713898894275428,1.7355464687822604,-1.5117526031094648,0,657
2.171381213474247,1.3406662306033916,1.1908885364487696,0.1433897463604586,-1.3966249658369505,-0.6795143155756067,0.022401588039713274,2.827505239832308,-1.0599787945623804,0,658
-0.9807766203919165,-1.70835896623914,0.22931891678802221,-1.438074351490207,-1.3457491040495697,-0.6032286716303763,1.4217464845954924,0.7926085528897904,-1.531769402676697,0,659
-2.7519932135487775,-1.7984139213578147,-0.4918786920496538,-3.254478941297708,-0.9039121651626768,0.8784535729984396,0.7394094886164625,1.157425823191911,-3.356626289099903,0,660
4.396406842585841,-0.3814045304714144,1.4057130510158269,0.37994955767279925,0.48422077434684196,-1.5793656993630016,1.03619775101211,1.800288944151102,0.8355133060016406,0,661
-1.6245675482217776,-1.0249280665857678,0.8055938349951759,0.24672138869860635,0.07541774261246036,0.4833248272528027,0.6450378554489973,0.3007262923328199,-2.660669178618024,0,662
-1.645984436828234,-0.21440668474875849,0.2721992597537909,-0.600381390512336,-1.3403841850963165,2.545035523403604,-0.06542809442218743,-1.7543685050116908,-1.1788560299090698,1,663
-1.2806041613316963,0.8744963283982289,0.3901255382675968,-0.6324513939508659,1.1989974816554931,0.10486503307861315,0.08312581787924939,-2.025524671901681,-1.9906495363860597,1,664
1.704102356842282,0.9714218648162062,1.2399368072885906,0.6765165547809898,0.0007209069359758764,-0.2026167676043195,-0.4267063677307888,1.377285166875607,-0.781390238959356,0,665
-0.6100443982969311,0.06205134882299451,0.668213254436138,0.8915212184058299,1.1520386983137296,1.6440967778524607,-1.4414021873754232,0.4398237852973209,-1.1714957721045485,1,666
-0.9650487637542859,-0.11542030120241245,-1.6541764402276586,-1.5836079344201974,-1.0344713570175377,-0.5762619290282722,-0.34270655361326313,-0.7942521236184279,-1.252587537000601,0,667
3.1726828763277943,-0.7284740158847517,0.021404045400808237,0.6819538813098218,1.1805262912317216,-1.132876867847411,0.2075196377161215,-1.2036387455846471,0.29760046050315414,1,668
-0.15608936862739156,0.5983980076204188,-0.8429055643243101,-0.6493103753703896,1.8342020358562743,1.558183630762687,-1.7644481722305585,1.4436085434223622,-1.4631491534127252,0,669
0.20713513287111593,-1.6524123902968042,-0.377854888784894,-0.08390186326829689,-0.2981305792658438,0.47404231151220627,1.3363818034531878,0.90320816488746,-1.6493465022848324,0,670
-0.2882722992104703,-0.8335684515025388,0.07308376479083839,0.3978950934659485,-0.5188301809198854,-0.7619866461208319,-0.5297938203086952,-0.00632214903588546,-1.288947615804565,1,671
1.8800570827833547,0.8007601833715027,0.7565319009867107,-0.9086158879680972,-0.7255411589750427,-0.8361951381595797,-0.9194273607965344,0.9296920733929587,-0.4187401760714399,0,672
3.1397210519988357,0.1968313989019303,1.6056113832418775,-0.13461985477275235,1.096117935409184,0.8332786171034331,0.5721002083009874,2.7246115957767034,4.843362462447053,1,673
1.0199494518519312,0.9130359846462619,1.4902968916692982,0.3854101769320479,-1.162895316247801,0.9618958986902391,-0.8183524620850697,-2.721565707878608,-0.41652790888431446,1,674
0.9415317186095423,-0.26432148874017936,0.8515763202461846,-1.8033172536887192,1.2802152727174614,2.3517718389720548,-0.13351212288434067,-0.2787779648748179,-0.7376404774464893,0,675
2.9421086734815236,-1.5066128291433938,0.9197484789904266,-1.5122979916839956,-0.7134743181070387,0.824451800227485,0.20451600281122595,3.8896841886673448,-0.9130376875169257,0,676
-4.305932316776332,0.9626180540172147,-0.21860813248412103,-0.5639294797822884,0.4715840546290202,-0.5321293773977546,0.4655921753951986,-1.9777969005560103,-2.1242118087153656,0,677
-2.794000191437989,-1.111505380701124,-0.48984194200640596,-1.2503135829593135,-0.09547264428609868,-1.5736295710417973,-1.111778299134442,-0.34936877506868713,-2.4957333753846056,0,678
0.11144408792305227,-0.17860032943355417,-0.22856539112620938,0.033594633326849505,-0.0453416734600633,0.13568545345691707,0.15626624161949673,0.4028919461306506,-0.7677617954763845,1,679
-1.3456843870458508,0.019081627779767917,1.8534107978998284,-0.5243599556815834,0.4462018362894799,-0.3615773114433937,0.6866281919461598,0.7657568645901061,-2.9404616194949895,0,680
0.8429159892523961,-1.5423301975893506,0.7745828158224525,0.2744012050523572,-1.1242767035241603,-1.2365556001487341,-0.4848399241688649,-0.8231524419947964,-0.13066474797872363,0,681
-0.17675351499601738,-1.7644889696569042,-0.4657028346590745,-1.2300300759220195,1.7062193080253947,-1.6867577654495531,0.049197937810762565,1.749809255579048,-1.0367891281128192,1,682
0.21951998509727932,0.3878877170798863,-1.5339193555362345,-0.5836604573054179,0.15206265915339834,-1.4053404471049296,-0.19464136458099254,-0.8317295965786193,-1.8389256111718846,1,683
0.36975437908859615,-0.8527621652336447,1.7670244943958617,0.5624237301311782,-1.0642447119332241,-2.3686912068521586,0.49537981532848707,-0.5550490097748433,-0.4445253784594967,0,684
1.2799128619919864,-1.5396594189528883,0.05591207498653649,-2.0568862634215748,1.9815502500489357,-0.5100865767189783,0.5957994754163319,1.0857380085447073,1.3507973488529434,1,685
-1.9281874407449378,-1.7299056974267932,1.89532390895217,0.21452856949725146,-0.22668642870116967,0.13126887117150568,-0.3583879681773203,-1.4110714899752006,-0.754055743562692,0,686
0.9148864839185887,1.279083869442422,-0.25665453670229815,-0.5905041485967646,-0.5059029403923647,-0.7022495423631435,0.31981163479617813,0.14325486085858152,0.6382548386558328,1,687
2.040018446553344,0.2265053521152884,-1.995080466414733,-0.7874753048877546,0.46005434144644397,-2.060443037409089,0.25442645742672076,0.8445021834771834,-0.7466146060131575,0,688
1.8668085955083253,-0.8553469957392672,-0.613184333208273,0.08879182231780254,-0.695520715106446,0.05985632434587526,1.0553709578623531,3.444892358159396,-1.4787740554942888,0,689
-0.4562288074691395,0.48561258014951975,-1.922314187472833,0.027822885627764096,0.20776587899190344,1.6718358587443891,-1.6892409229827003,-0.8250750620605283,-1.4897776643229508,1,690
0.04233254207630246,-0.5962608845449534,-0.738425005943864,0.931730050970849,0.6689188763437223,-0.4797418952955623,0.5486115271211793,-1.4460883489409018,0.05791387951632543,1,691
2.156207991983115,1.2254705453144694,-1.8155416295253364,-0.18340998729204272,0.5369756969437411,1.1315784515395242,-0.3008720453915249,2.2284280370017004,-1.005670806090443,0,692
2.05821757485583,1.0841610169548659,1.3336697411479546,-0.5625517736187337,0.3368112723874649,-0.7645469051075113,1.9659458520065505,0.6415653452691503,-0.7592431976853034,1,693
-0.08246957234157025,0.3466063404724999,-2.558876230187336,-0.5611180472569117,-0.5336812998656861,-1.3069854591359271,-0.6330354005616816,-0.5675871965645911,-1.4113324284247075,1,694
0.7424676366618042,-0.9038053784355484,1.2995884776652062,0.18683347276095172,0.03729407982066182,0.12704269201489998,0.6617287350215968,1.5743770954286536,1.009175558388867,1,695
4.559819094519608,1.7660503040522881,0.9958934155892449,2.786049937813325,0.1596082474008315,0.39015394001345316,0.6034780416679837,1.6397316469588783,1.2472046784576958,0,696
0.7434182696744508,0.2015801141995924,-0.5673638056071065,0.09885944501101958,0.6366701536958324,0.4146253992672834,-0.44340967321854846,1.182973517920351,-1.3361249562352189,0,697
3.3618115161915103,0.2331795237948585,-1.2015881881405177,1.013445759883764,0.4531636040605758,-1.1647993973691224,-0.8306215805446449,0.4553210284306173,1.4595089743489935,0,698
0.4171772712913516,1.2297551305579804,2.437242575924219,0.10525970102333389,-1.7091635551904558,0.26390311721875853,0.7600229424410341,-0.49259899577879174,-0.4513920278932426,0,699
-0.31298633125099695,0.19376457864482052,-1.9094710179012568,-0.19155715846824467,0.6883869307128097,0.21861148653470555,0.9623165788801443,0.5716830145244995,-2.0445952029216823,0,700
2.7475853094678464,-0.3398450418443653,0.22441720794411618,-0.8844928186606991,0.5017911677776411,-0.23370501170845875,0.6868752232028936,1.7983839818718945,0.5167173960267901,0,701
0.7171373753561066,-0.6374565243176132,1.6045279277362938,0.8084111769326973,0.7364137445360135,-1.3355690197014454,-1.5388892570785884,-0.8448514553344135,2.232805211904827,1,702
2.124647227016413,0.1616789110029908,0.5082764311900971,-1.6158441299088375,1.3438214295481254,0.9404565783741969,-0.3796535890915712,-0.16558707628611447,-0.2705341092927952,1,703
4.407573121760663,0.4367325555648351,0.9679737442743352,0.40120716348299545,0.9358688292198426,-0.2230698117907077,0.21559968370586682,1.1998603474784484,1.0696216250450292,0,704
1.9979119807065358,-2.1670900615257573,-1.6159763337170558,-0.9106425200879945,-0.8685964306357081,1.224389286802904,-0.3710567148003856,1.7724861423311988,2.712257145675,1,705
1.8163983606887537,-0.591301446696538,-0.11676399778157646,0.5970725610113587,-1.5796274525551757,-0.31441478336677503,0.622932269811964,-0.9297831376960999,-0.03645762340068104,0,706
0.12271155555629613,0.740300328761527,2.1175194017310353,0.8803754230545767,-1.5966516602507685,-1.138946872057132,1.2724006274490574,0.10198431846321698,-0.846131334245377,0,707
-1.307076897159221,-0.4338065870878184,0.16367176222971988,-1.8301064887175909,-0.3028848778801811,-1.0532733006201687,0.14621135589758608,-0.877068243357882,-1.0220785633490093,0,708
-0.5486665526323059,0.38547307045695217,-0.5871541590312039,0.41298056552504697,-0.5321724562434457,0.38934239421973693,0.6196889216121123,-0.4718557156318868,-1.7409375136691585,0,709
0.017094048227520368,-0.050065358230497604,-2.8226349582445267,-0.2188859236561664,-0.28280999504254634,-1.504246671044821,0.1701120016542962,-0.10526917848466644,1.0304275429753178,1,710
3.643523442208272,-0.982166950484931,0.2099792807577828,-0.40349579406262814,0.5556268227948727,-1.7517559167898828,-0.6694881650021808,3.3445725435501705,-1.0358336265852521,0,711
-1.1136512296786032,-0.7695934645023071,0.6029641034412616,0.3260443763658592,0.7951868616415204,-0.2169149904265378,-0.37827654457740845,1.0968572054396726,-1.8643167680918578,0,712
-3.5109058218078637,-0.14147620346559694,-1.6785011885482375,0.049643763567519095,-1.2650189283134636,-0.16364583881502875,-0.610764907132292,-1.5014130494893272,-2.396411319886627,1,713
4.341803764475767,-0.2506906561965594,-2.4047437965298086,0.39034874889595167,0.015914963050670444,0.3907213759231011,1.4457181121423268,-1.7368395865367352,0.2596700501421747,1,714
0.5152524042231472,-0.4248990892028066,0.6321209472278112,1.0580223881158126,-0.6227475600019066,-0.4506790164977329,-1.1766718290700633,0.9195320648814325,-1.5451481973703252,0,715
-3.2764911358916518,-0.27388411317441996,0.3892569214267273,1.7211691287592639,0.4365091319200617,-1.877623650223818,-0.9396853161813038,-1.7421371645309618,-1.6110036205064873,0,716
2.0879169687845502,-1.754788742122387,0.41971082035867624,0.11965930451893353,-0.039236473698743904,-0.10213305824070133,-1.9308529392530067,3.9196855971229043,-0.8682126756049392,0,717
2.593711941209421,0.008194834196739996,-0.6155158499936345,-0.7929475029860962,-0.28943619064809273,0.20742058496143312,0.38135158115491613,2.103638780939934,-0.5677736974873537,0,718
-3.453225750563609,-0.27401631381909686,0.933992223153786,-0.5576555790986524,0.5245174345941758,0.4518975861164713,0.5584845207792332,-1.7538710210332162,-2.291771233980852,1,719
0.7386156485566673,-0.06007919289668886,-0.7529053954279397,0.864948838011637,0.5660715573099809,-3.017646892747387,0.13178915821133652,3.1410452797982917,0.6038162097885722,1,720
-1.9313319088075809,1.1628776937471557,1.5330688258513046,0.424359439923299,-0.06545397842217143,1.5335008409803093,-0.13149181198922538,0.2362249549177562,-1.7843244606269943,0,721
-2.2441217600674395,0.9811391535716844,0.787588473361118,0.4213270695156009,-0.11584627234825319,0.32000702692797406,1.1937736582635834,0.056393508833227246,-1.434037732847401,1,722
1.4539863965092945,0.3583866131281748,-1.3598560244719025,-0.11806975592214562,-0.09033230551015822,0.11620171909580941,-0.10620869171899912,2.416430336827389,-0.9326166874729529,0,723
0.6314456311200535,-0.31731233288599753,1.6998330137637852,-0.3863782404371979,3.4896476094098703,0.11837588533238683,-0.44500348253773475,-0.5577852134746832,-0.9961397156031696,1,724
1.2708208849445324,-0.49611677818152405,1.2372216428843834,-1.6039617514266094,-0.9012642255798817,-0.1791091508538055,1.7598129231736774,1.564386556799112,-0.344316568238376,0,725
1.0857209108162682,-0.4598978426552452,0.7017100579770927,0.13197000194557526,-0.6836857150290852,1.6770591752971125,1.2091462860902116,1.0461590456610534,1.708801108872562,1,726
-4.416416503138054,1.2362351239265392,-1.4376025361115554,0.11143233272431155,-0.4630462600250518,1.1868537905048748,-0.8083195385975238,-1.6580416000467195,-2.445341231722561,1,727
2.773056758651633,-1.0651560140953598,0.020562470429827465,0.8271023817633405,-0.4634175711160962,-1.1652002870532356,-1.4577913880148494,1.3062768852509818,4.490632851405556,1,728
-0.531649437286758,-1.5256179282982496,0.6372914550139895,-0.009698662182608321,1.1541362365280234,0.20838231251962103,-0.1402830333573683,1.1432900694727812,-2.0563570354434013,0,729
-1.247729037552953,-1.651281423623733,-0.7103324902148916,0.5925337195872442,0.39223067555456603,-0.266613013279537,-0.9013697148422457,-2.227083597325228,-1.6083418748459426,0,730
3.4889949010989243,-0.49958264031183874,1.3309985491296976,-0.1873083616080402,0.40884321181450367,0.1476381003869167,-0.669755299789947,3.9156631901705583,-0.6987618752405063,0,731
1.502410906322505,-1.0935322864596728,0.825954155620064,-0.3413098462098483,-1.1252648898076598,-0.9079457135226163,-0.8344287335176475,1.8290639360795378,-1.1203231895021752,0,732
1.831449072567877,0.3923182190045338,-3.2268996247805846,1.1827773704720832,-1.8536912317696805,-0.27707588805595107,-2.1934751053849944,-3.117079437273887,-0.5218772763362349,1,733
-2.138092204543433,0.9520165453293079,0.716309850566015,-0.12245281353774572,0.32870639862509166,1.0054503350780786,-0.17401311532615715,0.6621597412473659,-2.2150775543965446,0,734
3.1488669121371142,0.633646964071388,0.348933827351114,0.23341546110730832,-0.3888097854593733,0.685124338415306,1.1621910526525827,2.3245963505498928,-0.5886411367819857,0,735
2.635599349316601,-0.3712793295240842,-0.2201821140414023,-0.5730309262122213,0.7302497537329499,-0.4457517579301611,-2.4856638015710706,2.4872815909819552,1.851428943678267,1,736
1.4396066091923507,-1.603116255930204,0.22894021516454804,-1.2851214985646229,0.4195504419139125,-0.8604962743954631,-2.2677245681350446,1.1709021818159575,-0.1726082324072188,0,737
0.8250646046501534,0.3980947793532806,-1.2500735179709248,1.4883946776914283,0.6122400149069139,1.9938629392325948,0.2046684378900608,-0.5140059852391874,0.08669440799936412,0,738
0.34497142492721455,0.585071344384081,-0.05152943818644059,0.61162000111271,-0.8090726619424522,-0.017280136061296122,-1.090030495473646,1.1723350400269055,1.5253813772038982,1,739
0.7304607383605864,-0.2436243827114264,0.15374952880847811,0.758144889210677,-0.4082820135643562,-0.36775200351471965,-1.4296146739194613,0.3637773267563852,-0.1644713583984445,0,740
1.0383192483055266,-0.30647749211043135,0.08778119984983719,-0.14458871698605455,-1.293302819209767,-0.9315217286172649,0.17570894260456668,1.7961292827209066,1.4710802953959956,1,741
2.104124991206037,-1.5855620458659492,-0.24036503163270606,0.631016571988494,-0.8721145525081975,-0.4351422094022193,-0.16644600946993757,2.089245288279873,2.9102449828523196,1,742
1.4643622795411007,0.0813760320181998,0.8220420039289429,-1.1814784087351164,1.4584327034267779,-1.202483698581293,-0.580775133685619,0.12332132683799946,4.224313182669015,1,743
1.5658642971084755,0.13659151739839284,1.2933698874856707,0.22956261485596166,0.42193371217351033,-0.30044493773116476,-0.41908485198707596,0.09443537059974694,3.6631537512796553,1,744
1.3751066577947506,-0.6168485909917149,0.5917177267819871,-1.1011551411244234,0.5693741568237123,-0.1480215065346948,0.4401478606997584,1.3448479339412271,-0.002516601971045196,1,745
-2.911898159623072,0.6122418014477762,1.580727042398517,-0.9111795851435988,0.43373239402801883,1.3674390431630605,-0.9970911242653454,-1.2024565824241007,-2.5578327316989666,1,746
0.9112957287011646,-0.21367676886986164,1.980075233444019,-2.0208175845859473,0.6423655920501782,1.6735268417175928,0.08528406873324018,0.47838316800348457,-0.8994233681833601,0,747
-1.056942366935203,0.23086441012808764,0.4803243748750477,1.815577481595072,-0.25103712985722254,-0.8874093628011421,2.762684532731502,-0.6139030626685289,-3.0967098539358506,1,748
2.6393754192948666,-0.36382572554789916,0.5944456040041143,0.5122943105042589,-0.2829973472998606,-0.03517808877043451,-1.1892239849123798,-0.12792177687931816,2.8543748966296505,1,749
-2.7333307243757616,2.695488709469085,0.7456735234735848,-0.9496387450907569,0.07084639605228406,-0.1680809844048159,0.41025906898077413,-1.284184891239821,-0.9781537183550468,1,750
0.8943285889237046,-0.7287293926540226,1.2638538399101207,-0.8465118444436109,-1.0099542026761599,0.8055804745307268,-0.7329008084917776,1.7098244603911035,-0.8561544324046613,1,751
0.943656827835608,-0.8284169304503102,1.5925978553403537,0.17256174399088403,-0.7146757897840716,-0.0022127099597559416,0.03959881805213767,0.29750990724977955,-0.36360872253763876,0,752
0.9884034601494405,-1.9031432059736781,-0.5564847701387777,0.5404240025304289,-0.8650065001733912,-0.6238758718582349,1.1578468514595746,-0.3349778376526156,-0.7001845415077933,1,753
1.4385867599618545,-1.9631729098813249,2.09018482476606,1.1970945262589563,0.02468776388565832,-0.05358537531886059,-1.5704148248389855,0.23394918965058975,1.602553857256518,1,754
-0.2268668906550568,-0.15436407277388314,-0.2979113279980711,1.033628335487516,1.9448286415681042,-0.45257996994319016,0.16686524744165504,0.19523394188258847,-0.7835474043019247,0,755
0.6963351509968682,0.13573304258710203,-0.871689615568809,0.9289250606418465,-0.1982747167143214,0.06550326811934361,0.38075584574793275,0.7199286536054494,-0.12584599854170997,1,756
3.404937606807344,0.37377487490223954,0.5892001322325896,0.5587188371873778,-1.1576316809288614,-1.1147232559550084,0.41248446279151285,2.468921477338843,4.808053897076859,1,757
-1.277915114331622,0.8590014329706827,-0.3053886192040923,0.04984925184290562,1.0104418828265365,0.8461592627402833,-0.1501756513949002,0.6167769635912368,-1.3523111538498243,0,758
0.4508158914624999,0.8286601215177316,-1.3315082995544527,1.3775475229465746,0.804579635737642,-0.4985980356741741,0.5946985299808122,0.8489811232973898,-0.47767044704347605,1,759
-0.45632129232174207,-0.5760059204952394,0.04853913982263525,-0.1493467286627817,1.0841165459049067,0.36376990672783033,-0.40673138151517996,-1.7730678956347674,-0.9642600578786574,1,760
0.3231620403469906,1.1631935189613771,-1.0377048220344753,-0.5658235103536783,-0.030656105352437783,1.1221323222304762,0.5317973984806225,-0.0015764179009933876,1.2921913763215995,1,761
2.0440434260327796,-0.2416779645132709,1.3872502559667828,0.347518035905269,0.42250362649253753,0.5007483659768419,-0.018707495277022007,1.2099211953297875,0.009920226299608537,0,762
1.3999662811201747,-0.3384357848148192,0.4799969943350377,0.6961362419695681,1.4184025460365826,1.6625550811140222,0.5823769459527517,0.4489495878648293,-0.7627928962940942,0,763
-0.14908956358351266,0.003275907102981825,-1.1897906460157648,-0.8583881142065396,-0.1381681462798993,-0.28967445509489786,-1.9363692749310826,-1.5190321208411635,-0.5604388360589504,1,764
3.505994455286453,-1.7349756969458754,-0.3958303766699278,0.6440685429949569,2.7717896094916394,-0.8233695226135396,-1.1727683201250934,3.3872289743984196,-1.1285885188753686,0,765
0.874177813098291,0.7123352668133672,0.7961798949762342,0.581145557008673,-0.7567844187476908,0.2000006658316611,0.4803511621244526,1.1876545416371356,-1.220021369002549,0,766
2.233407621122911,0.6875477146212243,1.8042551370778928,1.0486407091206436,-1.1964282051012067,0.03082420442756455,-0.12116589280300478,0.07921712303206485,-1.1010902780373921,1,767
0.6115663836280051,-1.0464152361937116,-0.7168742707124743,0.7877455413114314,-0.37250949853380483,0.9327530959052602,1.0064833299902844,0.13857252445036616,2.0571542225533808,1,768
-1.2854472871334512,-0.3276186660655158,1.5348098061038578,0.7319641373943171,-2.0604769289335,-1.025275430669701,0.3021502374318582,-0.644386672453181,-1.1757370664171787,0,769
1.143459603862799,1.9390327007979793,-0.717904892909212,0.852680375827011,1.7092071543529632,2.3716035801677697,-0.8351576048625073,0.25247179410203724,-0.567721101172498,0,770
0.8428160397313186,-0.87996435202241,-0.8269805995836251,0.5117309642699077,0.16089420419906206,-1.581355226130057,-1.0049759150998872,1.3084562853788708,2.1788083561375964,1,771
-0.5458096649196096,0.8729328675754577,0.4334656500556399,2.4261928146830667,-2.0055761729197408,0.16924540481896463,0.7075423509341688,-0.011294483101240482,-1.8444612782841086,0,772
1.2327250379072459,-1.346743518518539,-2.3322385151963227,0.9384288575801846,-0.30853897128903923,0.672392969880875,-1.0393716059309797,0.8650749771843453,3.1396637023475775,1,773
-0.3271351072501836,1.269187258851191,-0.7184232396848437,0.2616184345462014,-0.1889605036664311,2.073014403003523,0.051051506743348046,1.5584984012792367,-1.5745474961257921,0,774
1.9305406531909735,2.585790627217978,1.9975000931796743,0.5142795326684824,-1.5660306160166126,-2.1906029164011374,-1.4095488804076082,2.9430435694209205,-0.8729325575637318,0,775
-0.23938045041522493,0.08358736538447735,0.5521186852449957,0.5973604797329994,-1.31649613930369,-1.7171401030675408,1.0673798415063,-1.0175380921209798,-0.3873977564593769,1,776
2.223346993241048,0.20238122708930897,-0.7858821230749681,0.2912191217622159,1.1197004005736249,0.14320219249638214,1.5600385988583547,2.637076847576192,-0.8312269510736334,0,777
-0.1584465256126159,0.11867908406769122,-0.008362111124060725,0.44051960638091603,-0.028551984535682258,0.4614248329585187,-1.3357566625066817,0.6754703041106662,-1.0234870383117027,0,778
1.5924910958633036,-0.6485571232886512,-0.21414387208946423,1.861373071318222,1.3454829678839195,-0.18280243240636734,-0.7806543998559737,2.473566492411683,1.1021756146668158,1,779
-1.9707449245251667,-0.47910709619691233,1.4896352833883448,-0.6966096841922437,1.5686021064379234,0.07419057067955154,-1.7121923601223947,-0.26160946029522203,-1.3305031362435347,1,780
1.6951863929704931,-0.7905992211312695,-0.0986221043341575,0.08568111164060456,0.43813657214145746,-1.5424162038886688,1.059638220644354,-0.6330213381497672,0.11949596372516003,1,781
1.2195377447961524,0.9648977191061778,-1.235791411506426,-0.2966016080228719,1.2424093078962049,-0.6607315058889722,0.5554461822029292,1.4776761009413097,-0.3940818660763852,1,782
-1.1357560960660464,2.1208329953340357,-1.2108740331176684,-0.27348423330496235,0.37493286844768214,-1.147490415073775,-0.5792779729461933,-2.5922701264490646,-2.288706607306924,1,783
-0.8499623170142069,-0.4948286054196252,-0.03235275367069412,-0.4731215046093557,-0.7628554421965549,0.03946058046410458,0.4026445114641222,-0.9235678382050476,-1.279973018884336,1,784
-0.8797555848678621,0.2398285379235732,0.22894024389627662,0.2035247552148713,0.42393231161354816,0.12952207826988577,-0.9507909185327753,-1.0775359115165262,-2.012277665894966,1,785
0.9278205858738722,0.02737247869320873,1.1822403898584486,0.3216893700802989,0.9837917519532065,0.5622889179004108,-1.970911088659686,-0.3387368591647162,0.8053711050582308,1,786
1.2513321395550598,-1.6742271490919693,0.16363376366879356,-0.20756156621926944,-0.030041156748162053,-0.2312742653625762,0.2039053513449041,1.7620986337737183,-0.8508981319464344,1,787
-0.061223334931490306,0.15514701868247027,-0.06276942449341091,0.3056502529768904,-0.852086884120294,-1.0752939033304105,2.192202440084336,1.6796897925798735,-1.2269520952090804,0,788
2.8909335491743664,1.1262461801557098,1.6982903924269561,0.648943606259271,-2.314456078778476,2.1356261011732305,-0.7394144316026904,2.544671969427023,-0.3938733847789079,0,789
0.3599196912432072,0.6968089911603528,-0.7377552468328822,1.6462309518099063,-1.9504122016574068,0.39792484671533296,-0.27457799975296243,1.4274051578754055,1.4867808230825046,1,790
-0.5910174842794201,0.3992694076141758,-0.6181114316735742,-0.5974382974725463,1.8103026100041621,0.4349370541780767,0.8630607812527138,2.508500680169577,-1.7181805748472558,1,791
1.6935290360109143,-0.6582142988421026,-0.5790616013392247,-1.1218809663342515,2.2578563002576475,0.34192161058930365,-2.4680677543056952,0.9291602088022636,1.7341986356138932,1,792
-2.22524922120937,0.471854888201497,0.931126277687839,-0.44352441480040034,-0.19238926433841047,0.7057838852040312,-0.5414589086036469,0.160045684550276,-1.6971655257566376,0,793
3.858428934394413,1.1656166491111606,-1.7035821602729582,-0.45059972468403203,0.5342853792078425,-0.7652711290778673,0.7267305457153483,3.112322364677022,0.4313740264049961,0,794
0.8478043387774561,-1.1331684958720607,1.1463660752968312,0.5762996530405098,-0.28638267017338714,1.6130357374638709,-0.9875027934694685,1.0612971838454524,0.9801349723048663,1,795
0.16071693042614624,0.06813255569934913,-0.45077237329337383,0.8660210649846025,1.1783948015767771,0.3290285458274665,-0.22980370331577363,2.3414858258251376,-2.0185810120528997,0,796
2.394079599379285,-0.6334436347708801,-0.5797575584004494,2.7231179876264315,-0.48579059640847966,-1.3526273662573858,0.5047506885713305,3.435940204202721,3.137968291932823,1,797
-0.3540766092830722,-1.2191858277651948,-0.6302828007794473,-0.10423797949803458,-1.7580551914371976,0.061908104029996795,0.8588947966598731,-0.5261269925036474,-0.8604025184832498,0,798
-1.092354471689606,-0.045501855380286525,0.3510524809546788,-0.7846753875705005,-1.9839966831469544,0.08910076670387657,-0.6670414757886871,-1.7685826846983845,-1.1877446609290447,0,799
-0.2708179581314133,-0.6478460484060938,-0.5893905948504429,-0.042484122542820496,-1.4895313533802972,0.05157908952637019,-0.2574086071849611,0.7354221004108026,-2.014225309233413,0,800
1.378644778784338,-0.19960467236367965,-0.10527061557930024,0.06283357291934077,-1.3043069235264135,1.0710204721128358,-0.0393812978951484,1.9291099383335988,2.949769474268628,1,801
-0.30774838681716943,0.057955168641172075,0.22054890689522208,-1.814447367262549,-0.7228276301385732,-0.976169018468538,-0.9602529244189619,0.2818107324385557,-0.430796675922941,1,802
5.4388899548012395,0.6953772364017292,0.16851340233342924,1.9127268503065222,0.3788336326894784,-0.00480518632728754,-0.12452242443886458,1.0005368560027,1.6767061978247395,0,803
1.1803641042343485,-0.7716545938719451,-1.8177453874985228,-0.5205491170534167,0.5415324964554455,0.9387431750565721,0.35203911000761784,-1.2985932991302338,-0.6335651732417038,1,804
0.4156120873779813,1.3404064201142178,1.418918071912684,0.8704491697413074,1.4590223482918887,0.05236289720326181,2.24392127550305,0.9442826654137658,-2.0614729952763686,0,805
-0.5432322931134147,0.31445082229065685,-0.3677023262177871,-0.6775924297784516,-0.46015096167640857,1.182594359069889,-1.3854093918181294,-0.9257885878173928,-0.9335217112458755,0,806
3.0413839843808006,-0.43807285678130725,1.606260380726673,-1.5821880508751418,-1.1404457867700528,-0.4310701409423293,1.4846904025987575,0.5103278047561174,0.3921495154363859,0,807
2.105273155704674,0.5825450545031773,0.9739051199932285,1.5798297187236197,2.0548546198131667,-1.2637690772205423,-0.5038392538876807,2.7604817071896104,-0.9802753384105776,0,808
2.4196715451730038,0.17727015250844574,-1.9175646190215117,0.10044449685978103,-0.6595915038863804,1.1439455703891357,0.06773039361612657,-1.4016666711584735,-0.06974869182081023,1,809
0.4439017392576623,0.8224323117726177,-0.15518063225233406,-0.6491461847589073,-2.4263175734587334,-0.23279200038544726,1.472137828165119,-0.22244454370791544,2.4336868715946967,1,810
-2.3260639554956737,0.25538336538533213,-0.5553682568228798,0.7543139687865577,-0.04104785170187289,0.862356164470016,1.3056463681161927,-0.5209608946548772,-1.7564429226493659,1,811
-0.08027834137176884,-0.20958776620291633,0.2545325897876385,0.07801307445558936,-1.0151475363744358,-0.4317485253908717,1.3417202887201152,-2.1803777425390822,0.1840813165979871,0,812
1.400456193708217,-0.19520278682916792,-0.18098586601432187,-0.7260572966372096,0.6234079739950275,-1.8430668148602856,0.13888752134537646,-0.603681293922421,-0.4825715850265624,1,813
-0.0909378561375441,-0.11083953719272857,0.04939734691538389,0.14983072858266516,-0.6900392859926178,0.07213805385166665,1.7691911692366638,1.0234601158396563,-1.3508876982700877,0,814
1.331945895222616,-1.0714193917120802,0.5320498384858374,1.9172103890413,0.7110339802617263,0.9267084730097143,-0.18590069517566735,-0.49868372553826157,-0.21591375360989906,1,815
-0.6139611001736593,-0.13451512782328243,0.5468017883385883,0.6051153345389434,1.4346987329613872,0.6601315794508399,0.8148253797881114,-2.06739556824494,-0.5617007446763569,1,816
2.6213331693083934,2.0361561863588413,-1.2743851344689174,-0.8395392371006696,0.8403568239355511,0.006964223441937532,2.188498986095991,2.224087378222479,-0.22909949442334876,0,817
3.4631074601425396,0.000857334245964511,0.9545795811061782,0.8521995130955184,0.3676972532248786,0.8793465470270937,2.8832112963376884,3.875486103142903,-0.6847045611842573,0,818
1.7805533733599654,0.7628086895732948,0.23136232434129073,-0.632468416310135,1.3768858861758493,0.4715284841752391,0.14740948232724443,2.162548173831146,2.403109466751759,1,819
-3.2418054177927007,-1.6235870856348387,-0.8394178106597179,-0.21865885725176532,0.11020687923412409,0.28950072246712927,1.6593293931145676,-2.455492473527756,-2.198438855841678,1,820
-0.7579229329082983,1.0637739837855764,0.3548738029360466,-0.9538890884133122,-0.8688460783184303,-0.34477744535889615,-1.5347873290951395,2.864678909845641,-3.659392696738311,0,821
3.0334761115061117,0.11458061710084447,-0.3673558087682479,1.0859828944453254,0.8190549384206998,0.9354573648487755,-1.6808950827464908,1.8205679184507182,-0.31772013008960664,0,822
0.8143256697127129,0.29542412700076187,1.1769793635484866,0.18571668936896457,-0.5767899634632523,1.5456737255866615,-1.0021039246304309,-0.24812646665288907,1.8103198183863456,1,823
1.3811787593162383,0.7481957843941472,-0.7482103149624749,0.1714097959035053,1.0357324669729413,-0.01835622419373694,0.31101507437819137,2.5836810903978327,2.5257748365877326,1,824
-0.9246990245805603,-0.16255961747506967,0.9819171632688918,0.19754862805014903,0.3882006135519562,-2.0510224885260975,0.2881655076420865,1.2392606025765227,-2.166719665435626,0,825
0.8936037150085177,-0.9464191472847515,-0.7337772828073789,1.2214235933919522,-0.9395844885947484,-0.18369396637659305,0.3082213115839805,0.7760324748281253,1.2559400774704286,1,826
-5.440821877256514,-0.1961002821171336,1.0690222891970598,0.5977706503364763,-0.7120374862077322,-0.039523846164824177,-0.1483321063012,-0.3881680976173565,-3.2045965423740226,1,827
1.2432741032401964,1.3847875073682903,1.4758096454363339,0.13342691465345427,0.15219377980108464,1.6149059259718217,0.9271029658316023,-0.36582010452202174,-1.404880493583953,1,828
-1.867118786608314,1.0077935711396466,-0.5775570245230115,-0.46754654788279687,-0.6366176209441123,-0.7071005858762134,-0.3057369316307639,-1.750473602393139,-1.9689585755307744,1,829
1.118578681356622,0.461230493586657,-1.974670894587108,0.2888649470196864,-0.7490792166512826,-0.4008739562549743,0.46245398612712674,-0.3808672261552162,-0.6607956358113176,0,830
3.1336772523528653,-0.36792921814495894,-0.7818138633588233,-1.1087815794105107,0.1213192322565576,-0.40111327126292945,-0.17437970740390066,1.5178459374335276,1.621293606795821,1,831
1.8821526137484708,1.2477122918598191,1.1825169176703132,0.6900583398086663,0.05806383002443512,-0.3545906325029812,0.2386000732661008,2.269527299311081,-0.6303047893735655,0,832
0.8524371223457108,1.6078543368082463,0.7039658051286266,0.9025329600753249,0.8088204022778498,-0.5280611130257374,0.6518648526930954,-0.2503446064594703,-0.2258844279104527,0,833
0.09159218393414995,1.1620077042712105,-1.2287452557521887,0.7823727702921633,0.03014639878201458,-0.4937275860582207,-0.6957191244670857,1.1658017982423992,-1.7470795549124518,0,834
-1.2205216923512356,-0.58634080130006,0.8485379473419877,-0.815576854438179,1.6040982221990354,-1.2779498853211977,2.1831148564321228,1.2985815657005788,-1.9311409072064945,0,835
-0.9540461963087888,0.620148780415464,-0.15857009234621902,-3.582062607487511,-0.4869763001880067,-0.8981693831521145,0.35502561793492887,0.9590515969631375,-2.59600596917158,0,836
1.1040144752673962,-0.7348037072103585,0.749013955074131,-1.6566925195595903,1.5493409267710596,-0.012413219525594604,0.6103736997252854,-0.11890252950691282,0.544816416432683,0,837
-0.24913156456596508,2.9622138644205442,-1.0828340625830453,-0.3303492465514715,1.4673820105354922,0.4395657746659394,0.17830995631569363,-1.457606940436217,-1.2732468039058145,1,838
0.7378026990669231,0.6322992097833006,0.3492255625444667,0.1264756754883747,-0.7186870441488834,-0.26041953315253874,-0.9083780929706866,2.015215101145462,0.5170327505834704,1,839
-0.27799216742843696,0.5292100439110343,-1.3177985324194006,-0.2955162932555183,0.6728948662991454,1.7590046180128887,0.25142160740464653,0.228946286318366,-1.2232496392518002,1,840
0.573621594051127,-1.8517647462704183,-1.0699425513951173,0.4266558105924761,-1.0515312335846951,-0.5462236844661061,-0.27215437763923833,1.5946126480661595,0.9025362791829421,1,841
0.2852766098092765,-0.875360361084797,0.9646017573036937,-0.45649729846836173,-0.7247684582454739,-1.7000197678102116,1.0197765271882882,0.40033656452721067,-1.5976004182632697,0,842
2.092418263902725,-0.7574307747527896,1.4237540753072795,-1.181286806672826,-0.5355570796987947,-1.7164831767444462,0.2853993767216869,3.5023445903542374,-1.0663838295420878,0,843
3.86191674221397,0.6472865640460312,0.10878336385396586,0.09119636937142765,-1.5387973771589996,-0.9057893786017872,1.299176580869636,2.4401426675908535,-0.11126771956252157,0,844
-3.0088520094359477,-1.2852227868542092,-1.2041147328955137,0.9617601815353501,0.5082865353556245,0.6041965491497002,-0.2236560706129202,1.0001040020619525,-2.104517604713321,0,845
1.182239247876782,-0.40720196174469764,1.07066002828769,0.06323765706912303,-1.4559855451036634,0.3302480893350243,-0.7634731228902925,-2.899224386159529,-0.43890181865676525,1,846
2.1644676560038487,-0.2850308482748619,-0.21768565950112867,0.6420255015353197,0.38427883498595106,0.14368044501773122,-0.36991046945714723,0.6015956759436651,-0.5379732557620853,0,847
-3.0304058274557986,-0.25579127846400995,1.1863432356827102,0.02973903095615486,0.8188063521069772,1.0125637066960274,-1.1165426433475378,-1.46640503735006,-1.2979873635488661,0,848
1.4932509032275538,-1.74637247962368,-0.29970559352785353,-0.38432522685877213,0.5253074625021505,0.299236461918441,-1.3344540811529162,2.329397092686793,0.4612826674853029,1,849
0.6337524974623656,-1.0782181701163007,-0.39998202782890996,0.3770902204267797,-1.030142265222829,-0.1511522866234305,-1.1246550393159365,-0.18591224623369085,-1.050388985891715,0,850
-1.2485372245028148,-1.9792058592406632,-0.154373534723929,-0.2689161946978014,-0.8609115305933583,1.0075806827627332,-0.5828867213760348,1.0522590339453988,-2.747271643178631,0,851
0.15569172482566832,-0.5874320142889945,0.4791972032760403,-1.1048695867855087,0.6656499905839105,0.32560568144342206,0.8165545175655982,0.9380099719443337,-1.5529884205995874,0,852
1.119542576444988,0.04624182501819926,-0.3167074442742699,-1.6901962176328014,-0.8772199858868932,0.00602113581669193,0.7888842075486421,-0.39157466822121423,1.7255809018232626,1,853
1.3815549016668458,-2.091651903364375,0.7682485771525434,1.85160907703945,-0.9408220741920305,1.056661949261027,0.9945909288357225,-0.31907727929635077,-0.4196487437146251,1,854
-1.8710728617871906,0.14376464310858494,1.315094010107804,-0.08471043286285353,1.284590718685139,-0.09387455497335931,0.17454305995310215,-0.13346280867270566,-1.713477242705233,0,855
-0.11262610817016366,0.6847193878884175,-0.05111726347663867,0.28587178537011604,1.4484116701223901,0.1309811291970358,-0.4110816176784839,-0.22501297097983142,-2.516648705324092,1,856
0.47372123108691244,-0.713501774997195,0.12766134984344943,0.376505680977427,1.3577845520580714,1.524284860747478,0.6187727395848064,-2.406644088219209,-0.035694433665986014,1,857
2.6430972607625525,0.639959690661533,0.5633730417648825,-1.0081774793848166,-0.7197869743492218,1.9470448084720287,0.000875586240620727,1.0269912014142388,-0.4485820351708415,0,858
1.063248344810438,0.05304078427044696,-0.6537544925778765,-0.1974999508686636,0.3838235638312694,-1.1199391370046168,0.93567437925074,-0.6563244774754367,0.2766521191206459,0,859
0.7734693895867515,0.877631471260267,0.5204017627353577,0.8164903425759307,0.1565737489967365,-0.86941543155261,-0.2073438265359958,-0.6864345478183576,-1.2552971187092634,1,860
4.493674383298562,-0.08974533601511399,-1.3113538919198857,1.2620904960258454,-1.8615435281616473,-1.392446526503188,0.14627904381135326,3.097760949445578,-0.4000466066390539,0,861
-0.3085534438802097,0.3734453554444396,-0.8498716714065278,0.968176152875425,0.1143834751359338,-0.7494624633831906,1.6584359070094896,0.18860322509944494,-2.091541010784486,1,862
1.616891132721614,2.0976951890053264,-0.31372872305984767,0.597303366831519,-0.25965240829469444,0.6543739593936179,1.686093154338994,2.352453188092249,0.8372553333815923,1,863
2.896844948581939,-0.0412437066390535,-1.2098121970579119,0.0021462821265419876,0.7544756997706997,0.6331686033160521,0.8336373968036918,0.43877996216159443,0.5916671513232648,0,864
1.671759082176708,-0.9445767199209086,1.283782608325773,0.6558839906913896,2.8536225827404498,0.2836172055050096,-0.49082647991404904,0.20479445426232668,-0.3710983589429254,0,865
1.0040268851241458,-0.0406130213206811,-0.26913555159124275,0.7163309842882809,-0.1502520240166568,-0.2726604402249168,-1.096199523567522,0.9552400100770242,1.79667256263898,1,866
0.6122697979855583,1.1572892423540369,-0.8668191285941451,-2.255520972331688,0.08316008339929655,-1.2749591283821455,-0.8274972855463505,-1.8971449229735797,-0.8135828714535277,1,867
2.3398903618184494,0.2537067194918132,0.9956590114287024,-0.8972549274981164,-1.6150318721278794,-1.062507575510301,-0.6781524611975589,2.10217636365374,-0.5537644087910023,0,868
-0.5582582985857155,-0.7602045787553829,-0.9426029620135037,-0.11516540618663129,-1.5680607594522489,-1.2172438936271344,1.146672268128483,0.26983235960380647,-1.354116218403695,0,869
-2.7923073238866682,-0.9182033728509937,0.810577920330005,0.640960799203096,0.9007077190419958,0.42108499021980617,-1.4561120964789676,3.0200430918932892,-4.258034389016135,0,870
0.7435492756993923,0.9681026637765426,0.734000384813558,0.3609860825370817,0.3610251451427553,-0.36278632753417217,0.5146715543882295,2.2572905953372278,-1.4508073089561948,0,871
2.5645070418668743,-2.2456704382724957,0.14494924020545913,1.5812719516191547,1.2079940398603866,-1.4112550051696995,0.7353411541977961,1.8745930043597365,-0.40846647227362176,0,872
3.7450868038815157,-1.5262789938349905,0.026507179375304425,-0.7637026591789572,0.44480299801957507,-0.1783749196082728,0.37722958659484596,4.619434659439328,-1.1113634968249435,0,873
-0.4963805330988106,-1.3360028924349279,-0.3684498753660277,-1.5241469070460152,0.010636268348681152,-0.21534868482827643,1.118183017150708,-0.33198134297397797,-1.501619008797157,0,874
-0.7707106334300974,-1.1445892753397762,1.7616702321368773,-0.46884760406182424,-0.1712833244641871,-0.9275101847098595,1.2484680394227587,0.890635574066335,-0.03295992107890644,1,875
-0.3985772939438543,1.2277999878516854,-0.8959958531697858,0.48809538137918235,-1.3599691901191746,-0.7498482103826004,0.09636924005999573,-1.397447417094201,-0.7734517857274867,0,876
1.841003619517627,-0.12865248500536386,1.2090877114727585,-0.3622729834926137,1.0952315559283752,-1.4030010670275401,1.709942050999601,0.9795181636652314,0.07630069755132918,0,877
2.029656836529937,-0.3863044984779063,0.26427057306180435,2.3919199321195173,-0.7744616439243102,2.0350091093347893,-1.0396339428247796,0.2798300608191612,-0.4025430620816357,0,878
0.1629135618855829,-1.24574245023367,1.2932994952412589,0.5225100702105113,1.9499750409961005,0.7160457490404942,-0.055733939893613596,-0.0296194060666779,-2.023426462314176,0,879
-0.777637996524578,1.0484848737045507,-0.5227749482165639,-0.9858104964754729,0.5027972945255774,0.9641787733834252,-0.5379748780811123,1.068300635992003,-1.9052682341735472,0,880
1.7152781017596823,0.9216763194775675,0.18152549674664747,0.7027366716094254,-0.8643615024257507,0.47448269625052647,-1.8312586378117337,-1.2194167379997898,-0.8750582950458665,1,881
0.9505760849753653,0.072073392136454,-2.363665540004127,0.7703739290740633,0.9956243422557726,-1.1079252261948622,-2.635838969513206,0.7972231088993801,-0.49307223002737033,0,882
0.9544536581575231,0.9618064725106198,1.0890990028474443,0.8209819347379005,-1.6837056253659834,-1.706063080598101,0.23993527772492584,-0.06153689501635462,1.4797123330769568,1,883
1.4924593239499542,-0.8400600355418061,1.4063704050164938,0.02725563236057936,-1.2254884792188265,0.39311465605803403,-2.22878826602625,3.534071789888155,-2.684483931282416,0,884
-0.9147099635610613,0.3399703595692396,0.10732488313411907,-1.0139041329929706,-0.33247325251159277,-0.8153172366678603,0.5309329863493768,1.393291527325681,-1.4944117208813141,0,885
1.2956594352595436,-1.5642049013469685,-0.5393857270815005,-0.18714880464091355,-0.7315402947263614,-0.6969760176435625,1.191955967642973,0.365300947257452,0.13580327438068607,1,886
0.0007840895067525395,-0.26586658568729793,0.24174080853257543,-0.0886676094941289,-0.967865426885087,-0.6520220031352797,0.26531887044821906,-1.629202931854841,0.2979707668625601,1,887
0.81830417726367,0.30908361745445717,-0.020797830532211254,1.0012430080932584,0.4143620841787884,0.6188848178650928,0.34122663269248427,0.2396357593371864,-0.25194864506600345,0,888
-1.65535688454761,-1.1660581185783363,-0.4742991658195739,2.403181925697177,-0.4331418994366355,-0.13217027117084984,-0.4516260887061294,0.9884398725956218,-2.238266924250622,0,889
2.089470708952237,-1.2842858184294499,0.07418561152216567,-1.0008194609836172,-0.0622404783240018,0.9886385221392621,-1.0501035694666678,3.209558433514278,2.527441672825608,1,890
0.05573293877041011,-0.22178520107839217,0.5407775189589799,1.7691980788774428,2.036872171795816,0.4891686338368704,-0.5324589840683974,-0.5825026174525463,-0.6133629057174774,1,891
-1.9205612956208955,1.2505572465103996,-1.5335006108119764,0.29402495961091474,-0.5935903593905646,-0.4290766509704266,-0.04104779063976698,-1.0283958965655815,-1.2386949042959634,0,892
1.209213015154502,0.042013229553474946,0.2480406428958048,0.4509728107517077,-0.41778944907906534,-0.10571802470109723,0.8691275372181938,0.889596757026264,1.0677505654585615,1,893
3.1514967140928096,0.3351754841006962,-2.0033398570094416,-0.2215735885909586,2.274240151211362,-0.10927651221839023,1.2463612158772228,1.1983143898734356,3.3739087381853166,1,894
2.475510626415528,-1.182815502304289,0.9680250758705841,0.08732870392164903,-0.8114815369845049,0.7840560382503569,-1.0293626899886377,2.725917016252519,-1.3220317763870515,0,895
1.3498672912592986,0.9575177776433257,2.112519290962802,-0.4749346222212478,-0.28518844674365934,0.49723315135786184,-0.03410720098954449,2.215534171851501,-1.2426555498930019,0,896
3.194321766576853,0.24988755816383004,1.7664572465375616,-0.29086517019067476,0.4806812642203949,-1.434816511346655,-0.3089937683704872,0.501695099304039,4.235768187108224,1,897
0.5081856295573112,-2.9029273219015455,0.004743359527588349,-0.6603292617513736,-0.45015491984272826,0.5877782278896485,1.4967567859904742,0.871439608625775,0.6707549821435927,1,898
-0.4535149670010358,0.6148309676776891,0.803060488658778,-0.6761490520517169,-1.4834659521057496,0.020123902995707287,-1.905416468015876,0.0844468365506803,-0.6855486519700531,0,899
1.7147698828788271,-2.79508706594192,0.28063736678268697,0.03870229475756321,-0.5089765283907035,-1.1088163212865454,-0.6653155109340871,2.571362326128945,2.1614990780507717,1,900
-0.9878750536960752,-0.6483411841439948,0.22806686765319084,-0.17513175563934363,-0.28507574290574894,-1.2515247542153443,0.33178803170960963,-1.8737371923611668,-1.0293148614779613,1,901
3.7146666079549635,1.054806433094623,-0.14698665016498094,0.21762810012285053,0.9992846402345082,0.12434358488113018,-1.6919612196875748,2.0186875539738933,5.685693349562585,1,902
0.3457644152626501,-0.39275061839707964,-0.08508516565102109,0.26697758987165904,-0.6994608735492777,1.1653523825521162,1.4442600468203788,0.6820391351014112,1.3159076914977863,1,903
1.6535593842709464,-0.33140110369626374,-0.12546053915217067,0.44839701652961467,-1.3372424159188452,1.864270367885672,-0.3846241760641808,-0.9428899730852243,2.8567520504173958,1,904
-1.3904980717741757,1.312084416107226,-0.8716021981573001,0.936102435196951,-0.5877659049711595,-0.966379093792069,0.7996116260562438,2.1214755069916613,-3.4264411137006974,0,905
-0.7755855239031652,-1.7181374903760358,0.6726257608719525,-1.202803194645333,1.7707056507337993,0.2910068624638142,1.8658445522852707,2.835011892955014,-3.6144504956318917,0,906
0.6793293759149478,-0.9798387725414921,-1.1017743629397738,0.6541280021710922,-0.014977773629630677,-0.4056883798062532,0.1215790005393817,1.7325498074306382,-2.3490584197369495,0,907
-5.69047803776563,-0.6022863546684106,-1.31394449670997,-0.5487163413482677,0.26454137610206696,1.7387983609508688,0.0529610899146122,-2.9906529085738804,-2.0742586856432372,0,908
-2.5990596423859618,1.2123844528897523,-0.9953495843461563,-2.0145375914856953,2.045893295523032,0.09802958244366852,-0.6638895056131663,-0.21603264143108603,-1.7379262437321077,1,909
-0.7129187525994852,0.5575038210338372,-0.4214865358515187,-0.08839991679407365,-3.2160571992571363,-0.3727422440286893,1.6527497035142258,-0.7773123761905303,-1.0767773763865292,0,910
-4.014040971824617,-1.4594948960263465,-1.469240580740372,0.7674391270011889,0.9520877708182744,-0.7955126936948659,0.16427876433428473,0.2596428999139677,-1.6561292100667004,1,911
-1.953042191507878,2.2494375841962904,0.5375853070438055,-0.9076135332330816,0.553001671903652,1.1986426089954636,-0.5478152367265949,0.7326806708876898,-2.9515925208446965,0,912
0.13859616215026432,-1.1923635582683558,-0.5774021922294386,-0.9289853160893053,0.41282137273314556,-1.0314745439107442,1.086308754436352,0.6291114988160669,-0.06987153852459227,1,913
3.3359299920137087,-0.059226168670772995,-0.3800719668924537,-0.07328787900357472,0.6084796813064874,-2.1169025919563484,-0.6937253088683843,3.528384330402834,-0.5534047158825623,0,914
5.491769315024727,0.6245823093172438,0.7062309747670698,-1.1010330858836441,0.22799116370906097,-0.12232338213274517,-0.7263593079771473,1.845734997990744,1.176980243252641,0,915
2.609025673239762,1.3221671462211262,0.27835816644536276,1.357461365683299,-0.8394815912727899,-0.15784202104008324,-0.349851743778128,3.619343976146881,-0.832277732976749,0,916
1.0978659411202563,1.1982760366446361,1.4844590928257,-0.01786658140108544,-1.3147734507194535,1.1604018292673417,-0.9556381846942431,1.6521722640761198,1.2766121343593966,1,917
-0.12627141762421196,0.6641168537444525,-0.8452490036570657,0.6102360060046633,-0.09622822848319072,1.9049998404102473,-1.091749429224336,-2.3121494830322002,-1.2769802330177857,1,918
0.3726294181390119,-0.0398309952839805,1.1566180339150134,1.3876308807840452,1.3747772889209522,-0.09058702138811366,-0.526629612896534,0.44796196430413326,-0.4428206899349989,0,919
1.0205415500710493,-0.20931661662150006,-0.026483628288828647,-0.9026885938220728,-2.2694978644974095,0.4901815174907414,0.9665442505206124,0.29302972741391053,-0.9884497858190286,0,920
-2.6595201810415205,-1.0492232500470189,0.48963126469015217,0.6845747250358474,0.9241815910239345,0.7139129656588621,0.10980735285693292,-0.1340101790522028,-1.5361510724737995,0,921
1.9793654841107196,0.0015439684122525292,-1.3435007298245198,2.2798454829745136,-0.1732214313517653,2.157714304437967,-0.05282173952757766,0.21293278500833546,-0.03803801486284941,1,922
-2.243844644611074,0.4056644571998912,-0.2642046303331693,-0.6064017622469376,-0.005267776652484927,1.6529956688486502,0.055201753795182745,1.274196335418185,-2.570552037005216,0,923
2.8484527638229746,1.1017396495445941,1.0006034085162683,-1.1053821813650617,0.1484502836510538,-1.155089775168019,-2.4933500484826845,2.4508075847935507,-0.756922908175137,0,924
-2.6022635045312903,-1.3689405567031943,0.3177217350129339,0.31812686237369603,-0.03964207789491337,0.5992716708727502,0.4253731067989882,-2.0814064094014313,-2.861189891594485,1,925
0.7353561497883195,0.9741233692959304,1.439293483835469,-0.4918194904828303,0.42489814990581537,-0.40553991406707834,-1.4845315419310572,-0.29447565687330646,-0.8619713536559055,1,926
2.597356420992582,-0.5644534338641158,-1.7114884853649401,-0.3973480319181113,0.3713818416034398,-1.439593607830217,-0.452448205783607,3.3361273034376566,3.0937617305818184,1,927
0.4830791916485691,-1.0632830097704935,-0.6970447013594224,0.29519306170841997,-0.4019864911361351,1.4917821634240598,-0.9441275564624203,3.3423439878385097,-2.1442139539787504,1,928
-1.3973248810735257,0.9665404149994133,-0.7351623100669669,1.4235909510202784,1.9420780101652007,0.6576336910076903,1.2818390285952945,-0.4117098309519618,-0.887568377765257,1,929
0.3708680283679309,0.35283364315261967,-0.19944371588805515,0.4561216587523888,0.43558791669183916,-1.9264549394595483,0.7695651437810074,0.15770059451015073,-1.2213272075551336,0,930
-0.6200343485753522,-2.136331711635984,-0.19162591565741793,0.4741348011830975,0.5921246247453483,-0.7860282744032339,-0.5643615535611595,0.7282426960666983,-0.09328361462368795,1,931
1.1668005208173884,-0.16171431618060486,-1.3664863206353663,0.06340351086049253,-1.3944165652589056,0.31805154817895986,-0.5507252822722143,0.12969302270950311,2.2973746571968716,1,932
0.44437139878356985,0.36101400468125744,-1.7929505772841936,-0.48653903455631425,0.4676162799442456,-1.2546344849838706,-1.5937258559551035,-1.513073716010782,-1.7813875186746997,1,933
2.5005281351484605,0.20946196973019687,-1.0401663052212893,-0.3985069178825137,1.0886147013193521,-0.11908614349605882,0.16306634388557767,1.0040812586670829,0.25349636020524624,0,934
-1.4758254208378783,1.5814637234833284,-0.7963266453295174,-0.30965981218568894,0.16781324467578934,0.39164023988893254,0.5102763111691205,-0.2212317638161041,-2.336268138772269,0,935
0.4477540832138148,-0.7790524043066904,0.22505788525793918,-0.34481513066729513,0.061162567850915076,-0.4764801304514311,1.2724965439077798,0.02407536137702504,1.5586663878645677,1,936
1.6306870159790094,0.33693433014405205,-1.3370751078878382,-1.266896712926594,1.2571027806551944,0.029268983904826695,-0.002212669470562166,4.022248545834543,-1.9784532120456544,0,937
0.066651560836813,1.6005625073699596,1.6286276978812413,-0.39478240919542645,0.1848397643603801,1.3763341586771942,0.5144760705317492,2.2792618437023195,0.7947492156580319,1,938
0.8016436602420592,-0.49657995373991737,-1.145577535434755,1.111386925431259,0.8997868507630178,-0.5744024706049964,-0.9434615786943489,-1.0100611016323255,-1.9366490827944565,1,939
0.6044954799710271,1.9484253341324134,-0.4489364500290821,-0.17976763432824605,-0.783084724834935,-0.17089419816686402,1.8871389599922743,0.757621584977173,-0.49738693894412644,1,940
1.057112438857597,0.14986709138777748,0.7121899185032764,0.010933013243189653,-0.22937568736475464,1.5756045591557335,0.10312183410805609,0.05337684912379004,-1.0714987473537885,0,941
0.8323037505976533,-0.2945776404999956,0.221567527608239,-0.36246763975942536,0.45918016733486333,-0.9134251263173027,0.3182655375602048,1.2206684546071869,0.35056668553997417,1,942
1.028442435248421,-0.2025229974690826,-0.4249357897375238,0.17453140834448458,-0.1317581881917793,-1.1584835618532354,-0.18083338439885233,1.311547257540393,2.7708494526258316,1,943
0.7835425498055419,-0.7330029191123658,0.04647866920478809,0.684842194105591,1.6311150974555833,-0.7781814783754998,-0.262907197874966,1.9627668945720569,1.5668110983800814,1,944
-0.3651418485773351,0.7576109369263103,0.1249671907916849,-0.8379335823697159,-1.2091481328792792,0.14941248492088846,0.35662961610160226,-0.1385098245088192,-1.8880416239667306,1,945
-1.9343704293824318,-0.6445529318909903,1.2694507234235926,0.2737919252862003,-0.3498704033229378,0.36783819339889656,-0.28720617978326923,-1.8387068805412334,-0.8016199842127152,0,946
2.271204092541597,2.1192403872289507,-1.1564116437728786,-1.3249160194224634,2.541341032030526,0.707586457485561,-0.6168326009771676,2.688753312474816,2.671687018033817,1,947
0.22005426735741215,0.29331618482047384,-0.5535253683535555,-0.4605755664742546,0.47882391000781277,-0.0643726160140594,1.2004904567737311,1.199321677262533,-0.9786864352556353,0,948
0.6999650556705663,-1.7959914814097162,-0.04025289842082823,-1.5833055896271162,-1.8917143889714996,-0.01631721234602282,1.022512793696016,1.259747633026364,-1.418007133055464,0,949
-0.8074208987058883,1.6178267235679804,1.4021818738013903,-0.8069782666399364,-0.5885949845622744,-0.9234649965579527,1.6859365539573317,-1.2384620434168856,0.5785272011148903,1,950
-1.70489209336621,-0.7997641277878986,0.72509972869941,1.7134380090505723,0.3037579491009266,0.8449059226217087,1.461242227246194,-1.740465938059447,-1.102410760968793,1,951
3.2107961026064022,0.6772085213501834,0.6098290776634929,-1.0795504116394292,-2.0796332822470394,-0.3768376794965604,1.2243816701175614,1.612500664891233,0.0010603045908841313,0,952
-0.66985931199205,-0.500496849844786,-1.7454406299209375,0.9395289721634184,0.40596549918302033,-1.7335702284214536,0.36251622528176697,-0.9279364670544603,-0.5049997563575898,0,953
3.051265027580146,-0.9717680577398935,0.3887483035904761,0.38746679276342133,0.4489761444216759,-0.10685870078910822,2.338650940554561,3.672305890758244,-1.093564559873136,0,954
5.586738400237328,-0.3497708355813571,0.45239448329036974,2.052488928796899,0.23027231325506942,1.2130147200800059,-0.5435821435468102,2.1267828731609537,0.8326910578572644,0,955
-1.1485184164605906,1.1548665470807686,0.48583442441219205,0.12817519067067903,-0.7991119245606367,1.3596767365019493,-0.46059347032672304,-1.1690358763614113,-0.9283078629942163,1,956
1.7018119346422504,-0.9038555419523367,-1.8699026829164123,1.3960213653814826,-0.9172026801316363,-1.9316239771768753,0.3176463690106352,1.267050275429721,-0.985717468062936,0,957
1.4492443071785335,0.3490980024055041,-1.3124236755267384,-0.5000386765492798,1.0524506316140432,-2.172729523202664,-2.5942091573068455,0.448589422818788,-0.4466984867524203,0,958
0.6538885316476762,-1.1264731247465576,-0.7207339871754307,-0.8638659663957002,-0.00727259499970656,1.7662398602994058,-0.48495442679826306,0.8050664572117224,-0.9699745092775801,0,959
2.215148865979577,0.5453894809246738,-0.21253102584369113,-0.2905034189769749,-0.707620536868777,-0.3856317609455195,0.15828602939857542,0.8073040985734943,1.1266803898452895,1,960
0.003832098221428551,-0.17458772422775815,-0.14736013475628804,1.0807204988869865,0.0314270093538459,-1.1429771408530993,1.1494092936662468,-1.0188023748026236,0.7621057797727001,1,961
0.1472610890638447,1.518322824567314,1.4433000101297884,0.5064552465077627,-1.8699272950480827,0.7381939592582714,0.8077257283550481,1.776710656865553,-1.3012535703052701,1,962
2.5650903345744873,0.0829205593095799,-0.7058790140602149,1.4822994861529117,0.3596491578821158,-1.290943250325217,0.04481819710016778,3.254941852410129,-0.3303207892011062,0,963
-2.9339367629468973,0.6973933261952787,-1.0806594295742495,-2.544075518734061,-1.2101819050972824,-0.9347231808085009,0.7164531930526367,-0.9461110846489487,-1.2531465074122823,1,964
-1.6520600513054369,-0.0361435972205378,0.7158715028435898,-1.562234856650264,0.170414268811586,-1.3065936064563095,-1.3592247772616144,-0.2861009953666849,-1.5416708459631594,1,965
-0.22032445270334708,-0.9793192052845511,2.6306150098518724,0.23006040438340009,0.728172749547217,0.10028972250703876,-0.05118484564042785,-0.8914916591258937,-1.3621425349664222,1,966
-0.3499251830396923,1.8791878850731307,0.48761536727790644,1.2107755219347964,1.0337971915140716,0.2922960126139994,-0.6072104429957799,-2.587041519427737,-1.2254366384428312,1,967
2.428276884117948,-1.1970856815502995,0.7125794466100616,1.3730423293848015,-0.17771586627014554,0.5737354822298656,0.4552082481016471,2.7444798821657175,-0.48729791874705397,0,968
0.45251725417030003,-1.4345623784678974,1.5172310250102452,-1.4442213202567409,-1.6309532132923052,-0.778582645746157,2.2057863526773973,-1.0899773610767252,-1.6064457977705358,1,969
-3.436248139302943,-0.3112221186347788,-1.4374872955071714,-0.6935685095180287,1.327990588183952,0.3584569662278545,1.003801889635533,-0.31226099574930954,-1.804741950059931,1,970
0.5388809567586978,-0.8323499145880878,-0.692585719910499,0.350350320805497,1.1089802385271026,-0.5364541150229348,-0.1786064354098913,-1.144660746164568,-0.8926437964782168,1,971
0.6749532296591614,0.8220617843060168,-1.291843267510811,-0.9260524618792649,0.6660248555449385,-0.4126901596808784,-1.3819773746726571,-1.0025121522155274,-1.068403750326305,1,972
1.1212777530872433,0.04580796853159671,0.37477975219280435,0.0687968783396897,0.23825483337234757,-2.053717795619064,1.265155500436636,1.3480774994144733,1.0369176132267581,1,973
-1.3083378570597985,0.11758168066188653,-0.5276851944169594,1.7344330917873865,0.25695743818394445,0.1343281002678751,-1.3400568903608094,-0.0255538487674416,-1.8829894537301048,0,974
1.996256316743213,1.3903331835321713,-0.032990302827250004,1.3158872670461172,-0.5173629891422328,-1.3025774789535371,0.30885264878715324,1.1512697387538022,-0.045569976971084336,0,975
-0.860909293515741,0.5206047181610041,-0.020839552771237623,0.2910519010263632,1.457223075065956,-0.6851858784105075,0.2682657095322018,0.5111693702417164,-0.9149890098836184,0,976
0.24675780097088781,1.2236068834576268,-0.11483242508622125,-0.4770057183213565,1.7616750951939786,0.7879312524960529,-0.33825664424707685,0.5470509566533652,0.3947508747249089,1,977
1.5794109650784933,-1.4135149731971948,1.7004292964590926,0.8955255374169739,-1.8574787826634034,0.5900047611044712,0.5011712644886682,0.3769897256715823,-0.23200337549263628,0,978
3.2621128333006744,-0.8813146623227437,1.2065874198042088,3.276399345113,-0.6196364239164643,0.21156483319424788,1.4072997065345885,0.5775837124741731,0.39572427178685365,0,979
0.851223201737088,1.7117597179837745,1.160727284317493,-0.9026132225242168,2.0676681056236244,0.6392930032654406,0.45492472806603235,1.7215477521283538,-0.7280802513552616,0,980
-2.780600965885058,-0.6977305159963834,-0.07187652958566514,1.4139851569978024,1.2931917687021603,-2.5617515620580185,0.6067846469543371,0.5663352699765507,-2.183397097341424,1,981
-0.05291202816995388,-1.012474370154391,-0.022409448398201484,-0.5350330846915701,0.6124001607980137,0.6201240509569362,0.20916981068875165,0.7248600500330438,-1.3355242602287016,1,982
-2.450844599945127,-0.0713906357151618,1.0313160619334916,-0.002662187982655652,0.7432521056230499,0.861166235982181,-1.742696701788964,-1.1791932339654874,-1.3984492388479923,1,983
0.3014056422692208,-0.34448676495407904,0.33010801011515206,-1.5764391935210893,0.6086563386341333,0.7470673189738315,-1.2831490454166907,-1.5424652454718104,-1.4948706067450983,1,984
0.9846314267537728,0.4935160352028783,0.9660407980573626,-0.13796309874315896,1.3573246619264427,0.5332736027835934,-1.648975837891303,0.44066417227491717,-1.3603116018066412,0,985
-0.2006744949959383,0.22021318514480237,-1.2929813522351876,0.6989758183447671,-0.22304411329846785,-1.7551658799899803,-1.0141980701800475,0.15708136799055494,-0.8583081806602972,1,986
-2.1857378340218525,-0.18893157166819427,-0.9534243008225031,0.28347847557650846,0.45190619763333684,0.42291916022725257,-0.03703718059913433,-0.7717541181384804,-1.246604010405867,0,987
1.943655957734635,1.0270458521777606,-1.6496129294336135,-0.6308209939074417,0.7360787560448773,-1.0045088309328236,0.11139085350495989,1.3518682174438066,3.015545176071092,1,988
1.7779793281463034,-1.3974846128304435,-1.2959800206477685,1.3784902221527298,-0.17762495864332084,0.6757518815092038,1.2931780855282224,1.302969333255981,2.7894082834142573,1,989
-2.000903968041412,-1.049949577930627,0.13313564624990556,0.15807289709124253,0.030439562394779483,-0.517622744420836,0.06725995952489733,-0.07477623191660765,-1.7206661568439112,0,990
0.2685789781725413,-0.14894729489972075,-1.084243753611709,0.5086578042798411,0.122732161638273,-3.5388577250697595,-0.7379585563250161,2.6541108164898786,-2.042513905979356,0,991
-0.8291217816014423,-1.4159131295368785,-0.8280271791876589,-1.371314176106123,0.7167056822387093,0.12596141487863907,0.8251837245533685,0.2548397066965955,-1.4620230814535216,1,992
0.7075973694010168,-0.97098486521569,1.1411994149084022,-0.6882235578279711,0.4859183394591162,-0.9065072854978103,1.1747976933816309,3.647354878510691,-2.1609530730205146,0,993
-2.4836612876310213,-1.1532776534114078,0.07336098816887582,0.3825408204950677,-0.7125546539848696,0.7665447517711645,0.8295492202251548,-1.8943378383835747,-2.361491809084539,1,994
-2.418157859473919,1.2650142340716974,0.5912147846166919,-0.6721816361734879,-1.6099032013436871,-0.8996776822830035,-1.2930104157562536,-0.8806350395246365,-1.3426869532885415,0,995
0.9300748605875265,-0.4329859088131957,-0.7976653690474433,-1.4518736168731694,1.4470703017347137,0.4040896142169139,0.5371272087373036,-1.1441461558588224,-0.0032546501893385704,1,996
0.09976237846731714,0.6998157231050156,0.07776746897252963,1.4216958832848487,0.6937519207067695,-0.1616799272144955,1.3498244592045914,-0.47450197266374605,0.24152790166734595,1,997
-1.2411281336640185,1.889307222378654,0.5302923590659434,0.7511211907804813,-1.4661391332916416,0.0327476475294002,1.4150080642858613,-1.557218286112128,-1.907142592887846,1,998
-0.30358026807299454,-0.6564589203020619,-1.8675639364387564,-0.00973016750834365,1.9852128188365519,1.8311470752546317,0.10324165869908546,2.452273427334778,1.2231210065558895,1,999
3.772885390797223,-1.7230162191325151,-0.3325731283349693,-0.7421464237843225,-0.5493628701120722,-0.0994724027795285,0.9205737054833188,-0.7779934005509141,0.06971136931359712,1,1000
